run_id,workflow_base,operation_id,proposal_id,action,join_key,tx_envelope_bytes,tx_payload_bytes,block_bytes,block_data_bytes,block_overhead_bytes,block_tx_count,block_shared_overhead_per_tx_bytes,logical_write_bytes_total,block_allocated_bytes,tx_overhead_vs_logical_bytes,block_allocated_overhead_vs_logical_bytes,tx_to_logical_ratio,block_allocated_to_logical_ratio
run_001,csr,csr-irs3-1772955692,csr-irs3-1772955692,certificate_registered,run_001|csr|certificate_registered|csr-irs3-1772955692,11372,11296,12341,11372,969,1,969.0,8850.0,12341.0,2522.0,3491.0,1.2849717514124295,1.3944632768361582
run_001,csr,csr-irs3-1772955692,csr-irs3-1772955692,csr_submitted,run_001|csr|csr_submitted|csr-irs3-1772955692,7520,7444,8488,7520,968,1,968.0,3434.0,8488.0,4086.0,5054.0,2.1898660454280723,2.4717530576587072
run_001,csr,csr-irs3-1772955692,csr-irs3-1772955692,csr_voted,run_001|csr|csr_voted|csr-irs3-1772955692,7776,7701,16534,15561,973,2,486.5,4368.0,8262.5,3408.0,3894.5,1.7802197802197801,1.8915979853479854
run_001,csr,csr-irs3-1772955692,csr-irs3-1772955692,signing_initiated,run_001|csr|signing_initiated|csr-irs3-1772955692,7866,7790,16339,15367,972,2,968.0,,8834.0,,,,
run_001,csr,csr-irs3-1772955692,csr-irs3-1772955692,threshold_reached,run_001|csr|threshold_reached|csr-irs3-1772955692,5783,5707,18340,17363,977,3,325.666667,,6108.666667,,,,
run_001,join,join-irs3-1772955804,join-irs3-1772955804,member_join_approved,run_001|join|member_join_approved|join-irs3-1772955804,10132,10057,11100,10132,968,1,968.0,1978.0,11100.0,8154.0,9122.0,5.122345803842265,5.6117290192113245
run_001,join,join-irs3-1772955804,join-irs3-1772955804,member_join_requested,run_001|join|member_join_requested|join-irs3-1772955804,7028,6952,7996,7028,968,1,968.0,2884.0,7996.0,4144.0,5112.0,2.436893203883495,2.7725381414701804
run_001,join,join-irs3-1772955804,join-irs3-1772955804,member_join_voted,run_001|join|member_join_voted|join-irs3-1772955804,7733,7658,16431,15459,972,2,486.0,3820.0,8219.0,3913.0,4399.0,2.0243455497382197,2.1515706806282724
run_001,removal,remove-irs3-member1-1772955757,remove-irs3-member1-1772955757,member_removal_proposed,run_001|removal|member_removal_proposed|remove-irs3-member1-1772955757,6595,6520,7563,6595,968,1,968.0,1276.0,7563.0,5319.0,6287.0,5.168495297805642,5.927115987460815
run_001,removal,remove-irs3-member1-1772955757,remove-irs3-member1-1772955757,member_removal_voted,run_001|removal|member_removal_voted|remove-irs3-member1-1772955757,7000,6924,14963,13990,973,2,486.5,2216.0,7486.5,4784.0,5270.5,3.1588447653429603,3.378384476534296
run_001,removal,remove-irs3-member1-1772955757,remove-irs3-member1-1772955757,member_removed,run_001|removal|member_removed|remove-irs3-member1-1772955757,9005,8931,18978,18004,974,2,487.0,1626.0,9492.0,7379.0,7866.0,5.538130381303813,5.837638376383764
run_001,revocation,revoke-irs3-1772955730,revoke-irs3-1772955730,certificate_revoked,run_001|revocation|certificate_revoked|revoke-irs3-1772955730,9412,9336,19790,18816,974,2,487.0,4498.0,9899.0,4914.0,5401.0,2.092485549132948,2.2007558915073364
run_001,revocation,revoke-irs3-1772955730,revoke-irs3-1772955730,revocation_proposed,run_001|revocation|revocation_proposed|revoke-irs3-1772955730,6162,6086,7130,6162,968,1,968.0,1214.0,7130.0,4948.0,5916.0,5.075782537067545,5.873146622734761
run_001,revocation,revoke-irs3-1772955730,revoke-irs3-1772955730,revocation_voted,run_001|revocation|revocation_voted|revoke-irs3-1772955730,6718,6643,14402,13429,973,2,486.5,2154.0,7204.5,4564.0,5050.5,3.118848653667595,3.344707520891365
run_002,csr,csr-irs3-1772955857,csr-irs3-1772955857,certificate_registered,run_002|csr|certificate_registered|csr-irs3-1772955857,11377,11302,12345,11377,968,1,968.0,8850.0,12345.0,2527.0,3495.0,1.2855367231638417,1.3949152542372882
run_002,csr,csr-irs3-1772955857,csr-irs3-1772955857,csr_submitted,run_002|csr|csr_submitted|csr-irs3-1772955857,7512,7436,8481,7512,969,1,969.0,3426.0,8481.0,4086.0,5055.0,2.192644483362522,2.4754816112084064
run_002,csr,csr-irs3-1772955857,csr-irs3-1772955857,csr_voted,run_002|csr|csr_voted|csr-irs3-1772955857,7783,7707,24317,23340,977,3,325.666667,4362.0,8108.666667,3421.0,3746.6666670000004,1.784273269142595,1.8589332111416783
run_002,csr,csr-irs3-1772955857,csr-irs3-1772955857,signing_initiated,run_002|csr|signing_initiated|csr-irs3-1772955857,7862,7786,16326,15353,973,2,968.0,,8830.0,,,,
run_002,csr,csr-irs3-1772955857,csr-irs3-1772955857,threshold_reached,run_002|csr|threshold_reached|csr-irs3-1772955857,5780,5705,18336,17359,977,3,325.666667,,6105.666667,,,,
run_002,join,join-irs3-1772955971,join-irs3-1772955971,member_join_approved,run_002|join|member_join_approved|join-irs3-1772955971,10171,10096,11141,10171,970,1,970.0,1978.0,11141.0,8193.0,9163.0,5.1420626895854395,5.632457027300303
run_002,join,join-irs3-1772955971,join-irs3-1772955971,member_join_requested,run_002|join|member_join_requested|join-irs3-1772955971,7175,7100,8146,7175,971,1,971.0,2884.0,8146.0,4291.0,5262.0,2.487864077669903,2.8245492371705962
run_002,join,join-irs3-1772955971,join-irs3-1772955971,member_join_voted,run_002|join|member_join_voted|join-irs3-1772955971,7774,7698,16515,15540,975,2,487.5,3818.0,8261.5,3956.0,4443.5,2.036144578313253,2.1638292299633317
run_002,removal,remove-irs3-member1-1772955922,remove-irs3-member1-1772955922,member_removal_proposed,run_002|removal|member_removal_proposed|remove-irs3-member1-1772955922,6741,6666,7709,6741,968,1,968.0,1276.0,7709.0,5465.0,6433.0,5.282915360501567,6.04153605015674
run_002,removal,remove-irs3-member1-1772955922,remove-irs3-member1-1772955922,member_removal_voted,run_002|removal|member_removal_voted|remove-irs3-member1-1772955922,7027,6951,15036,14063,973,2,486.5,2216.0,7513.5,4811.0,5297.5,3.171028880866426,3.390568592057762
run_002,removal,remove-irs3-member1-1772955922,remove-irs3-member1-1772955922,member_removed,run_002|removal|member_removed|remove-irs3-member1-1772955922,9044,8969,19063,18088,975,2,487.5,1626.0,9531.5,7418.0,7905.5,5.562115621156211,5.861931119311193
run_002,revocation,revoke-irs3-1772955896,revoke-irs3-1772955896,certificate_revoked,run_002|revocation|certificate_revoked|revoke-irs3-1772955896,9419,9344,19803,18829,974,2,487.0,4504.0,9906.0,4915.0,5402.0,2.0912522202486676,2.1993783303730017
run_002,revocation,revoke-irs3-1772955896,revoke-irs3-1772955896,revocation_proposed,run_002|revocation|revocation_proposed|revoke-irs3-1772955896,6159,6084,7128,6159,969,1,969.0,1214.0,7128.0,4945.0,5914.0,5.07331136738056,5.871499176276771
run_002,revocation,revoke-irs3-1772955896,revoke-irs3-1772955896,revocation_voted,run_002|revocation|revocation_voted|revoke-irs3-1772955896,6719,6644,21126,20148,978,3,326.0,2154.0,7045.0,4565.0,4891.0,3.1193129062209843,3.2706592386258126
run_003,csr,csr-irs3-1772956025,csr-irs3-1772956025,certificate_registered,run_003|csr|certificate_registered|csr-irs3-1772956025,11375,11300,12346,11375,971,1,971.0,8852.0,12346.0,2523.0,3494.0,1.285020334387709,1.394713059195662
run_003,csr,csr-irs3-1772956025,csr-irs3-1772956025,csr_submitted,run_003|csr|csr_submitted|csr-irs3-1772956025,7520,7445,8491,7520,971,1,971.0,3434.0,8491.0,4086.0,5057.0,2.1898660454280723,2.4726266744321492
run_003,csr,csr-irs3-1772956025,csr-irs3-1772956025,csr_voted,run_003|csr|csr_voted|csr-irs3-1772956025,7780,7704,16542,15568,974,2,487.0,4370.0,8267.0,3410.0,3897.0,1.7803203661327232,1.891762013729977
run_003,csr,csr-irs3-1772956025,csr-irs3-1772956025,signing_initiated,run_003|csr|signing_initiated|csr-irs3-1772956025,7869,7793,16347,15372,975,2,970.0,,8839.0,,,,
run_003,csr,csr-irs3-1772956025,csr-irs3-1772956025,threshold_reached,run_003|csr|threshold_reached|csr-irs3-1772956025,5783,5708,18347,17368,979,3,326.333333,,6109.333333,,,,
run_003,join,join-irs3-1772956137,join-irs3-1772956137,member_join_approved,run_003|join|member_join_approved|join-irs3-1772956137,10210,10135,11180,10210,970,1,970.0,1978.0,11180.0,8232.0,9202.0,5.161779575328615,5.6521739130434785
run_003,join,join-irs3-1772956137,join-irs3-1772956137,member_join_requested,run_003|join|member_join_requested|join-irs3-1772956137,7320,7245,8291,7320,971,1,971.0,2884.0,8291.0,4436.0,5407.0,2.5381414701803053,2.8748266296809986
run_003,join,join-irs3-1772956137,join-irs3-1772956137,member_join_voted,run_003|join|member_join_voted|join-irs3-1772956137,7812,7737,16593,15619,974,2,487.0,3820.0,8299.0,3992.0,4479.0,2.0450261780104713,2.1725130890052355
run_003,removal,remove-irs3-member1-1772956088,remove-irs3-member1-1772956088,member_removal_proposed,run_003|removal|member_removal_proposed|remove-irs3-member1-1772956088,6891,6815,7861,6891,970,1,970.0,1276.0,7861.0,5615.0,6585.0,5.400470219435737,6.160658307210031
run_003,removal,remove-irs3-member1-1772956088,remove-irs3-member1-1772956088,member_removal_voted,run_003|removal|member_removal_voted|remove-irs3-member1-1772956088,7076,7001,22201,21221,980,3,326.666667,2216.0,7402.666667,4860.0,5186.666667,3.193140794223827,3.340553550090253
run_003,removal,remove-irs3-member1-1772956088,remove-irs3-member1-1772956088,member_removed,run_003|removal|member_removed|remove-irs3-member1-1772956088,9086,9011,19140,18164,976,2,488.0,1626.0,9574.0,7460.0,7948.0,5.587945879458794,5.888068880688807
run_003,revocation,revoke-irs3-1772956061,revoke-irs3-1772956061,certificate_revoked,run_003|revocation|certificate_revoked|revoke-irs3-1772956061,9420,9345,19806,18831,975,2,487.5,4500.0,9907.5,4920.0,5407.5,2.0933333333333333,2.2016666666666667
run_003,revocation,revoke-irs3-1772956061,revoke-irs3-1772956061,revocation_proposed,run_003|revocation|revocation_proposed|revoke-irs3-1772956061,6162,6087,7132,6162,970,1,970.0,1214.0,7132.0,4948.0,5918.0,5.075782537067545,5.874794069192752
run_003,revocation,revoke-irs3-1772956061,revoke-irs3-1772956061,revocation_voted,run_003|revocation|revocation_voted|revoke-irs3-1772956061,6720,6645,21132,20153,979,3,326.333333,2154.0,7046.333333,4566.0,4892.333333,3.1197771587743732,3.27127824187558
run_004,csr,csr-irs3-1772956184,csr-irs3-1772956184,certificate_registered,run_004|csr|certificate_registered|csr-irs3-1772956184,11380,11305,12351,11380,971,1,971.0,8854.0,12351.0,2526.0,3497.0,1.2852947820194263,1.3949627287101876
run_004,csr,csr-irs3-1772956184,csr-irs3-1772956184,csr_submitted,run_004|csr|csr_submitted|csr-irs3-1772956184,7521,7446,8492,7521,971,1,971.0,3434.0,8492.0,4087.0,5058.0,2.1901572510192198,2.4729178800232963
run_004,csr,csr-irs3-1772956184,csr-irs3-1772956184,csr_voted,run_004|csr|csr_voted|csr-irs3-1772956184,7787,7712,24336,23356,980,3,326.666667,4370.0,8113.666667,3417.0,3743.6666670000004,1.7819221967963386,1.8566742945080092
run_004,csr,csr-irs3-1772956184,csr-irs3-1772956184,signing_initiated,run_004|csr|signing_initiated|csr-irs3-1772956184,7862,7786,16339,15364,975,2,971.0,,8833.0,,,,
run_004,csr,csr-irs3-1772956184,csr-irs3-1772956184,threshold_reached,run_004|csr|threshold_reached|csr-irs3-1772956184,5783,5707,18343,17364,979,3,326.333333,,6109.333333,,,,
run_004,join,join-irs3-1772956298,join-irs3-1772956298,member_join_approved,run_004|join|member_join_approved|join-irs3-1772956298,10249,10173,11219,10249,970,1,970.0,1978.0,11219.0,8271.0,9241.0,5.18149646107179,5.671890798786653
run_004,join,join-irs3-1772956298,join-irs3-1772956298,member_join_requested,run_004|join|member_join_requested|join-irs3-1772956298,7468,7392,8439,7468,971,1,971.0,2884.0,8439.0,4584.0,5555.0,2.589459084604716,2.926144244105409
run_004,join,join-irs3-1772956298,join-irs3-1772956298,member_join_voted,run_004|join|member_join_voted|join-irs3-1772956298,7852,7776,16669,15695,974,2,487.0,3820.0,8339.0,4032.0,4519.0,2.055497382198953,2.182984293193717
run_004,removal,remove-irs3-member1-1772956250,remove-irs3-member1-1772956250,member_removal_proposed,run_004|removal|member_removal_proposed|remove-irs3-member1-1772956250,7035,6959,8006,7035,971,1,971.0,1276.0,8006.0,5759.0,6730.0,5.513322884012539,6.274294670846395
run_004,removal,remove-irs3-member1-1772956250,remove-irs3-member1-1772956250,member_removal_voted,run_004|removal|member_removal_voted|remove-irs3-member1-1772956250,7109,7033,15196,14222,974,2,487.0,2216.0,7596.0,4893.0,5380.0,3.208032490974729,3.427797833935018
run_004,removal,remove-irs3-member1-1772956250,remove-irs3-member1-1772956250,member_removed,run_004|removal|member_removed|remove-irs3-member1-1772956250,9125,9049,19225,18249,976,2,488.0,1626.0,9613.0,7499.0,7987.0,5.611931119311193,5.912054120541206
run_004,revocation,revoke-irs3-1772956223,revoke-irs3-1772956223,certificate_revoked,run_004|revocation|certificate_revoked|revoke-irs3-1772956223,9420,9344,19808,18833,975,2,487.5,4502.0,9907.5,4918.0,5405.5,2.0924033762772103,2.2006885828520657
run_004,revocation,revoke-irs3-1772956223,revoke-irs3-1772956223,revocation_proposed,run_004|revocation|revocation_proposed|revoke-irs3-1772956223,6164,6088,7134,6164,970,1,970.0,1214.0,7134.0,4950.0,5920.0,5.077429983525535,5.8764415156507415
run_004,revocation,revoke-irs3-1772956223,revoke-irs3-1772956223,revocation_voted,run_004|revocation|revocation_voted|revoke-irs3-1772956223,6720,6644,21135,20155,980,3,326.666667,2154.0,7046.666667,4566.0,4892.666667,3.1197771587743732,3.271432993036212
run_005,csr,csr-irs3-1772956352,csr-irs3-1772956352,certificate_registered,run_005|csr|certificate_registered|csr-irs3-1772956352,11384,11309,12355,11384,971,1,971.0,8858.0,12355.0,2526.0,3497.0,1.2851659516820952,1.394784375705577
run_005,csr,csr-irs3-1772956352,csr-irs3-1772956352,csr_submitted,run_005|csr|csr_submitted|csr-irs3-1772956352,7520,7445,8491,7520,971,1,971.0,3430.0,8491.0,4090.0,5061.0,2.192419825072886,2.475510204081633
run_005,csr,csr-irs3-1772956352,csr-irs3-1772956352,csr_voted,run_005|csr|csr_voted|csr-irs3-1772956352,7787,7711,24331,23351,980,3,326.666667,4366.0,8113.666667,3421.0,3747.6666670000004,1.7835547411818597,1.858375324553367
run_005,csr,csr-irs3-1772956352,csr-irs3-1772956352,signing_initiated,run_005|csr|signing_initiated|csr-irs3-1772956352,7868,7792,16333,15359,974,2,970.0,,8838.0,,,,
run_005,csr,csr-irs3-1772956352,csr-irs3-1772956352,threshold_reached,run_005|csr|threshold_reached|csr-irs3-1772956352,5783,5707,18345,17366,979,3,326.333333,,6109.333333,,,,
run_005,join,join-irs3-1772956466,join-irs3-1772956466,member_join_approved,run_005|join|member_join_approved|join-irs3-1772956466,10286,10211,11257,10286,971,1,971.0,1978.0,11257.0,8308.0,9279.0,5.200202224469161,5.691102123356926
run_005,join,join-irs3-1772956466,join-irs3-1772956466,member_join_requested,run_005|join|member_join_requested|join-irs3-1772956466,7611,7536,8581,7611,970,1,970.0,2884.0,8581.0,4727.0,5697.0,2.6390429958391124,2.975381414701803
run_005,join,join-irs3-1772956466,join-irs3-1772956466,member_join_voted,run_005|join|member_join_voted|join-irs3-1772956466,7888,7812,16744,15770,974,2,487.0,3820.0,8375.0,4068.0,4555.0,2.0649214659685864,2.1924083769633507
run_005,removal,remove-irs3-member1-1772956417,remove-irs3-member1-1772956417,member_removal_proposed,run_005|removal|member_removal_proposed|remove-irs3-member1-1772956417,7181,7105,8152,7181,971,1,971.0,1276.0,8152.0,5905.0,6876.0,5.627742946708464,6.38871473354232
run_005,removal,remove-irs3-member1-1772956417,remove-irs3-member1-1772956417,member_removal_voted,run_005|removal|member_removal_voted|remove-irs3-member1-1772956417,7145,7069,15270,14295,975,2,487.5,2216.0,7632.5,4929.0,5416.5,3.2242779783393503,3.444268953068592
run_005,removal,remove-irs3-member1-1772956417,remove-irs3-member1-1772956417,member_removed,run_005|removal|member_removed|remove-irs3-member1-1772956417,9163,9088,19301,18325,976,2,488.0,1626.0,9651.0,7537.0,8025.0,5.6353013530135305,5.935424354243542
run_005,revocation,revoke-irs3-1772956391,revoke-irs3-1772956391,certificate_revoked,run_005|revocation|certificate_revoked|revoke-irs3-1772956391,9412,9336,19809,18833,976,2,488.0,4506.0,9900.0,4906.0,5394.0,2.0887705281846425,2.1970705725699067
run_005,revocation,revoke-irs3-1772956391,revoke-irs3-1772956391,revocation_proposed,run_005|revocation|revocation_proposed|revoke-irs3-1772956391,6164,6088,7134,6164,970,1,970.0,1214.0,7134.0,4950.0,5920.0,5.077429983525535,5.8764415156507415
run_005,revocation,revoke-irs3-1772956391,revoke-irs3-1772956391,revocation_voted,run_005|revocation|revocation_voted|revoke-irs3-1772956391,6720,6645,21137,20157,980,3,326.666667,2154.0,7046.666667,4566.0,4892.666667,3.1197771587743732,3.271432993036212
run_006,csr,csr-irs3-1772956514,csr-irs3-1772956514,certificate_registered,run_006|csr|certificate_registered|csr-irs3-1772956514,11377,11303,12347,11377,970,1,970.0,8848.0,12347.0,2529.0,3499.0,1.2858273056057865,1.3954566003616637
run_006,csr,csr-irs3-1772956514,csr-irs3-1772956514,csr_submitted,run_006|csr|csr_submitted|csr-irs3-1772956514,7522,7447,8492,7522,970,1,970.0,3434.0,8492.0,4088.0,5058.0,2.190448456610367,2.4729178800232963
run_006,csr,csr-irs3-1772956514,csr-irs3-1772956514,csr_voted,run_006|csr|csr_voted|csr-irs3-1772956514,7789,7713,24337,23358,979,3,326.333333,4370.0,8115.333333,3419.0,3745.3333329999996,1.7823798627002287,1.8570556826086955
run_006,csr,csr-irs3-1772956514,csr-irs3-1772956514,signing_initiated,run_006|csr|signing_initiated|csr-irs3-1772956514,7860,7784,16338,15363,975,2,970.0,,8830.0,,,,
run_006,csr,csr-irs3-1772956514,csr-irs3-1772956514,threshold_reached,run_006|csr|threshold_reached|csr-irs3-1772956514,5785,5709,18347,17367,980,3,326.666667,,6111.666667,,,,
run_006,join,join-irs3-1772956630,join-irs3-1772956630,member_join_approved,run_006|join|member_join_approved|join-irs3-1772956630,10325,10250,11295,10325,970,1,970.0,1978.0,11295.0,8347.0,9317.0,5.219919110212336,5.7103134479271995
run_006,join,join-irs3-1772956630,join-irs3-1772956630,member_join_requested,run_006|join|member_join_requested|join-irs3-1772956630,7755,7680,8726,7755,971,1,971.0,2884.0,8726.0,4871.0,5842.0,2.688973647711512,3.0256588072122055
run_006,join,join-irs3-1772956630,join-irs3-1772956630,member_join_voted,run_006|join|member_join_voted|join-irs3-1772956630,7925,7850,16819,15845,974,2,487.0,3820.0,8412.0,4105.0,4592.0,2.074607329842932,2.2020942408376962
run_006,removal,remove-irs3-member1-1772956579,remove-irs3-member1-1772956579,member_removal_proposed,run_006|removal|member_removal_proposed|remove-irs3-member1-1772956579,7324,7249,8294,7324,970,1,970.0,1276.0,8294.0,6048.0,7018.0,5.739811912225705,6.5
run_006,removal,remove-irs3-member1-1772956579,remove-irs3-member1-1772956579,member_removal_voted,run_006|removal|member_removal_voted|remove-irs3-member1-1772956579,7189,7114,15346,14372,974,2,487.0,2216.0,7676.0,4973.0,5460.0,3.24413357400722,3.463898916967509
run_006,removal,remove-irs3-member1-1772956579,remove-irs3-member1-1772956579,member_removed,run_006|removal|member_removed|remove-irs3-member1-1772956579,9198,9122,19364,18389,975,2,487.5,1626.0,9685.5,7572.0,8059.5,5.656826568265683,5.956642066420664
run_006,revocation,revoke-irs3-1772956553,revoke-irs3-1772956553,certificate_revoked,run_006|revocation|certificate_revoked|revoke-irs3-1772956553,9421,9345,19812,18836,976,2,488.0,4500.0,9909.0,4921.0,5409.0,2.0935555555555556,2.202
run_006,revocation,revoke-irs3-1772956553,revoke-irs3-1772956553,revocation_proposed,run_006|revocation|revocation_proposed|revoke-irs3-1772956553,6163,6088,7134,6163,971,1,971.0,1214.0,7134.0,4949.0,5920.0,5.076606260296541,5.8764415156507415
run_006,revocation,revoke-irs3-1772956553,revoke-irs3-1772956553,revocation_voted,run_006|revocation|revocation_voted|revoke-irs3-1772956553,6713,6637,14407,13433,974,2,487.0,2154.0,7200.0,4559.0,5046.0,3.11652739090065,3.3426183844011144
run_007,csr,csr-irs3-1772956676,csr-irs3-1772956676,certificate_registered,run_007|csr|certificate_registered|csr-irs3-1772956676,11379,11303,12350,11379,971,1,971.0,8852.0,12350.0,2527.0,3498.0,1.285472209670131,1.395164934478084
run_007,csr,csr-irs3-1772956676,csr-irs3-1772956676,csr_submitted,run_007|csr|csr_submitted|csr-irs3-1772956676,7522,7447,8493,7522,971,1,971.0,3434.0,8493.0,4088.0,5059.0,2.190448456610367,2.4732090856144437
run_007,csr,csr-irs3-1772956676,csr-irs3-1772956676,csr_voted,run_007|csr|csr_voted|csr-irs3-1772956676,7779,7703,16542,15567,975,2,487.5,4370.0,8266.5,3409.0,3896.5,1.780091533180778,1.8916475972540046
run_007,csr,csr-irs3-1772956676,csr-irs3-1772956676,signing_initiated,run_007|csr|signing_initiated|csr-irs3-1772956676,7870,7794,16345,15371,974,2,970.0,,8840.0,,,,
run_007,csr,csr-irs3-1772956676,csr-irs3-1772956676,threshold_reached,run_007|csr|threshold_reached|csr-irs3-1772956676,5784,5709,18347,17368,979,3,326.333333,,6110.333333,,,,
run_007,join,join-irs3-1772956788,join-irs3-1772956788,member_join_approved,run_007|join|member_join_approved|join-irs3-1772956788,10365,10289,11335,10365,970,1,970.0,1978.0,11335.0,8387.0,9357.0,5.240141557128412,5.730535894843276
run_007,join,join-irs3-1772956788,join-irs3-1772956788,member_join_requested,run_007|join|member_join_requested|join-irs3-1772956788,7901,7826,8871,7901,970,1,970.0,2884.0,8871.0,5017.0,5987.0,2.7395977808599166,3.0759361997226073
run_007,join,join-irs3-1772956788,join-irs3-1772956788,member_join_voted,run_007|join|member_join_voted|join-irs3-1772956788,7965,7889,16896,15922,974,2,487.0,3820.0,8452.0,4145.0,4632.0,2.0850785340314135,2.212565445026178
run_007,removal,remove-irs3-member1-1772956739,remove-irs3-member1-1772956739,member_removal_proposed,run_007|removal|member_removal_proposed|remove-irs3-member1-1772956739,7472,7397,8443,7472,971,1,971.0,1276.0,8443.0,6196.0,7167.0,5.855799373040752,6.616771159874608
run_007,removal,remove-irs3-member1-1772956739,remove-irs3-member1-1772956739,member_removal_voted,run_007|removal|member_removal_voted|remove-irs3-member1-1772956739,7230,7154,22658,21678,980,3,326.666667,2216.0,7556.666667,5014.0,5340.666667,3.262635379061372,3.410048134927798
run_007,removal,remove-irs3-member1-1772956739,remove-irs3-member1-1772956739,member_removed,run_007|removal|member_removed|remove-irs3-member1-1772956739,9229,9154,19443,18468,975,2,487.5,1626.0,9716.5,7603.0,8090.5,5.675891758917589,5.975707257072571
run_007,revocation,revoke-irs3-1772956712,revoke-irs3-1772956712,certificate_revoked,run_007|revocation|certificate_revoked|revoke-irs3-1772956712,9420,9345,19806,18831,975,2,487.5,4500.0,9907.5,4920.0,5407.5,2.0933333333333333,2.2016666666666667
run_007,revocation,revoke-irs3-1772956712,revoke-irs3-1772956712,revocation_proposed,run_007|revocation|revocation_proposed|revoke-irs3-1772956712,6165,6089,7136,6165,971,1,971.0,1214.0,7136.0,4951.0,5922.0,5.078253706754531,5.878088962108731
run_007,revocation,revoke-irs3-1772956712,revoke-irs3-1772956712,revocation_voted,run_007|revocation|revocation_voted|revoke-irs3-1772956712,6720,6644,21136,20156,980,3,326.666667,2152.0,7046.666667,4568.0,4894.666667,3.1226765799256504,3.2744733582713756
run_008,csr,csr-irs3-1772956833,csr-irs3-1772956833,certificate_registered,run_008|csr|certificate_registered|csr-irs3-1772956833,11380,11305,12350,11380,970,1,970.0,8854.0,12350.0,2526.0,3496.0,1.2852947820194263,1.3948497854077253
run_008,csr,csr-irs3-1772956833,csr-irs3-1772956833,csr_submitted,run_008|csr|csr_submitted|csr-irs3-1772956833,7524,7448,8494,7524,970,1,970.0,3434.0,8494.0,4090.0,5060.0,2.1910308677926618,2.4735002912055912
run_008,csr,csr-irs3-1772956833,csr-irs3-1772956833,csr_voted,run_008|csr|csr_voted|csr-irs3-1772956833,7788,7713,24337,23357,980,3,326.666667,4370.0,8114.666667,3418.0,3744.6666670000004,1.7821510297482837,1.8569031274599543
run_008,csr,csr-irs3-1772956833,csr-irs3-1772956833,signing_initiated,run_008|csr|signing_initiated|csr-irs3-1772956833,7869,7794,16339,15364,975,2,970.0,,8839.0,,,,
run_008,csr,csr-irs3-1772956833,csr-irs3-1772956833,threshold_reached,run_008|csr|threshold_reached|csr-irs3-1772956833,5784,5709,18344,17365,979,3,326.333333,,6110.333333,,,,
run_008,join,join-irs3-1772956944,join-irs3-1772956944,member_join_approved,run_008|join|member_join_approved|join-irs3-1772956944,10402,10326,11373,10402,971,1,971.0,1978.0,11373.0,8424.0,9395.0,5.258847320525784,5.749747219413549
run_008,join,join-irs3-1772956944,join-irs3-1772956944,member_join_requested,run_008|join|member_join_requested|join-irs3-1772956944,8045,7969,9016,8045,971,1,971.0,2884.0,9016.0,5161.0,6132.0,2.7895284327323164,3.1262135922330097
run_008,join,join-irs3-1772956944,join-irs3-1772956944,member_join_voted,run_008|join|member_join_voted|join-irs3-1772956944,8002,7927,16971,15997,974,2,487.0,3820.0,8489.0,4182.0,4669.0,2.094764397905759,2.2222513089005234
run_008,removal,remove-irs3-member1-1772956897,remove-irs3-member1-1772956897,member_removal_proposed,run_008|removal|member_removal_proposed|remove-irs3-member1-1772956897,7613,7537,8583,7613,970,1,970.0,1272.0,8583.0,6341.0,7311.0,5.985062893081761,6.747641509433962
run_008,removal,remove-irs3-member1-1772956897,remove-irs3-member1-1772956897,member_removal_voted,run_008|removal|member_removal_voted|remove-irs3-member1-1772956897,7266,7190,15496,14521,975,2,487.5,2212.0,7753.5,5054.0,5541.5,3.2848101265822787,3.5051989150090415
run_008,removal,remove-irs3-member1-1772956897,remove-irs3-member1-1772956897,member_removed,run_008|removal|member_removed|remove-irs3-member1-1772956897,9273,9197,19515,18539,976,2,488.0,1626.0,9761.0,7647.0,8135.0,5.702952029520295,6.003075030750307
run_008,revocation,revoke-irs3-1772956870,revoke-irs3-1772956870,certificate_revoked,run_008|revocation|certificate_revoked|revoke-irs3-1772956870,9420,9344,19809,18834,975,2,487.5,4502.0,9907.5,4918.0,5405.5,2.0924033762772103,2.2006885828520657
run_008,revocation,revoke-irs3-1772956870,revoke-irs3-1772956870,revocation_proposed,run_008|revocation|revocation_proposed|revoke-irs3-1772956870,6166,6090,7136,6166,970,1,970.0,1214.0,7136.0,4952.0,5922.0,5.079077429983526,5.878088962108731
run_008,revocation,revoke-irs3-1772956870,revoke-irs3-1772956870,revocation_voted,run_008|revocation|revocation_voted|revoke-irs3-1772956870,6723,6647,14412,13437,975,2,487.5,2152.0,7210.5,4571.0,5058.5,3.1240706319702602,3.3506040892193307
run_009,csr,csr-irs3-1772956991,csr-irs3-1772956991,certificate_registered,run_009|csr|certificate_registered|csr-irs3-1772956991,11375,11299,12345,11375,970,1,970.0,8846.0,12345.0,2529.0,3499.0,1.2858919285552792,1.3955460094958174
run_009,csr,csr-irs3-1772956991,csr-irs3-1772956991,csr_submitted,run_009|csr|csr_submitted|csr-irs3-1772956991,7514,7438,8485,7514,971,1,971.0,3426.0,8485.0,4088.0,5059.0,2.1932282545242265,2.4766491535318154
run_009,csr,csr-irs3-1772956991,csr-irs3-1772956991,csr_voted,run_009|csr|csr_voted|csr-irs3-1772956991,7783,7708,24323,23343,980,3,326.666667,4362.0,8109.666667,3421.0,3747.6666670000004,1.784273269142595,1.8591624637780835
run_009,csr,csr-irs3-1772956991,csr-irs3-1772956991,signing_initiated,run_009|csr|signing_initiated|csr-irs3-1772956991,7858,7782,16331,15357,974,2,971.0,,8829.0,,,,
run_009,csr,csr-irs3-1772956991,csr-irs3-1772956991,threshold_reached,run_009|csr|threshold_reached|csr-irs3-1772956991,5783,5708,18347,17367,980,3,326.666667,,6109.666667,,,,
run_009,join,join-irs3-1772957106,join-irs3-1772957106,member_join_approved,run_009|join|member_join_approved|join-irs3-1772957106,10438,10362,11408,10438,970,1,970.0,1978.0,11408.0,8460.0,9430.0,5.2770475227502525,5.767441860465116
run_009,join,join-irs3-1772957106,join-irs3-1772957106,member_join_requested,run_009|join|member_join_requested|join-irs3-1772957106,8191,8116,9162,8191,971,1,971.0,2884.0,9162.0,5307.0,6278.0,2.840152565880721,3.176837725381415
run_009,join,join-irs3-1772957106,join-irs3-1772957106,member_join_voted,run_009|join|member_join_voted|join-irs3-1772957106,8039,7964,17045,16071,974,2,487.0,3820.0,8526.0,4219.0,4706.0,2.1044502617801046,2.231937172774869
run_009,removal,remove-irs3-member1-1772957057,remove-irs3-member1-1772957057,member_removal_proposed,run_009|removal|member_removal_proposed|remove-irs3-member1-1772957057,7758,7683,8729,7758,971,1,971.0,1276.0,8729.0,6482.0,7453.0,6.079937304075235,6.840909090909091
run_009,removal,remove-irs3-member1-1772957057,remove-irs3-member1-1772957057,member_removal_voted,run_009|removal|member_removal_voted|remove-irs3-member1-1772957057,7297,7221,15574,14599,975,2,487.5,2216.0,7784.5,5081.0,5568.5,3.292870036101083,3.512861010830325
run_009,removal,remove-irs3-member1-1772957057,remove-irs3-member1-1772957057,member_removed,run_009|removal|member_removed|remove-irs3-member1-1772957057,9313,9238,19604,18628,976,2,488.0,1626.0,9801.0,7687.0,8175.0,5.727552275522755,6.027675276752768
run_009,revocation,revoke-irs3-1772957030,revoke-irs3-1772957030,certificate_revoked,run_009|revocation|certificate_revoked|revoke-irs3-1772957030,9418,9343,19806,18830,976,2,488.0,4502.0,9906.0,4916.0,5404.0,2.0919591292758772,2.2003553976010664
run_009,revocation,revoke-irs3-1772957030,revoke-irs3-1772957030,revocation_proposed,run_009|revocation|revocation_proposed|revoke-irs3-1772957030,6163,6087,7133,6163,970,1,970.0,1210.0,7133.0,4953.0,5923.0,5.093388429752066,5.895041322314049
run_009,revocation,revoke-irs3-1772957030,revoke-irs3-1772957030,revocation_voted,run_009|revocation|revocation_voted|revoke-irs3-1772957030,6718,6643,21127,20148,979,3,326.333333,2148.0,7044.333333,4570.0,4896.333333,3.12756052141527,3.279484791899441
run_010,csr,csr-irs3-1772957153,csr-irs3-1772957153,certificate_registered,run_010|csr|certificate_registered|csr-irs3-1772957153,11380,11304,12350,11380,970,1,970.0,8854.0,12350.0,2526.0,3496.0,1.2852947820194263,1.3948497854077253
run_010,csr,csr-irs3-1772957153,csr-irs3-1772957153,csr_submitted,run_010|csr|csr_submitted|csr-irs3-1772957153,7520,7445,8490,7520,970,1,970.0,3434.0,8490.0,4086.0,5056.0,2.1898660454280723,2.4723354688410017
run_010,csr,csr-irs3-1772957153,csr-irs3-1772957153,csr_voted,run_010|csr|csr_voted|csr-irs3-1772957153,7788,7712,24337,23358,979,3,326.333333,4370.0,8114.333333,3418.0,3744.3333329999996,1.7821510297482837,1.8568268496567504
run_010,csr,csr-irs3-1772957153,csr-irs3-1772957153,signing_initiated,run_010|csr|signing_initiated|csr-irs3-1772957153,7862,7787,16337,15363,974,2,970.0,,8832.0,,,,
run_010,csr,csr-irs3-1772957153,csr-irs3-1772957153,threshold_reached,run_010|csr|threshold_reached|csr-irs3-1772957153,5784,5708,18349,17370,979,3,326.333333,,6110.333333,,,,
run_010,join,join-irs3-1772957268,join-irs3-1772957268,member_join_approved,run_010|join|member_join_approved|join-irs3-1772957268,10476,10400,11447,10476,971,1,971.0,1978.0,11447.0,8498.0,9469.0,5.296258847320526,5.787158746208291
run_010,join,join-irs3-1772957268,join-irs3-1772957268,member_join_requested,run_010|join|member_join_requested|join-irs3-1772957268,8334,8258,9305,8334,971,1,971.0,2884.0,9305.0,5450.0,6421.0,2.8897364771151177,3.2264216366158114
run_010,join,join-irs3-1772957268,join-irs3-1772957268,member_join_voted,run_010|join|member_join_voted|join-irs3-1772957268,8078,8003,17125,16150,975,2,487.5,3820.0,8565.5,4258.0,4745.5,2.114659685863874,2.2422774869109947
run_010,removal,remove-irs3-member1-1772957219,remove-irs3-member1-1772957219,member_removal_proposed,run_010|removal|member_removal_proposed|remove-irs3-member1-1772957219,7903,7828,8874,7903,971,1,971.0,1276.0,8874.0,6627.0,7598.0,6.193573667711599,6.954545454545454
run_010,removal,remove-irs3-member1-1772957219,remove-irs3-member1-1772957219,member_removal_voted,run_010|removal|member_removal_voted|remove-irs3-member1-1772957219,7336,7260,15652,14677,975,2,487.5,2216.0,7823.5,5120.0,5607.5,3.3104693140794224,3.5304602888086642
run_010,removal,remove-irs3-member1-1772957219,remove-irs3-member1-1772957219,member_removed,run_010|removal|member_removed|remove-irs3-member1-1772957219,9352,9277,19680,18704,976,2,488.0,1626.0,9840.0,7726.0,8214.0,5.751537515375154,6.051660516605166
run_010,revocation,revoke-irs3-1772957192,revoke-irs3-1772957192,certificate_revoked,run_010|revocation|certificate_revoked|revoke-irs3-1772957192,9421,9345,19809,18834,975,2,487.5,4502.0,9908.5,4919.0,5406.5,2.0926254997778764,2.2009107063527322
run_010,revocation,revoke-irs3-1772957192,revoke-irs3-1772957192,revocation_proposed,run_010|revocation|revocation_proposed|revoke-irs3-1772957192,6163,6087,7133,6163,970,1,970.0,1214.0,7133.0,4949.0,5919.0,5.076606260296541,5.875617792421746
run_010,revocation,revoke-irs3-1772957192,revoke-irs3-1772957192,revocation_voted,run_010|revocation|revocation_voted|revoke-irs3-1772957192,6721,6646,21138,20158,980,3,326.666667,2154.0,7047.666667,4567.0,4893.666667,3.120241411327762,3.271897245589601
