run_id,workflow,workflow_tag,operation_id,proposal_id,epoch,stage_start,stage_end,ts_start,ts_end,path,volume_name,component,peer_store_root,peer_volume_bytes_before,peer_volume_bytes_after,peer_volume_delta_bytes,block_files_bytes_before,block_files_bytes_after,block_files_delta_bytes,block_index_bytes_before,block_index_bytes_after,block_index_delta_bytes,leveldb_data_bytes_before,leveldb_data_bytes_after,leveldb_data_delta_bytes,leveldb_wal_meta_bytes_before,leveldb_wal_meta_bytes_after,leveldb_wal_meta_delta_bytes,peer_store_other_bytes_before,peer_store_other_bytes_after,peer_store_other_delta_bytes
run_005,csr,csr_1772961625,csr-irs3-1772961625,csr-irs3-1772961625,,operation_start,csr_submit_done,2026-03-08T09:20:25.042386Z,2026-03-08T09:20:27.369348Z,/var/lib/docker/volumes,fabric_peer0.irs3.kit.edu,peer,/var/lib/docker/volumes/fabric_peer0.irs3.kit.edu/_data,29163731,29174407,10676,2508538,2516991,8453,73347,73647,300,0,0,0,491241,493129,1888,26090605,26090640,35
run_005,csr,csr_1772961625,csr-irs3-1772961625,csr-irs3-1772961625,,csr_submit_done,csr_voted,2026-03-08T09:20:27.369348Z,2026-03-08T09:20:29.643096871Z,/var/lib/docker/volumes,fabric_peer0.irs3.kit.edu,peer,/var/lib/docker/volumes/fabric_peer0.irs3.kit.edu/_data,29174407,29194178,19771,2516991,2533486,16495,73647,74075,428,0,0,0,493129,495942,2813,26090640,26090675,35
run_005,csr,csr_1772961625,csr-irs3-1772961625,csr-irs3-1772961625,,csr_voted,csr_approved,2026-03-08T09:20:29.643096871Z,2026-03-08T09:20:32.932931915Z,/var/lib/docker/volumes,fabric_peer0.irs3.kit.edu,peer,/var/lib/docker/volumes/fabric_peer0.irs3.kit.edu/_data,29194178,29214248,20070,2533486,2549775,16289,74075,74503,428,0,0,0,495942,499260,3318,26090675,26090710,35
run_005,csr,csr_1772961625,csr-irs3-1772961625,csr-irs3-1772961625,,csr_approved,cert_registered,2026-03-08T09:20:32.932931915Z,2026-03-08T09:20:42.19699236Z,/var/lib/docker/volumes,fabric_peer0.irs3.kit.edu,peer,/var/lib/docker/volumes/fabric_peer0.irs3.kit.edu/_data,29214248,29265891,51643,2549775,2589825,40050,74503,75659,1156,0,0,0,499260,509592,10332,26090710,26090815,105
run_005,csr,csr_1772961625,csr-irs3-1772961625,csr-irs3-1772961625,,cert_registered,operation_end,2026-03-08T09:20:42.19699236Z,2026-03-08T09:20:44.175560Z,/var/lib/docker/volumes,fabric_peer0.irs3.kit.edu,peer,/var/lib/docker/volumes/fabric_peer0.irs3.kit.edu/_data,29265891,29265891,0,2589825,2589825,0,75659,75659,0,0,0,0,509592,509592,0,26090815,26090815,0
run_005,revocation,revocation_1772961664,revoke-irs3-1772961664,revoke-irs3-1772961664,,operation_start,revocation_submit_done,2026-03-08T09:21:04.492712Z,2026-03-08T09:21:06.821546Z,/var/lib/docker/volumes,fabric_peer0.irs3.kit.edu,peer,/var/lib/docker/volumes/fabric_peer0.irs3.kit.edu/_data,29265891,29274126,8235,2589825,2596935,7110,75659,75959,300,0,0,0,509592,510382,790,26090815,26090850,35
run_005,revocation,revocation_1772961664,revoke-irs3-1772961664,revoke-irs3-1772961664,,revocation_submit_done,revocation_voted,2026-03-08T09:21:06.821546Z,2026-03-08T09:21:09.589406659Z,/var/lib/docker/volumes,fabric_peer0.irs3.kit.edu,peer,/var/lib/docker/volumes/fabric_peer0.irs3.kit.edu/_data,29274126,29290704,16578,2596935,2611315,14380,75959,76387,428,0,0,0,510382,512117,1735,26090850,26090885,35
run_005,revocation,revocation_1772961664,revoke-irs3-1772961664,revoke-irs3-1772961664,,revocation_voted,revocation_executed,2026-03-08T09:21:09.589406659Z,2026-03-08T09:21:11.836950041Z,/var/lib/docker/volumes,fabric_peer0.irs3.kit.edu,peer,/var/lib/docker/volumes/fabric_peer0.irs3.kit.edu/_data,29290704,29317459,26755,2611315,2632312,20997,76387,76815,428,0,0,0,512117,517412,5295,26090885,26090920,35
run_005,revocation,revocation_1772961664,revoke-irs3-1772961664,revoke-irs3-1772961664,,revocation_executed,operation_end,2026-03-08T09:21:11.836950041Z,2026-03-08T09:21:13.217355Z,/var/lib/docker/volumes,fabric_peer0.irs3.kit.edu,peer,/var/lib/docker/volumes/fabric_peer0.irs3.kit.edu/_data,29317459,29317459,0,2632312,2632312,0,76815,76815,0,0,0,0,517412,517412,0,26090920,26090920,0
run_005,removal,removal_1772961691,remove-irs3-member1-1772961691,remove-irs3-member1-1772961691,12,operation_start,removal_submit_done,2026-03-08T09:21:31.491013Z,2026-03-08T09:21:33.858195Z,/var/lib/docker/volumes,fabric_peer0.irs3.kit.edu,peer,/var/lib/docker/volumes/fabric_peer0.irs3.kit.edu/_data,29317459,29326608,9149,2632312,2640265,7953,76815,77115,300,0,0,0,517412,518273,861,26090920,26090955,35
run_005,removal,removal_1772961691,remove-irs3-member1-1772961691,remove-irs3-member1-1772961691,12,removal_submit_done,removal_voted,2026-03-08T09:21:33.858195Z,2026-03-08T09:21:36.552899625Z,/var/lib/docker/volumes,fabric_peer0.irs3.kit.edu,peer,/var/lib/docker/volumes/fabric_peer0.irs3.kit.edu/_data,29326608,29344014,17406,2640265,2655362,15097,77115,77543,428,0,0,0,518273,520119,1846,26090955,26090990,35
run_005,removal,removal_1772961691,remove-irs3-member1-1772961691,remove-irs3-member1-1772961691,12,removal_voted,removal_approved,2026-03-08T09:21:36.552899625Z,2026-03-08T09:21:38.971989022Z,/var/lib/docker/volumes,fabric_peer0.irs3.kit.edu,peer,/var/lib/docker/volumes/fabric_peer0.irs3.kit.edu/_data,29344014,29367811,23797,2655362,2674479,19117,77543,77971,428,0,0,0,520119,524336,4217,26090990,26091025,35
run_005,removal,removal_1772961691,remove-irs3-member1-1772961691,remove-irs3-member1-1772961691,12,removal_approved,reshare_started,2026-03-08T09:21:38.971989022Z,2026-03-08T09:21:40.241884Z,/var/lib/docker/volumes,fabric_peer0.irs3.kit.edu,peer,/var/lib/docker/volumes/fabric_peer0.irs3.kit.edu/_data,29367811,29367811,0,2674479,2674479,0,77971,77971,0,0,0,0,524336,524336,0,26091025,26091025,0
run_005,removal,removal_1772961691,remove-irs3-member1-1772961691,remove-irs3-member1-1772961691,12,reshare_started,reshare_completed,2026-03-08T09:21:40.241884Z,2026-03-08T09:22:02.297052477Z,/var/lib/docker/volumes,fabric_peer0.irs3.kit.edu,peer,/var/lib/docker/volumes/fabric_peer0.irs3.kit.edu/_data,29367811,29429149,61338,2674479,2725643,51164,77971,79555,1584,0,0,0,524336,532786,8450,26091025,26091165,140
run_005,removal,removal_1772961691,remove-irs3-member1-1772961691,remove-irs3-member1-1772961691,12,reshare_completed,operation_end,2026-03-08T09:22:02.297052477Z,2026-03-08T09:22:02.654919Z,/var/lib/docker/volumes,fabric_peer0.irs3.kit.edu,peer,/var/lib/docker/volumes/fabric_peer0.irs3.kit.edu/_data,29429149,29429149,0,2725643,2725643,0,79555,79555,0,0,0,0,532786,532786,0,26091165,26091165,0
run_005,join,join_1772961740,join-irs3-1772961741,join-irs3-1772961741,13,operation_start,join_submit_done,2026-03-08T09:22:20.893973Z,2026-03-08T09:22:23.243381Z,/var/lib/docker/volumes,fabric_peer0.irs3.kit.edu,peer,/var/lib/docker/volumes/fabric_peer0.irs3.kit.edu/_data,29429149,29439504,10355,2725643,2734020,8377,79555,79855,300,0,0,0,532786,534429,1643,26091165,26091200,35
run_005,join,join_1772961740,join-irs3-1772961741,join-irs3-1772961741,13,join_submit_done,join_voted,2026-03-08T09:22:23.243381Z,2026-03-08T09:22:26.553371593Z,/var/lib/docker/volumes,fabric_peer0.irs3.kit.edu,peer,/var/lib/docker/volumes/fabric_peer0.irs3.kit.edu/_data,29439504,29459137,19633,2734020,2750588,16568,79855,80283,428,0,0,0,534429,537031,2602,26091200,26091235,35
run_005,join,join_1772961740,join-irs3-1772961741,join-irs3-1772961741,13,join_voted,join_approved,2026-03-08T09:22:26.553371593Z,2026-03-08T09:22:29.068918095Z,/var/lib/docker/volumes,fabric_peer0.irs3.kit.edu,peer,/var/lib/docker/volumes/fabric_peer0.irs3.kit.edu/_data,29459137,29475978,16841,2750588,2761753,11165,80283,80583,300,0,0,0,537031,542372,5341,26091235,26091270,35
run_005,join,join_1772961740,join-irs3-1772961741,join-irs3-1772961741,13,join_approved,reshare_started,2026-03-08T09:22:29.068918095Z,2026-03-08T09:22:29.627471Z,/var/lib/docker/volumes,fabric_peer0.irs3.kit.edu,peer,/var/lib/docker/volumes/fabric_peer0.irs3.kit.edu/_data,29475978,29475978,0,2761753,2761753,0,80583,80583,0,0,0,0,542372,542372,0,26091270,26091270,0
run_005,join,join_1772961740,join-irs3-1772961741,join-irs3-1772961741,13,reshare_started,reshare_completed,2026-03-08T09:22:29.627471Z,2026-03-08T09:22:52.64197825Z,/var/lib/docker/volumes,fabric_peer0.irs3.kit.edu,peer,/var/lib/docker/volumes/fabric_peer0.irs3.kit.edu/_data,29475978,29523087,47109,2761753,2801729,39976,80583,81867,1284,0,0,0,542372,548116,5744,26091270,26091375,105
run_005,join,join_1772961740,join-irs3-1772961741,join-irs3-1772961741,13,reshare_completed,operation_end,2026-03-08T09:22:52.64197825Z,2026-03-08T09:23:02.091539Z,/var/lib/docker/volumes,fabric_peer0.irs3.kit.edu,peer,/var/lib/docker/volumes/fabric_peer0.irs3.kit.edu/_data,29523087,29605078,81991,2801729,2873106,71377,81867,83535,1668,0,0,0,548116,556957,8841,26091375,26091480,105
