ts,elapsed_s,sample_interval_s,rx_bytes,tx_bytes,rx_packets,tx_packets,rx_bytes_interval,tx_bytes_interval,rx_packets_interval,tx_packets_interval,control_rx_bytes_interval,control_tx_bytes_interval,rx_bytes_interval_adjusted,tx_bytes_interval_adjusted,rx_bytes_delta,tx_bytes_delta,rx_packets_delta,tx_packets_delta,control_rx_bytes_delta,control_tx_bytes_delta,rx_bytes_delta_adjusted,tx_bytes_delta_adjusted,control_sampling_ok,control_sampling_note,peer_rx_bytes_interval,peer_tx_bytes_interval,peer_rx_bytes_delta,peer_tx_bytes_delta,peer_sampling_ok,peer_sampling_note,orderer_rx_bytes_interval,orderer_tx_bytes_interval,orderer_rx_bytes_delta,orderer_tx_bytes_delta,orderer_sampling_ok,orderer_sampling_note,gossip_metric_total,gossip_metric_interval,gossip_metric_delta,gossip_sampling_ok,gossip_sampling_note
2026-03-08T15:48:26.912645Z,0.000372,0.000000,2427821855,5839340092,9585914,10748777,0,0,0,0,0,0,0,0,0,0,0,0,0,0,0,0,1,ok:1,0,0,0,0,1,ok:3,0,0,0,0,1,ok:0,nan,0.0,0.0,0,http://localhost:9446/metrics:status=0
2026-03-08T15:48:29.966154Z,3.052867,3.052495,2427963929,5839489791,9586736,10749620,142074,149699,822,843,0,0,142074,149699,142074,149699,822,843,0,0,142074,149699,1,ok:1,90011,65704,90011,65704,1,ok:3,0,0,0,0,1,ok:0,nan,0.0,0.0,0,http://localhost:9446/metrics:status=0
2026-03-08T15:48:33.021921Z,6.106590,3.053722,2428076429,5839619427,9587358,10750219,112500,129636,622,599,0,0,112500,129636,254574,279335,1444,1442,0,0,254574,279335,1,ok:1,90002,65686,180013,131390,1,ok:3,0,0,0,0,1,ok:0,nan,0.0,0.0,0,http://localhost:9446/metrics:status=0
2026-03-08T15:48:36.068398Z,9.159809,3.053220,2428174381,5839711199,9587969,10750815,97952,91772,611,596,0,0,97952,91772,352526,371107,2055,2038,0,0,352526,371107,1,ok:1,90007,65696,270020,197086,1,ok:3,0,0,0,0,1,ok:0,nan,0.0,0.0,0,http://localhost:9446/metrics:status=0
2026-03-08T15:48:39.115767Z,12.206153,3.046344,2428318774,5839843284,9588787,10751587,144393,132085,818,772,0,0,144393,132085,496919,503192,2873,2810,0,0,496919,503192,1,ok:1,90044,65704,360064,262790,1,ok:3,0,0,0,0,1,ok:0,nan,0.0,0.0,0,http://localhost:9446/metrics:status=0
2026-03-08T15:48:42.169752Z,15.257053,3.050900,2428424640,5839936856,9589279,10752091,105866,93572,492,504,0,0,105866,93572,602785,596764,3365,3314,0,0,602785,596764,1,ok:1,127772,86431,487836,349221,1,ok:3,0,0,0,0,1,ok:0,nan,0.0,0.0,0,http://localhost:9446/metrics:status=0
2026-03-08T15:48:45.225523Z,18.310219,3.053166,2428558007,5840060154,9590089,10752839,133367,123298,810,748,0,0,133367,123298,736152,720062,4175,4062,0,0,736152,720062,1,ok:1,90049,65714,577885,414935,1,ok:3,0,0,0,0,1,ok:0,nan,0.0,0.0,0,http://localhost:9446/metrics:status=0
2026-03-08T15:48:48.276138Z,21.365857,3.055638,2428659682,5840185998,9590688,10753434,101675,125844,599,595,0,0,101675,125844,837827,845906,4774,4657,0,0,837827,845906,1,ok:1,90011,65704,667896,480639,1,ok:3,0,0,0,0,1,ok:0,nan,0.0,0.0,0,http://localhost:9446/metrics:status=0
2026-03-08T15:48:51.324687Z,24.415868,3.050011,2428789725,5840292427,9591387,10754085,130043,106429,699,651,0,0,130043,106429,967870,952335,5473,5308,0,0,967870,952335,1,ok:1,90046,65774,757942,546413,1,ok:3,0,0,0,0,1,ok:0,nan,0.0,0.0,0,http://localhost:9446/metrics:status=0
2026-03-08T15:48:54.375300Z,27.465147,3.049279,2428919877,5840418701,9592170,10754866,130152,126274,783,781,0,0,130152,126274,1098022,1078609,6256,6089,0,0,1098022,1078609,1,ok:1,90064,65810,848006,612223,1,ok:3,0,0,0,0,1,ok:0,nan,0.0,0.0,0,http://localhost:9446/metrics:status=0
2026-03-08T15:48:57.422956Z,30.515625,3.050478,2429019228,5840513752,9592657,10755359,99351,95051,487,493,0,0,99351,95051,1197373,1173660,6743,6582,0,0,1197373,1173660,1,ok:1,90052,65786,938058,678009,1,ok:3,0,0,0,0,1,ok:0,nan,0.0,0.0,0,http://localhost:9446/metrics:status=0
2026-03-08T15:49:00.472433Z,33.562186,3.046562,2429148910,5840641669,9593436,10756104,129682,127917,779,745,0,0,129682,127917,1327055,1301577,7522,7327,0,0,1327055,1301577,1,ok:1,127833,86553,1065891,764562,1,ok:3,0,0,0,0,1,ok:0,nan,0.0,0.0,0,http://localhost:9446/metrics:status=0
2026-03-08T15:49:03.521276Z,36.611640,3.049453,2429261546,5840767271,9594117,10756773,112636,125602,681,669,0,0,112636,125602,1439691,1427179,8203,7996,0,0,1439691,1427179,1,ok:1,89927,65668,1155818,830230,1,ok:3,0,0,0,0,1,ok:0,nan,0.0,0.0,0,http://localhost:9446/metrics:status=0
2026-03-08T15:49:06.573439Z,39.661762,3.050122,2429382983,5840886821,9594765,10757430,121437,119550,648,657,0,0,121437,119550,1561128,1546729,8851,8653,0,0,1561128,1546729,1,ok:1,90046,65774,1245864,896004,1,ok:3,0,0,0,0,1,ok:0,nan,0.0,0.0,0,http://localhost:9446/metrics:status=0
2026-03-08T15:49:09.626045Z,42.712110,3.050348,2429537863,5841056999,9595636,10758270,154880,170178,871,840,0,0,154880,170178,1716008,1716907,9722,9493,0,0,1716008,1716907,1,ok:1,90036,65820,1335900,961824,1,ok:3,0,0,0,0,1,ok:0,nan,0.0,0.0,0,http://localhost:9446/metrics:status=0
2026-03-08T15:49:12.678064Z,45.766578,3.054468,2429640914,5841149830,9596171,10758809,103051,92831,535,539,0,0,103051,92831,1819059,1809738,10257,10032,0,0,1819059,1809738,1,ok:1,89936,65620,1425836,1027444,1,ok:3,0,0,0,0,1,ok:0,nan,0.0,0.0,0,http://localhost:9446/metrics:status=0
2026-03-08T15:49:15.729144Z,48.815666,3.049089,2429748573,5841247951,9596831,10759438,107659,98121,660,629,0,0,107659,98121,1926718,1907859,10917,10661,0,0,1926718,1907859,1,ok:1,100959,74790,1526795,1102234,1,ok:3,0,0,0,0,1,ok:0,nan,0.0,0.0,0,http://localhost:9446/metrics:status=0
2026-03-08T15:49:18.776240Z,51.867607,3.051940,2429874481,5841363830,9597548,10760116,125908,115879,717,678,0,0,125908,115879,2052626,2023738,11634,11339,0,0,2052626,2023738,1,ok:1,141844,99098,1668639,1201332,1,ok:3,0,0,0,0,1,ok:0,nan,0.0,0.0,0,http://localhost:9446/metrics:status=0
2026-03-08T15:49:21.823245Z,54.915596,3.047989,2429979145,5841469389,9598131,10760700,104664,105559,583,584,0,0,104664,105559,2157290,2129297,12217,11923,0,0,2157290,2129297,1,ok:1,121521,88821,1790160,1290153,1,ok:3,0,0,0,0,1,ok:0,nan,0.0,0.0,0,http://localhost:9446/metrics:status=0
2026-03-08T15:49:24.870690Z,57.962611,3.047016,2430100074,5841592244,9598869,10761398,120929,122855,738,698,0,0,120929,122855,2278219,2252152,12955,12621,0,0,2278219,2252152,1,ok:1,122976,85995,1913136,1376148,1,ok:3,0,0,0,0,1,ok:0,nan,0.0,0.0,0,http://localhost:9446/metrics:status=0
2026-03-08T15:49:27.921494Z,61.010040,3.047428,2430200806,5841710495,9599414,10761938,100732,118251,545,540,0,0,100732,118251,2378951,2370403,13500,13161,0,0,2378951,2370403,1,ok:1,90007,65735,2003143,1441883,1,ok:3,0,0,0,0,1,ok:0,nan,0.0,0.0,0,http://localhost:9446/metrics:status=0
2026-03-08T15:49:30.972951Z,64.061944,3.051904,2430331161,5841836544,9600142,10762644,130355,126049,728,706,0,0,130355,126049,2509306,2496452,14228,13867,0,0,2509306,2496452,1,ok:1,90001,65684,2093144,1507567,1,ok:3,0,0,0,0,1,ok:0,nan,0.0,0.0,0,http://localhost:9446/metrics:status=0
2026-03-08T15:49:34.024573Z,67.111628,3.049684,2430470576,5841961002,9600917,10763423,139415,124458,775,779,0,0,139415,124458,2648721,2620910,15003,14646,0,0,2648721,2620910,1,ok:1,127778,86443,2220922,1594010,1,ok:3,0,0,0,0,1,ok:0,nan,0.0,0.0,0,http://localhost:9446/metrics:status=0
2026-03-08T15:49:37.076666Z,70.164902,3.053274,2430579428,5842063308,9601474,10763987,108852,102306,557,564,0,0,108852,102306,2757573,2723216,15560,15210,0,0,2757573,2723216,1,ok:1,89906,65626,2310828,1659636,1,ok:3,0,0,0,0,1,ok:0,nan,0.0,0.0,0,http://localhost:9446/metrics:status=0
2026-03-08T15:49:40.126184Z,73.215601,3.050699,2430710155,5842204187,9602247,10764746,130727,140879,773,759,0,0,130727,140879,2888300,2864095,16333,15969,0,0,2888300,2864095,1,ok:1,90000,65682,2400828,1725318,1,ok:3,0,0,0,0,1,ok:0,nan,0.0,0.0,0,http://localhost:9446/metrics:status=0
2026-03-08T15:49:43.175532Z,76.266650,3.051049,2430806330,5842318463,9602839,10765327,96175,114276,592,581,0,0,96175,114276,2984475,2978371,16925,16550,0,0,2984475,2978371,1,ok:1,90056,65728,2490884,1791046,1,ok:3,0,0,0,0,1,ok:0,nan,0.0,0.0,0,http://localhost:9446/metrics:status=0
2026-03-08T15:49:46.224968Z,79.315989,3.049339,2430916272,5842433884,9603520,10765970,109942,115421,681,643,0,0,109942,115421,3094417,3093792,17606,17193,0,0,3094417,3093792,1,ok:1,89961,65670,2580845,1856716,1,ok:3,0,0,0,0,1,ok:0,nan,0.0,0.0,0,http://localhost:9446/metrics:status=0
2026-03-08T15:49:49.275121Z,82.363670,3.047681,2431049343,5842567859,9604339,10766755,133071,133975,819,785,0,0,133071,133975,3227488,3227767,18425,17978,0,0,3227488,3227767,1,ok:1,89983,65648,2670828,1922364,1,ok:3,0,0,0,0,1,ok:0,nan,0.0,0.0,0,http://localhost:9446/metrics:status=0
2026-03-08T15:49:52.326719Z,85.413901,3.050231,2431143859,5842661747,9604873,10767288,94516,93888,534,533,0,0,94516,93888,3322004,3321655,18959,18511,0,0,3322004,3321655,1,ok:1,127714,86381,2798542,2008745,1,ok:3,0,0,0,0,1,ok:0,nan,0.0,0.0,0,http://localhost:9446/metrics:status=0
2026-03-08T15:49:55.374055Z,88.464276,3.050375,2431273275,5842785734,9605653,10768046,129416,123987,780,758,0,0,129416,123987,3451420,3445642,19739,19269,0,0,3451420,3445642,1,ok:1,90021,65724,2888563,2074469,1,ok:3,0,0,0,0,1,ok:0,nan,0.0,0.0,0,http://localhost:9446/metrics:status=0
2026-03-08T15:49:58.423819Z,91.514515,3.050239,2431389748,5842907380,9606289,10768651,116473,121646,636,605,0,0,116473,121646,3567893,3567288,20375,19874,0,0,3567893,3567288,1,ok:1,90051,65718,2978614,2140187,1,ok:3,0,0,0,0,1,ok:0,nan,0.0,0.0,0,http://localhost:9446/metrics:status=0
2026-03-08T15:50:01.472130Z,94.563071,3.048556,2431520220,5843015575,9606947,10769315,130472,108195,658,664,0,0,130472,108195,3698365,3675483,21033,20538,0,0,3698365,3675483,1,ok:1,90014,65710,3068628,2205897,1,ok:3,0,0,0,0,1,ok:0,nan,0.0,0.0,0,http://localhost:9446/metrics:status=0
2026-03-08T15:50:04.524638Z,97.611625,3.048554,2431661876,5843156036,9607782,10770117,141656,140461,835,802,0,0,141656,140461,3840021,3815944,21868,21340,0,0,3840021,3815944,1,ok:1,89948,65644,3158576,2271541,1,ok:3,0,0,0,0,1,ok:0,nan,0.0,0.0,0,http://localhost:9446/metrics:status=0
2026-03-08T15:50:07.573442Z,100.664899,3.053274,2431765500,5843266487,9608357,10770691,103624,110451,575,574,0,0,103624,110451,3943645,3926395,22443,21914,0,0,3943645,3926395,1,ok:1,89937,65622,3248513,2337163,1,ok:3,0,0,0,0,1,ok:0,nan,0.0,0.0,0,http://localhost:9446/metrics:status=0
2026-03-08T15:50:10.630153Z,103.713252,3.048353,2431881551,5843381453,9609035,10771348,116051,114966,678,657,0,0,116051,114966,4059696,4041361,23121,22571,0,0,4059696,4041361,1,ok:1,127775,86437,3376288,2423600,1,ok:3,0,0,0,0,1,ok:0,nan,0.0,0.0,0,http://localhost:9446/metrics:status=0
2026-03-08T15:50:13.677364Z,106.767735,3.054482,2432027173,5843513054,9609776,10772086,145622,131601,741,738,0,0,145622,131601,4205318,4172962,23862,23309,0,0,4205318,4172962,1,ok:1,89969,65686,3466257,2489286,1,ok:3,0,0,0,0,1,ok:0,nan,0.0,0.0,0,http://localhost:9446/metrics:status=0
2026-03-08T15:50:16.726615Z,109.815851,3.048116,2432141934,5843623042,9610371,10772688,114761,109988,595,602,0,0,114761,109988,4320079,4282950,24457,23911,0,0,4320079,4282950,1,ok:1,90061,65804,3556318,2555090,1,ok:3,0,0,0,0,1,ok:0,nan,0.0,0.0,0,http://localhost:9446/metrics:status=0
2026-03-08T15:50:19.777715Z,112.866851,3.051001,2432272524,5843748043,9611142,10773430,130590,125001,771,742,0,0,130590,125001,4450669,4407951,25228,24653,0,0,4450669,4407951,1,ok:1,90014,65710,3646332,2620800,1,ok:3,0,0,0,0,1,ok:0,nan,0.0,0.0,0,http://localhost:9446/metrics:status=0
2026-03-08T15:50:22.827394Z,115.915909,3.049058,2432382042,5843869002,9611723,10774026,109518,120959,581,596,0,0,109518,120959,4560187,4528910,25809,25249,0,0,4560187,4528910,1,ok:1,90002,65686,3736334,2686486,1,ok:3,0,0,0,0,1,ok:0,nan,0.0,0.0,0,http://localhost:9446/metrics:status=0
2026-03-08T15:50:25.876401Z,118.965181,3.049272,2432500709,5843992849,9612432,10774718,118667,123847,709,692,0,0,118667,123847,4678854,4652757,26518,25941,0,0,4678854,4652757,1,ok:1,90004,65690,3826338,2752176,1,ok:3,0,0,0,0,1,ok:0,nan,0.0,0.0,0,http://localhost:9446/metrics:status=0
2026-03-08T15:50:28.932191Z,122.016852,3.051670,2432634855,5844126768,9613176,10775446,134146,133919,744,728,0,0,134146,133919,4813000,4786676,27262,26669,0,0,4813000,4786676,1,ok:1,127787,86461,3954125,2838637,1,ok:3,0,0,0,0,1,ok:0,nan,0.0,0.0,0,http://localhost:9446/metrics:status=0
2026-03-08T15:50:31.981808Z,125.072139,3.055288,2432740314,5844238503,9613729,10776012,105459,111735,553,566,0,0,105459,111735,4918459,4898411,27815,27235,0,0,4918459,4898411,1,ok:1,89971,65690,4044096,2904327,1,ok:3,0,0,0,0,1,ok:0,nan,0.0,0.0,0,http://localhost:9446/metrics:status=0
2026-03-08T15:50:35.034649Z,128.121911,3.049772,2432884143,5844385367,9614588,10776838,143829,146864,859,826,0,0,143829,146864,5062288,5045275,28674,28061,0,0,5062288,5045275,1,ok:1,89981,65710,4134077,2970037,1,ok:3,0,0,0,0,1,ok:0,nan,0.0,0.0,0,http://localhost:9446/metrics:status=0
2026-03-08T15:50:38.084748Z,131.173988,3.052077,2432980319,5844488349,9615093,10777352,96176,102982,505,514,0,0,96176,102982,5158464,5148257,29179,28575,0,0,5158464,5148257,1,ok:1,89994,65736,4224071,3035773,1,ok:3,0,0,0,0,1,ok:0,nan,0.0,0.0,0,http://localhost:9446/metrics:status=0
2026-03-08T15:50:41.136869Z,134.223625,3.049637,2433106990,5844604745,9615795,10778023,126671,116396,702,671,0,0,126671,116396,5285135,5264653,29881,29246,0,0,5285135,5264653,1,ok:1,90015,65712,4314086,3101485,1,ok:3,0,0,0,0,1,ok:0,nan,0.0,0.0,0,http://localhost:9446/metrics:status=0
2026-03-08T15:50:44.184470Z,137.277264,3.053639,2433249567,5844756868,9616639,10778832,142577,152123,844,809,0,0,142577,152123,5427712,5416776,30725,30055,0,0,5427712,5416776,1,ok:1,89950,65648,4404036,3167133,1,ok:3,0,0,0,0,1,ok:0,nan,0.0,0.0,0,http://localhost:9446/metrics:status=0
2026-03-08T15:50:47.233529Z,140.323145,3.045881,2433360888,5844864318,9617188,10779388,111321,107450,549,556,0,0,111321,107450,5539033,5524226,31274,30611,0,0,5539033,5524226,1,ok:1,127703,86359,4531739,3253492,1,ok:3,0,0,0,0,1,ok:0,nan,0.0,0.0,0,http://localhost:9446/metrics:status=0
2026-03-08T15:50:50.284673Z,143.371603,3.048458,2433493297,5844999185,9617943,10780097,132409,134867,755,709,0,0,132409,134867,5671442,5659093,32029,31320,0,0,5671442,5659093,1,ok:1,89948,65644,4621687,3319136,1,ok:3,0,0,0,0,1,ok:0,nan,0.0,0.0,0,http://localhost:9446/metrics:status=0
2026-03-08T15:50:53.326964Z,146.423644,3.052041,2433640746,5845145216,9618715,10780822,147449,146031,772,725,0,0,147449,146031,5818891,5805124,32801,32045,0,0,5818891,5805124,1,ok:1,89990,65662,4711677,3384798,1,ok:3,0,0,0,0,1,ok:0,nan,0.0,0.0,0,http://localhost:9446/metrics:status=0
2026-03-08T15:50:56.370077Z,149.467389,3.043745,2433757849,5845252136,9619335,10781449,117103,106920,620,627,0,0,117103,106920,5935994,5912044,33421,32672,0,0,5935994,5912044,1,ok:1,90037,65690,4801714,3450488,1,ok:3,0,0,0,0,1,ok:0,nan,0.0,0.0,0,http://localhost:9446/metrics:status=0
2026-03-08T15:50:59.424324Z,152.510542,3.043153,2433882022,5845381024,9620129,10782248,124173,128888,794,799,0,0,124173,128888,6060167,6040932,34215,33471,0,0,6060167,6040932,1,ok:1,89992,65666,4891706,3516154,1,ok:3,0,0,0,0,1,ok:0,nan,0.0,0.0,0,http://localhost:9446/metrics:status=0
2026-03-08T15:51:02.474799Z,155.563624,3.053082,2433976301,5845493667,9620612,10782749,94279,112643,483,501,0,0,94279,112643,6154446,6153575,34698,33972,0,0,6154446,6153575,1,ok:1,90092,65734,4981798,3581888,1,ok:3,0,0,0,0,1,ok:0,nan,0.0,0.0,0,http://localhost:9446/metrics:status=0
2026-03-08T15:51:05.525585Z,158.613802,3.050178,2434108961,5845621267,9621342,10783466,132660,127600,730,717,0,0,132660,127600,6287106,6281175,35428,34689,0,0,6287106,6281175,1,ok:1,127772,86431,5109570,3668319,1,ok:3,0,0,0,0,1,ok:0,nan,0.0,0.0,0,http://localhost:9446/metrics:status=0
2026-03-08T15:51:08.577580Z,161.666033,3.052231,2434218913,5845729248,9621974,10784062,109952,107981,632,596,0,0,109952,107981,6397058,6389156,36060,35285,0,0,6397058,6389156,1,ok:1,90002,65686,5199572,3734005,1,ok:3,0,0,0,0,1,ok:0,nan,0.0,0.0,0,http://localhost:9446/metrics:status=0
2026-03-08T15:51:11.618758Z,164.715596,3.049564,2434331541,5845842322,9622596,10784654,112628,113074,622,592,0,0,112628,113074,6509686,6502230,36682,35877,0,0,6509686,6502230,1,ok:1,89878,65570,5289450,3799575,1,ok:3,0,0,0,0,1,ok:0,nan,0.0,0.0,0,http://localhost:9446/metrics:status=0
2026-03-08T15:51:14.660126Z,167.756521,3.040925,2434457227,5845965123,9623331,10785394,125686,122801,735,740,0,0,125686,122801,6635372,6625031,37417,36617,0,0,6635372,6625031,1,ok:1,89962,65672,5379412,3865247,1,ok:3,0,0,0,0,1,ok:0,nan,0.0,0.0,0,http://localhost:9446/metrics:status=0
2026-03-08T15:51:17.708522Z,170.800546,3.044025,2434561037,5846084952,9623875,10785940,103810,119829,544,546,0,0,103810,119829,6739182,6744860,37961,37163,0,0,6739182,6744860,1,ok:1,89973,65694,5469385,3930941,1,ok:3,0,0,0,0,1,ok:0,nan,0.0,0.0,0,http://localhost:9446/metrics:status=0
2026-03-08T15:51:20.758846Z,173.846254,3.045708,2434689963,5846215782,9624612,10786662,128926,130830,737,722,0,0,128926,130830,6868108,6875690,38698,37885,0,0,6868108,6875690,1,ok:1,89996,65674,5559381,3996615,1,ok:3,0,0,0,0,1,ok:0,nan,0.0,0.0,0,http://localhost:9446/metrics:status=0
2026-03-08T15:51:23.810130Z,176.899310,3.053056,2434796965,5846311828,9625232,10787247,107002,96046,620,585,0,0,107002,96046,6975110,6971736,39318,38470,0,0,6975110,6971736,1,ok:1,127733,86419,5687114,4083034,1,ok:3,0,0,0,0,1,ok:0,nan,0.0,0.0,0,http://localhost:9446/metrics:status=0
2026-03-08T15:51:26.857433Z,179.947687,3.048377,2434919571,5846450255,9625890,10787899,122606,138427,658,652,0,0,122606,138427,7097716,7110163,39976,39122,0,0,7097716,7110163,1,ok:1,90050,65716,5777164,4148750,1,ok:3,0,0,0,0,1,ok:0,nan,0.0,0.0,0,http://localhost:9446/metrics:status=0
2026-03-08T15:51:29.907920Z,182.996605,3.048918,2435049659,5846585095,9626692,10788660,130088,134840,802,761,0,0,130088,134840,7227804,7245003,40778,39883,0,0,7227804,7245003,1,ok:1,90000,65682,5867164,4214432,1,ok:3,0,0,0,0,1,ok:0,nan,0.0,0.0,0,http://localhost:9446/metrics:status=0
2026-03-08T15:51:32.955843Z,186.047820,3.051215,2435158294,5846702936,9627284,10789233,108635,117841,592,573,0,0,108635,117841,7336439,7362844,41370,40456,0,0,7336439,7362844,1,ok:1,90037,65690,5957201,4280122,1,ok:3,0,0,0,0,1,ok:0,nan,0.0,0.0,0,http://localhost:9446/metrics:status=0
2026-03-08T15:51:36.005889Z,189.093718,3.045898,2435277922,5846799608,9627923,10789851,119628,96672,639,618,0,0,119628,96672,7456067,7459516,42009,41074,0,0,7456067,7459516,1,ok:1,90004,65690,6047205,4345812,1,ok:3,0,0,0,0,1,ok:0,nan,0.0,0.0,0,http://localhost:9446/metrics:status=0
2026-03-08T15:51:39.055284Z,192.146400,3.052682,2435413291,5846918866,9628709,10790625,135369,119258,786,774,0,0,135369,119258,7591436,7578774,42795,41848,0,0,7591436,7578774,1,ok:1,89957,65662,6137162,4411474,1,ok:3,0,0,0,0,1,ok:0,nan,0.0,0.0,0,http://localhost:9446/metrics:status=0
2026-03-08T15:51:42.111082Z,195.195629,3.049229,2435516260,5847017883,9629227,10791152,102969,99017,518,527,0,0,102969,99017,7694405,7677791,43313,42375,0,0,7694405,7677791,1,ok:1,127774,86435,6264936,4497909,1,ok:3,0,0,0,0,1,ok:0,nan,0.0,0.0,0,http://localhost:9446/metrics:status=0
2026-03-08T15:51:45.159730Z,198.249340,3.053711,2435649360,5847150647,9630069,10791935,133100,132764,842,783,0,0,133100,132764,7827505,7810555,44155,43158,0,0,7827505,7810555,1,ok:1,89993,65668,6354929,4563577,1,ok:3,0,0,0,0,1,ok:0,nan,0.0,0.0,0,http://localhost:9446/metrics:status=0
2026-03-08T15:51:48.210978Z,201.299629,3.050289,2435750557,5847258950,9630595,10792436,101197,108303,526,501,0,0,101197,108303,7928702,7918858,44681,43659,0,0,7928702,7918858,1,ok:1,90010,65702,6444939,4629279,1,ok:3,0,0,0,0,1,ok:0,nan,0.0,0.0,0,http://localhost:9446/metrics:status=0
2026-03-08T15:51:51.259591Z,204.351258,3.051629,2435877011,5847401496,9631293,10793109,126454,142546,698,673,0,0,126454,142546,8055156,8061404,45379,44332,0,0,8055156,8061404,1,ok:1,90026,65734,6534965,4695013,1,ok:3,0,0,0,0,1,ok:0,nan,0.0,0.0,0,http://localhost:9446/metrics:status=0
2026-03-08T15:51:54.317848Z,207.400039,3.048782,2436010923,5847538197,9632100,10793877,133912,136701,807,768,0,0,133912,136701,8189068,8198105,46186,45100,0,0,8189068,8198105,1,ok:1,90007,65762,6624972,4760775,1,ok:3,0,0,0,0,1,ok:0,nan,0.0,0.0,0,http://localhost:9446/metrics:status=0
2026-03-08T15:51:57.357177Z,210.455589,3.055550,2436132696,5847662414,9632715,10794485,121773,124217,615,608,0,0,121773,124217,8310841,8322322,46801,45708,0,0,8310841,8322322,1,ok:1,90086,65788,6715058,4826563,1,ok:3,0,0,0,0,1,ok:0,nan,0.0,0.0,0,http://localhost:9446/metrics:status=0
2026-03-08T15:52:00.399003Z,213.495585,3.039995,2436265889,5847789878,9633497,10795241,133193,127464,782,756,0,0,133193,127464,8444034,8449786,47583,46464,0,0,8444034,8449786,1,ok:1,127847,86581,6842905,4913144,1,ok:3,0,0,0,0,1,ok:0,nan,0.0,0.0,0,http://localhost:9446/metrics:status=0
2026-03-08T15:52:03.449344Z,216.537210,3.041625,2436369040,5847892984,9634137,10795883,103151,103106,640,642,0,0,103151,103106,8547185,8552892,48223,47106,0,0,8547185,8552892,1,ok:1,90024,65796,6932929,4978940,1,ok:3,0,0,0,0,1,ok:0,nan,0.0,0.0,0,http://localhost:9446/metrics:status=0
2026-03-08T15:52:06.500117Z,219.589709,3.052499,2436492907,5847997178,9634776,10796531,123867,104194,639,648,0,0,123867,104194,8671052,8657086,48862,47754,0,0,8671052,8657086,1,ok:1,90046,65774,7022975,5044714,1,ok:3,0,0,0,0,1,ok:0,nan,0.0,0.0,0,http://localhost:9446/metrics:status=0
2026-03-08T15:52:09.553274Z,222.640617,3.050908,2436643873,5848128548,9635593,10797321,150966,131370,817,790,0,0,150966,131370,8822018,8788456,49679,48544,0,0,8822018,8788456,1,ok:1,90041,65764,7113016,5110478,1,ok:3,0,0,0,0,1,ok:0,nan,0.0,0.0,0,http://localhost:9446/metrics:status=0
2026-03-08T15:52:12.603411Z,225.693588,3.052971,2436742601,5848221425,9636085,10797815,98728,92877,492,494,0,0,98728,92877,8920746,8881333,50171,49038,0,0,8920746,8881333,1,ok:1,89952,65718,7202968,5176196,1,ok:3,0,0,0,0,1,ok:0,nan,0.0,0.0,0,http://localhost:9446/metrics:status=0
2026-03-08T15:52:15.644087Z,228.743049,3.049461,2436872788,5848368680,9636831,10798549,130187,147255,746,734,0,0,130187,147255,9050933,9028588,50917,49772,0,0,9050933,9028588,1,ok:1,90004,65690,7292972,5241886,1,ok:3,0,0,0,0,1,ok:0,nan,0.0,0.0,0,http://localhost:9446/metrics:status=0
2026-03-08T15:52:18.689288Z,231.783605,3.040556,2436991892,5848482771,9637533,10799219,119104,114091,702,670,0,0,119104,114091,9170037,9142679,51619,50442,0,0,9170037,9142679,1,ok:1,127776,86439,7420748,5328325,1,ok:3,0,0,0,0,1,ok:0,nan,0.0,0.0,0,http://localhost:9446/metrics:status=0
2026-03-08T15:52:21.743603Z,234.829539,3.045934,2437097505,5848596988,9638139,10799824,105613,114217,606,605,0,0,105613,114217,9275650,9256896,52225,51047,0,0,9275650,9256896,1,ok:1,111756,81975,7532504,5410300,1,ok:3,0,0,0,0,1,ok:0,nan,0.0,0.0,0,http://localhost:9446/metrics:status=0
2026-03-08T15:52:24.792465Z,237.883631,3.054092,2437232600,5848735363,9638947,10800606,135095,138375,808,782,0,0,135095,138375,9410745,9395271,53033,51829,0,0,9410745,9395271,1,ok:1,104202,80298,7636706,5490598,1,ok:3,0,0,0,0,1,ok:0,nan,0.0,0.0,0,http://localhost:9446/metrics:status=0
2026-03-08T15:52:27.838722Z,240.931613,3.047982,2437335390,5848842432,9639487,10801140,102790,107069,540,534,0,0,102790,107069,9513535,9502340,53573,52363,0,0,9513535,9502340,1,ok:1,143719,100166,7780425,5590764,1,ok:3,0,0,0,0,1,ok:0,nan,0.0,0.0,0,http://localhost:9446/metrics:status=0
2026-03-08T15:52:30.886812Z,243.979194,3.047581,2437472751,5848966629,9640208,10801876,137361,124197,721,736,0,0,137361,124197,9650896,9626537,54294,53099,0,0,9650896,9626537,1,ok:1,89926,65600,7870351,5656364,1,ok:3,0,0,0,0,1,ok:0,nan,0.0,0.0,0,http://localhost:9446/metrics:status=0
2026-03-08T15:52:33.937762Z,247.027270,3.048076,2437594426,5849095894,9640898,10802544,121675,129265,690,668,0,0,121675,129265,9772571,9755802,54984,53767,0,0,9772571,9755802,1,ok:1,127775,86476,7998126,5742840,1,ok:3,0,0,0,0,1,ok:0,nan,0.0,0.0,0,http://localhost:9446/metrics:status=0
2026-03-08T15:52:36.988056Z,250.078219,3.050949,2437711406,5849233843,9641571,10803190,116980,137949,673,646,0,0,116980,137949,9889551,9893751,55657,54413,0,0,9889551,9893751,1,ok:1,90006,65694,8088132,5808534,1,ok:3,0,0,0,0,1,ok:0,nan,0.0,0.0,0,http://localhost:9446/metrics:status=0
2026-03-08T15:52:40.042008Z,253.128118,3.049898,2437849738,5849366621,9642364,10803982,138332,132778,793,792,0,0,138332,132778,10027883,10026529,56450,55205,0,0,10027883,10026529,1,ok:1,90000,65682,8178132,5874216,1,ok:3,0,0,0,0,1,ok:0,nan,0.0,0.0,0,http://localhost:9446/metrics:status=0
2026-03-08T15:52:43.093892Z,256.182504,3.054386,2437974292,5849502513,9643003,10804624,124554,135892,639,642,0,0,124554,135892,10152437,10162421,57089,55847,0,0,10152437,10162421,1,ok:1,89999,65680,8268131,5939896,1,ok:3,0,0,0,0,1,ok:0,nan,0.0,0.0,0,http://localhost:9446/metrics:status=0
2026-03-08T15:52:46.143834Z,259.234357,3.051853,2438092746,5849595422,9643660,10805250,118454,92909,657,626,0,0,118454,92909,10270891,10255330,57746,56473,0,0,10270891,10255330,1,ok:1,89979,65640,8358110,6005536,1,ok:3,0,0,0,0,1,ok:0,nan,0.0,0.0,0,http://localhost:9446/metrics:status=0
2026-03-08T15:52:49.191150Z,262.282660,3.048303,2438229588,5849738384,9644470,10806044,136842,142962,810,794,0,0,136842,142962,10407733,10398292,58556,57267,0,0,10407733,10398292,1,ok:1,90011,65704,8448121,6071240,1,ok:3,0,0,0,0,1,ok:0,nan,0.0,0.0,0,http://localhost:9446/metrics:status=0
2026-03-08T15:52:52.242739Z,265.329289,3.046629,2438331306,5849825452,9645004,10806550,101718,87068,534,506,0,0,101718,87068,10509451,10485360,59090,57773,0,0,10509451,10485360,1,ok:1,127791,86469,8575912,6157709,1,ok:3,0,0,0,0,1,ok:0,nan,0.0,0.0,0,http://localhost:9446/metrics:status=0
2026-03-08T15:52:55.291206Z,268.382091,3.052802,2438460611,5849943299,9645731,10807286,129305,117847,727,736,0,0,129305,117847,10638756,10603207,59817,58509,0,0,10638756,10603207,1,ok:1,90007,65696,8665919,6223405,1,ok:3,0,0,0,0,1,ok:0,nan,0.0,0.0,0,http://localhost:9446/metrics:status=0
2026-03-08T15:52:58.343292Z,271.431657,3.049566,2438565998,5850052119,9646314,10807848,105387,108820,583,562,0,0,105387,108820,10744143,10712027,60400,59071,0,0,10744143,10712027,1,ok:1,89943,65634,8755862,6289039,1,ok:3,0,0,0,0,1,ok:0,nan,0.0,0.0,0,http://localhost:9446/metrics:status=0
2026-03-08T15:53:01.385624Z,274.482766,3.051109,2438719716,5850175124,9647079,10808604,153718,123005,765,756,0,0,153718,123005,10897861,10835032,61165,59827,0,0,10897861,10835032,1,ok:1,90014,65710,8845876,6354749,1,ok:3,0,0,0,0,1,ok:0,nan,0.0,0.0,0,http://localhost:9446/metrics:status=0
2026-03-08T15:53:04.433631Z,277.523903,3.041137,2438856130,5850301329,9647903,10809432,136414,126205,824,828,0,0,136414,126205,11034275,10961237,61989,60655,0,0,11034275,10961237,1,ok:1,90022,65726,8935898,6420475,1,ok:3,0,0,0,0,1,ok:0,nan,0.0,0.0,0,http://localhost:9446/metrics:status=0
2026-03-08T15:53:07.485564Z,280.572460,3.048557,2438949497,5850406080,9648419,10809938,93367,104751,516,506,0,0,93367,104751,11127642,11065988,62505,61161,0,0,11127642,11065988,1,ok:1,90012,65706,9025910,6486181,1,ok:3,0,0,0,0,1,ok:0,nan,0.0,0.0,0,http://localhost:9446/metrics:status=0
2026-03-08T15:53:10.536783Z,283.626002,3.053542,2439075255,5850522793,9649159,10810637,125758,116713,740,699,0,0,125758,116713,11253400,11182701,63245,61860,0,0,11253400,11182701,1,ok:1,127737,86427,9153647,6572608,1,ok:3,0,0,0,0,1,ok:0,nan,0.0,0.0,0,http://localhost:9446/metrics:status=0
2026-03-08T15:53:13.589673Z,286.675896,3.049894,2439208850,5850632597,9649841,10811283,133595,109804,682,646,0,0,133595,109804,11386995,11292505,63927,62506,0,0,11386995,11292505,1,ok:1,89946,65640,9243593,6638248,1,ok:3,0,0,0,0,1,ok:0,nan,0.0,0.0,0,http://localhost:9446/metrics:status=0
2026-03-08T15:53:16.640337Z,289.730117,3.054221,2439324205,5850739818,9650477,10811910,115355,107221,636,627,0,0,115355,107221,11502350,11399726,64563,63133,0,0,11502350,11399726,1,ok:1,90007,65696,9333600,6703944,1,ok:3,0,0,0,0,1,ok:0,nan,0.0,0.0,0,http://localhost:9446/metrics:status=0
2026-03-08T15:53:19.692796Z,292.780781,3.050664,2439461076,5850881759,9651300,10812711,136871,141941,823,801,0,0,136871,141941,11639221,11541667,65386,63934,0,0,11639221,11541667,1,ok:1,90022,65726,9423622,6769670,1,ok:3,0,0,0,0,1,ok:0,nan,0.0,0.0,0,http://localhost:9446/metrics:status=0
2026-03-08T15:53:22.739824Z,295.832806,3.052025,2439562559,5850972151,9651822,10813232,101483,90392,522,521,0,0,101483,90392,11740704,11632059,65908,64455,0,0,11740704,11632059,1,ok:1,90010,65702,9513632,6835372,1,ok:3,0,0,0,0,1,ok:0,nan,0.0,0.0,0,http://localhost:9446/metrics:status=0
2026-03-08T15:53:25.787863Z,298.878264,3.045458,2439681802,5851087862,9652492,10813917,119243,115711,670,685,0,0,119243,115711,11859947,11747770,66578,65140,0,0,11859947,11747770,1,ok:1,89938,65624,9603570,6900996,1,ok:3,0,0,0,0,1,ok:0,nan,0.0,0.0,0,http://localhost:9446/metrics:status=0
2026-03-08T15:53:28.839330Z,301.928319,3.050056,2439800313,5851210520,9653162,10814572,118511,122658,670,655,0,0,118511,122658,11978458,11870428,67248,65795,0,0,11978458,11870428,1,ok:1,127782,86451,9731352,6987447,1,ok:3,0,0,0,0,1,ok:0,nan,0.0,0.0,0,http://localhost:9446/metrics:status=0
2026-03-08T15:53:31.887335Z,304.979619,3.051299,2439909399,5851314973,9653743,10815147,109086,104453,581,575,0,0,109086,104453,12087544,11974881,67829,66370,0,0,12087544,11974881,1,ok:1,89962,65672,9821314,7053119,1,ok:3,0,0,0,0,1,ok:0,nan,0.0,0.0,0,http://localhost:9446/metrics:status=0
2026-03-08T15:53:34.937512Z,308.027794,3.048175,2440039667,5851436400,9654483,10815891,130268,121427,740,744,0,0,130268,121427,12217812,12096308,68569,67114,0,0,12217812,12096308,1,ok:1,90082,65780,9911396,7118899,1,ok:3,0,0,0,0,1,ok:0,nan,0.0,0.0,0,http://localhost:9446/metrics:status=0
2026-03-08T15:53:37.984757Z,311.075635,3.047841,2440147937,5851548639,9655079,10816480,108270,112239,596,589,0,0,108270,112239,12326082,12208547,69165,67703,0,0,12326082,12208547,1,ok:1,90035,65752,10001431,7184651,1,ok:3,0,0,0,0,1,ok:0,nan,0.0,0.0,0,http://localhost:9446/metrics:status=0
2026-03-08T15:53:41.038001Z,314.125215,3.049581,2440268192,5851668900,9655770,10817150,120255,120261,691,670,0,0,120255,120261,12446337,12328808,69856,68373,0,0,12446337,12328808,1,ok:1,89990,65662,10091421,7250313,1,ok:3,0,0,0,0,1,ok:0,nan,0.0,0.0,0,http://localhost:9446/metrics:status=0
2026-03-08T15:53:44.087384Z,317.178426,3.053210,2440414713,5851818021,9656609,10817945,146521,149121,839,795,0,0,146521,149121,12592858,12477929,70695,69168,0,0,12592858,12477929,1,ok:1,89993,65668,10181414,7315981,1,ok:3,0,0,0,0,1,ok:0,nan,0.0,0.0,0,http://localhost:9446/metrics:status=0
2026-03-08T15:53:47.136179Z,320.227816,3.049390,2440529872,5851919885,9657182,10818528,115159,101864,573,583,0,0,115159,101864,12708017,12579793,71268,69751,0,0,12708017,12579793,1,ok:1,127737,86427,10309151,7402408,1,ok:3,0,0,0,0,1,ok:0,nan,0.0,0.0,0,http://localhost:9446/metrics:status=0
2026-03-08T15:53:50.189408Z,323.276311,3.048495,2440665468,5852053937,9657975,10819300,135596,134052,793,772,0,0,135596,134052,12843613,12713845,72061,70523,0,0,12843613,12713845,1,ok:1,90040,65696,10399191,7468104,1,ok:3,0,0,0,0,1,ok:0,nan,0.0,0.0,0,http://localhost:9446/metrics:status=0
2026-03-08T15:53:53.242535Z,326.328786,3.052475,2440774841,5852169628,9658584,10819891,109373,115691,609,591,0,0,109373,115691,12952986,12829536,72670,71114,0,0,12952986,12829536,1,ok:1,90005,65692,10489196,7533796,1,ok:3,0,0,0,0,1,ok:0,nan,0.0,0.0,0,http://localhost:9446/metrics:status=0
2026-03-08T15:53:56.290776Z,329.380281,3.051495,2440890986,5852296099,9659238,10820523,116145,126471,654,632,0,0,116145,126471,13069131,12956007,73324,71746,0,0,13069131,12956007,1,ok:1,90004,65690,10579200,7599486,1,ok:3,0,0,0,0,1,ok:0,nan,0.0,0.0,0,http://localhost:9446/metrics:status=0
2026-03-08T15:53:59.339933Z,332.430293,3.050011,2441035791,5852429107,9660059,10821324,144805,133008,821,801,0,0,144805,133008,13213936,13089015,74145,72547,0,0,13213936,13089015,1,ok:1,89998,65678,10669198,7665164,1,ok:3,0,0,0,0,1,ok:0,nan,0.0,0.0,0,http://localhost:9446/metrics:status=0
2026-03-08T15:54:02.387959Z,335.479554,3.049261,2441142314,5852544129,9660623,10821861,106523,115022,564,537,0,0,106523,115022,13320459,13204037,74709,73084,0,0,13320459,13204037,1,ok:1,89954,65656,10759152,7730820,1,ok:3,0,0,0,0,1,ok:0,nan,0.0,0.0,0,http://localhost:9446/metrics:status=0
2026-03-08T15:54:05.432626Z,338.526011,3.046457,2441285384,5852680075,9661412,10822619,143070,135946,789,758,0,0,143070,135946,13463529,13339983,75498,73842,0,0,13463529,13339983,1,ok:1,127783,86453,10886935,7817273,1,ok:3,0,0,0,0,1,ok:0,nan,0.0,0.0,0,http://localhost:9446/metrics:status=0
2026-03-08T15:54:08.480713Z,341.570820,3.044809,2441395544,5852781273,9662030,10823195,110160,101198,618,576,0,0,110160,101198,13573689,13441181,76116,74418,0,0,13573689,13441181,1,ok:1,89959,65666,10976894,7882939,1,ok:3,0,0,0,0,1,ok:0,nan,0.0,0.0,0,http://localhost:9446/metrics:status=0
2026-03-08T15:54:11.527552Z,344.619646,3.048825,2441504235,5852920038,9662672,10823832,108691,138765,642,637,0,0,108691,138765,13682380,13579946,76758,75055,0,0,13682380,13579946,1,ok:1,89946,65640,11066840,7948579,1,ok:3,0,0,0,0,1,ok:0,nan,0.0,0.0,0,http://localhost:9446/metrics:status=0
2026-03-08T15:54:14.575953Z,347.666102,3.046456,2441638909,5853061446,9663489,10824621,134674,141408,817,789,0,0,134674,141408,13817054,13721354,77575,75844,0,0,13817054,13721354,1,ok:1,89841,65562,11156681,8014141,1,ok:3,0,0,0,0,1,ok:0,nan,0.0,0.0,0,http://localhost:9446/metrics:status=0
2026-03-08T15:54:17.628621Z,350.715661,3.049559,2441755649,5853161928,9664035,10825142,116740,100482,546,521,0,0,116740,100482,13933794,13821836,78121,76365,0,0,13933794,13821836,1,ok:1,89857,65594,11246538,8079735,1,ok:3,0,0,0,0,1,ok:0,nan,0.0,0.0,0,http://localhost:9446/metrics:status=0
2026-03-08T15:54:20.680746Z,353.769065,3.053404,2441880682,5853280659,9664739,10825847,125033,118731,704,705,0,0,125033,118731,14058827,13940567,78825,77070,0,0,14058827,13940567,1,ok:1,90045,65706,11336583,8145441,1,ok:3,0,0,0,0,1,ok:0,nan,0.0,0.0,0,http://localhost:9446/metrics:status=0
2026-03-08T15:54:23.728561Z,356.819610,3.050545,2442007798,5853398860,9665452,10826541,127116,118201,713,694,0,0,127116,118201,14185943,14058768,79538,77764,0,0,14185943,14058768,1,ok:1,127769,86425,11464352,8231866,1,ok:3,0,0,0,0,1,ok:0,nan,0.0,0.0,0,http://localhost:9446/metrics:status=0
2026-03-08T15:54:26.777624Z,359.866204,3.046594,2442121907,5853505323,9666060,10827153,114109,106463,608,612,0,0,114109,106463,14300052,14165231,80146,78376,0,0,14300052,14165231,1,ok:1,89991,65664,11554343,8297530,1,ok:3,0,0,0,0,1,ok:0,nan,0.0,0.0,0,http://localhost:9446/metrics:status=0
2026-03-08T15:54:29.830797Z,362.918070,3.051866,2442262362,5853646620,9666889,10827958,140455,141297,829,805,0,0,140455,141297,14440507,14306528,80975,79181,0,0,14440507,14306528,1,ok:1,90049,65714,11644392,8363244,1,ok:3,0,0,0,0,1,ok:0,nan,0.0,0.0,0,http://localhost:9446/metrics:status=0
2026-03-08T15:54:32.880760Z,365.971258,3.053189,2442372890,5853770568,9667455,10828526,110528,123948,566,568,0,0,110528,123948,14551035,14430476,81541,79749,0,0,14551035,14430476,1,ok:1,89974,65630,11734366,8428874,1,ok:3,0,0,0,0,1,ok:0,nan,0.0,0.0,0,http://localhost:9446/metrics:status=0
2026-03-08T15:54:35.928123Z,369.019003,3.047745,2442496007,5853901213,9668157,10829206,123117,130645,702,680,0,0,123117,130645,14674152,14561121,82243,80429,0,0,14674152,14561121,1,ok:1,90016,65714,11824382,8494588,1,ok:3,0,0,0,0,1,ok:0,nan,0.0,0.0,0,http://localhost:9446/metrics:status=0
2026-03-08T15:54:38.982426Z,372.068572,3.049569,2442625432,5854036943,9668885,10829930,129425,135730,728,724,0,0,129425,135730,14803577,14696851,82971,81153,0,0,14803577,14696851,1,ok:1,89995,65672,11914377,8560260,1,ok:3,0,0,0,0,1,ok:0,nan,0.0,0.0,0,http://localhost:9446/metrics:status=0
2026-03-08T15:54:42.032060Z,375.121922,3.053351,2442739117,5854146441,9669514,10830529,113685,109498,629,599,0,0,113685,109498,14917262,14806349,83600,81752,0,0,14917262,14806349,1,ok:1,127790,86467,12042167,8646727,1,ok:3,0,0,0,0,1,ok:0,nan,0.0,0.0,0,http://localhost:9446/metrics:status=0
2026-03-08T15:54:45.079999Z,378.171782,3.049860,2442871916,5854294283,9670303,10831311,132799,147842,789,782,0,0,132799,147842,15050061,14954191,84389,82534,0,0,15050061,14954191,1,ok:1,90001,65684,12132168,8712411,1,ok:3,0,0,0,0,1,ok:0,nan,0.0,0.0,0,http://localhost:9446/metrics:status=0
2026-03-08T15:54:48.128129Z,381.220021,3.048238,2442973190,5854400927,9670826,10831815,101274,106644,523,504,0,0,101274,106644,15151335,15060835,84912,83038,0,0,15151335,15060835,1,ok:1,90002,65686,12222170,8778097,1,ok:3,0,0,0,0,1,ok:0,nan,0.0,0.0,0,http://localhost:9446/metrics:status=0
2026-03-08T15:54:51.180198Z,384.267469,3.047448,2443094095,5854531990,9671519,10832487,120905,131063,693,672,0,0,120905,131063,15272240,15191898,85605,83710,0,0,15272240,15191898,1,ok:1,89907,65562,12312077,8843659,1,ok:3,0,0,0,0,1,ok:0,nan,0.0,0.0,0,http://localhost:9446/metrics:status=0
2026-03-08T15:54:54.228722Z,387.319010,3.051541,2443222359,5854668450,9672333,10833260,128264,136460,814,773,0,0,128264,136460,15400504,15328358,86419,84483,0,0,15400504,15328358,1,ok:1,89993,65668,12402070,8909327,1,ok:3,0,0,0,0,1,ok:0,nan,0.0,0.0,0,http://localhost:9446/metrics:status=0
2026-03-08T15:54:57.284873Z,390.368739,3.049729,2443330979,5854777620,9672889,10833809,108620,109170,556,549,0,0,108620,109170,15509124,15437528,86975,85032,0,0,15509124,15437528,1,ok:1,89956,65660,12492026,8974987,1,ok:3,0,0,0,0,1,ok:0,nan,0.0,0.0,0,http://localhost:9446/metrics:status=0
2026-03-08T15:55:00.332824Z,393.425369,3.056630,2443463850,5854898906,9673690,10834590,132871,121286,801,781,0,0,132871,121286,15641995,15558814,87776,85813,0,0,15641995,15558814,1,ok:1,127747,86447,12619773,9061434,1,ok:3,0,0,0,0,1,ok:0,nan,0.0,0.0,0,http://localhost:9446/metrics:status=0
2026-03-08T15:55:03.386989Z,396.473132,3.047763,2443571174,5855006131,9674250,10835148,107324,107225,560,558,0,0,107324,107225,15749319,15666039,88336,86371,0,0,15749319,15666039,1,ok:1,89815,65510,12709588,9126944,1,ok:3,0,0,0,0,1,ok:0,nan,0.0,0.0,0,http://localhost:9446/metrics:status=0
2026-03-08T15:55:06.430720Z,399.524999,3.051867,2443692452,5855118495,9674933,10835811,121278,112364,683,663,0,0,121278,112364,15870597,15778403,89019,87034,0,0,15870597,15778403,1,ok:1,90010,65702,12799598,9192646,1,ok:3,0,0,0,0,1,ok:0,nan,0.0,0.0,0,http://localhost:9446/metrics:status=0
2026-03-08T15:55:09.481580Z,402.568447,3.043447,2443847201,5855255959,9675792,10836652,154749,137464,859,841,0,0,154749,137464,16025346,15915867,89878,87875,0,0,16025346,15915867,1,ok:1,89926,65600,12889524,9258246,1,ok:3,0,0,0,0,1,ok:0,nan,0.0,0.0,0,http://localhost:9446/metrics:status=0
2026-03-08T15:55:12.530644Z,405.619597,3.051150,2443940592,5855343355,9676244,10837106,93391,87396,452,454,0,0,93391,87396,16118737,16003263,90330,88329,0,0,16118737,16003263,1,ok:1,90015,65712,12979539,9323958,1,ok:3,0,0,0,0,1,ok:0,nan,0.0,0.0,0,http://localhost:9446/metrics:status=0
2026-03-08T15:55:15.580015Z,408.668519,3.048922,2444066797,5855479391,9677038,10837876,126205,136036,794,770,0,0,126205,136036,16244942,16139299,91124,89099,0,0,16244942,16139299,1,ok:1,89961,65670,13069500,9389628,1,ok:3,0,0,0,0,1,ok:0,nan,0.0,0.0,0,http://localhost:9446/metrics:status=0
2026-03-08T15:55:18.632658Z,411.719645,3.051125,2444184133,5855594226,9677671,10838511,117336,114835,633,635,0,0,117336,114835,16362278,16254134,91757,89734,0,0,16362278,16254134,1,ok:1,127704,86427,13197204,9476055,1,ok:3,0,0,0,0,1,ok:0,nan,0.0,0.0,0,http://localhost:9446/metrics:status=0
2026-03-08T15:55:21.682019Z,414.770358,3.050713,2444319040,5855697096,9678348,10839178,134907,102870,677,667,0,0,134907,102870,16497185,16357004,92434,90401,0,0,16497185,16357004,1,ok:1,89982,65712,13287186,9541767,1,ok:3,0,0,0,0,1,ok:0,nan,0.0,0.0,0,http://localhost:9446/metrics:status=0
2026-03-08T15:55:24.740807Z,417.819924,3.049566,2444452484,5855835859,9679107,10839938,133444,138763,759,760,0,0,133444,138763,16630629,16495767,93193,91161,0,0,16630629,16495767,1,ok:1,111734,79658,13398920,9621425,1,ok:3,0,0,0,0,1,ok:0,nan,0.0,0.0,0,http://localhost:9446/metrics:status=0
2026-03-08T15:55:27.788254Z,420.879607,3.059683,2444560187,5855931006,9679647,10840474,107703,95147,540,536,0,0,107703,95147,16738332,16590914,93733,91697,0,0,16738332,16590914,1,ok:1,94685,73738,13493605,9695163,1,ok:3,0,0,0,0,1,ok:0,nan,0.0,0.0,0,http://localhost:9446/metrics:status=0
2026-03-08T15:55:30.837650Z,423.928265,3.048658,2444696258,5856063181,9680358,10841205,136071,132175,711,731,0,0,136071,132175,16874403,16723089,94444,92428,0,0,16874403,16723089,1,ok:1,151576,106408,13645181,9801571,1,ok:3,0,0,0,0,1,ok:0,nan,0.0,0.0,0,http://localhost:9446/metrics:status=0
2026-03-08T15:55:33.886258Z,426.978085,3.049821,2444819875,5856175895,9681049,10841872,123617,112714,691,667,0,0,123617,112714,16998020,16835803,95135,93095,0,0,16998020,16835803,1,ok:1,129595,89414,13774776,9890985,1,ok:3,0,0,0,0,1,ok:0,nan,0.0,0.0,0,http://localhost:9446/metrics:status=0
2026-03-08T15:55:36.936738Z,430.024748,3.046663,2444927106,5856292735,9681639,10842468,107231,116840,590,596,0,0,107231,116840,17105251,16952643,95725,93691,0,0,17105251,16952643,1,ok:1,89964,65781,13864740,9956766,1,ok:3,0,0,0,0,1,ok:0,nan,0.0,0.0,0,http://localhost:9446/metrics:status=0
2026-03-08T15:55:39.992607Z,433.077188,3.052440,2445062437,5856417594,9682425,10843231,135331,124859,786,763,0,0,135331,124859,17240582,17077502,96511,94454,0,0,17240582,17077502,1,ok:1,90075,65832,13954815,10022598,1,ok:3,0,0,0,0,1,ok:0,nan,0.0,0.0,0,http://localhost:9446/metrics:status=0
2026-03-08T15:55:43.038655Z,436.132050,3.054861,2445159467,5856520719,9682946,10843765,97030,103125,521,534,0,0,97030,103125,17337612,17180627,97032,94988,0,0,17337612,17180627,1,ok:1,89999,65680,14044814,10088278,1,ok:3,0,0,0,0,1,ok:0,nan,0.0,0.0,0,http://localhost:9446/metrics:status=0
2026-03-08T15:55:46.089528Z,439.178563,3.046514,2445282038,5856636292,9683642,10844415,122571,115573,696,650,0,0,122571,115573,17460183,17296200,97728,95638,0,0,17460183,17296200,1,ok:1,90003,65688,14134817,10153966,1,ok:3,0,0,0,0,1,ok:0,nan,0.0,0.0,0,http://localhost:9446/metrics:status=0
2026-03-08T15:55:49.143407Z,442.229578,3.051014,2445421563,5856766077,9684445,10845187,139525,129785,803,772,0,0,139525,129785,17599708,17425985,98531,96410,0,0,17599708,17425985,1,ok:1,90008,65698,14224825,10219664,1,ok:3,0,0,0,0,1,ok:0,nan,0.0,0.0,0,http://localhost:9446/metrics:status=0
2026-03-08T15:55:52.187982Z,445.281597,3.052019,2445517661,5856877633,9684970,10845718,96098,111556,525,531,0,0,96098,111556,17695806,17537541,99056,96941,0,0,17695806,17537541,1,ok:1,127782,86451,14352607,10306115,1,ok:3,0,0,0,0,1,ok:0,nan,0.0,0.0,0,http://localhost:9446/metrics:status=0
2026-03-08T15:55:55.236974Z,448.328397,3.046800,2445646843,5857014115,9685726,10846440,129182,136482,756,722,0,0,129182,136482,17824988,17674023,99812,97663,0,0,17824988,17674023,1,ok:1,89951,65650,14442558,10371765,1,ok:3,0,0,0,0,1,ok:0,nan,0.0,0.0,0,http://localhost:9446/metrics:status=0
2026-03-08T15:55:58.288739Z,451.377258,3.048861,2445755267,5857132414,9686315,10847018,108424,118299,589,578,0,0,108424,118299,17933412,17792322,100401,98241,0,0,17933412,17792322,1,ok:1,90057,65730,14532615,10437495,1,ok:3,0,0,0,0,1,ok:0,nan,0.0,0.0,0,http://localhost:9446/metrics:status=0
2026-03-08T15:56:01.331649Z,454.428907,3.051650,2445893047,5857255568,9687089,10847774,137780,123154,774,756,0,0,137780,123154,18071192,17915476,101175,98997,0,0,18071192,17915476,1,ok:1,90037,65756,14622652,10503251,1,ok:3,0,0,0,0,1,ok:0,nan,0.0,0.0,0,http://localhost:9446/metrics:status=0
2026-03-08T15:56:04.373581Z,457.472055,3.043147,2446010690,5857388351,9687810,10848466,117643,132783,721,692,0,0,117643,132783,18188835,18048259,101896,99689,0,0,18188835,18048259,1,ok:1,89938,65624,14712590,10568875,1,ok:3,0,0,0,0,1,ok:0,nan,0.0,0.0,0,http://localhost:9446/metrics:status=0
2026-03-08T15:56:07.423470Z,460.514032,3.041977,2446102359,5857493752,9688334,10848988,91669,105401,524,522,0,0,91669,105401,18280504,18153660,102420,100211,0,0,18280504,18153660,1,ok:1,90005,65692,14802595,10634567,1,ok:3,0,0,0,0,1,ok:0,nan,0.0,0.0,0,http://localhost:9446/metrics:status=0
2026-03-08T15:56:10.473102Z,463.563953,3.049921,2446231372,5857617149,9689057,10849691,129013,123397,723,703,0,0,129013,123397,18409517,18277057,103143,100914,0,0,18409517,18277057,1,ok:1,127797,86481,14930392,10721048,1,ok:3,0,0,0,0,1,ok:0,nan,0.0,0.0,0,http://localhost:9446/metrics:status=0
2026-03-08T15:56:13.520976Z,466.611637,3.047683,2446367329,5857734884,9689763,10850385,135957,117735,706,694,0,0,135957,117735,18545474,18394792,103849,101608,0,0,18545474,18394792,1,ok:1,89981,65644,15020373,10786692,1,ok:3,0,0,0,0,1,ok:0,nan,0.0,0.0,0,http://localhost:9446/metrics:status=0
2026-03-08T15:56:16.571763Z,469.661438,3.049801,2446484249,5857844789,9690415,10851039,116920,109905,652,654,0,0,116920,109905,18662394,18504697,104501,102262,0,0,18662394,18504697,1,ok:1,89984,65716,15110357,10852408,1,ok:3,0,0,0,0,1,ok:0,nan,0.0,0.0,0,http://localhost:9446/metrics:status=0
2026-03-08T15:56:19.615036Z,472.712245,3.050808,2446618897,5857983972,9691227,10851819,134648,139183,812,780,0,0,134648,139183,18797042,18643880,105313,103042,0,0,18797042,18643880,1,ok:1,89970,65688,15200327,10918096,1,ok:3,0,0,0,0,1,ok:0,nan,0.0,0.0,0,http://localhost:9446/metrics:status=0
2026-03-08T15:56:22.658922Z,475.755484,3.043238,2446720646,5858083651,9691732,10852320,101749,99679,505,501,0,0,101749,99679,18898791,18743559,105818,103543,0,0,18898791,18743559,1,ok:1,90014,65710,15290341,10983806,1,ok:3,0,0,0,0,1,ok:0,nan,0.0,0.0,0,http://localhost:9446/metrics:status=0
2026-03-08T15:56:25.708855Z,478.799387,3.043903,2446851036,5858216746,9692493,10853047,130390,133095,761,727,0,0,130390,133095,19029181,18876654,106579,104270,0,0,19029181,18876654,1,ok:1,90005,65692,15380346,11049498,1,ok:3,0,0,0,0,1,ok:0,nan,0.0,0.0,0,http://localhost:9446/metrics:status=0
2026-03-08T15:56:28.757457Z,481.847620,3.048233,2446966188,5858330255,9693164,10853696,115152,113509,671,649,0,0,115152,113509,19144333,18990163,107250,104919,0,0,19144333,18990163,1,ok:1,127739,86431,15508085,11135929,1,ok:3,0,0,0,0,1,ok:0,nan,0.0,0.0,0,http://localhost:9446/metrics:status=0
2026-03-08T15:56:31.807043Z,484.895637,3.048017,2447074074,5858437029,9693744,10854279,107886,106774,580,583,0,0,107886,106774,19252219,19096937,107830,105502,0,0,19252219,19096937,1,ok:1,89916,65646,15598001,11201575,1,ok:3,0,0,0,0,1,ok:0,nan,0.0,0.0,0,http://localhost:9446/metrics:status=0
2026-03-08T15:56:34.851513Z,487.944747,3.049110,2447207058,5858571738,9694552,10855054,132984,134709,808,775,0,0,132984,134709,19385203,19231646,108638,106277,0,0,19385203,19231646,1,ok:1,90004,65690,15688005,11267265,1,ok:3,0,0,0,0,1,ok:0,nan,0.0,0.0,0,http://localhost:9446/metrics:status=0
2026-03-08T15:56:37.902898Z,490.991612,3.046865,2447311869,5858684030,9695092,10855607,104811,112292,540,553,0,0,104811,112292,19490014,19343938,109178,106830,0,0,19490014,19343938,1,ok:1,90011,65704,15778016,11332969,1,ok:3,0,0,0,0,1,ok:0,nan,0.0,0.0,0,http://localhost:9446/metrics:status=0
2026-03-08T15:56:40.953400Z,494.043361,3.051749,2447437191,5858812725,9695778,10856273,125322,128695,686,666,0,0,125322,128695,19615336,19472633,109864,107496,0,0,19615336,19472633,1,ok:1,90008,65698,15868024,11398667,1,ok:3,0,0,0,0,1,ok:0,nan,0.0,0.0,0,http://localhost:9446/metrics:status=0
2026-03-08T15:56:44.007972Z,497.093860,3.050499,2447566045,5858923760,9696499,10856947,128854,111035,721,674,0,0,128854,111035,19744190,19583668,110585,108170,0,0,19744190,19583668,1,ok:1,89929,65672,15957953,11464339,1,ok:3,0,0,0,0,1,ok:0,nan,0.0,0.0,0,http://localhost:9446/metrics:status=0
2026-03-08T15:56:47.056121Z,500.147782,3.053922,2447676210,5859041492,9697105,10857555,110165,117732,606,608,0,0,110165,117732,19854355,19701400,111191,108778,0,0,19854355,19701400,1,ok:1,127740,86433,16085693,11550772,1,ok:3,0,0,0,0,1,ok:0,nan,0.0,0.0,0,http://localhost:9446/metrics:status=0
2026-03-08T15:56:50.107573Z,503.196596,3.048815,2447802560,5859181917,9697853,10858296,126350,140425,748,741,0,0,126350,140425,19980705,19841825,111939,109519,0,0,19980705,19841825,1,ok:1,89972,65626,16175665,11616398,1,ok:3,0,0,0,0,1,ok:0,nan,0.0,0.0,0,http://localhost:9446/metrics:status=0
2026-03-08T15:56:53.157772Z,506.248065,3.051469,2447912804,5859281166,9698413,10858845,110244,99249,560,549,0,0,110244,99249,20090949,19941074,112499,110068,0,0,20090949,19941074,1,ok:1,90039,65694,16265704,11682092,1,ok:3,0,0,0,0,1,ok:0,nan,0.0,0.0,0,http://localhost:9446/metrics:status=0
2026-03-08T15:56:56.206833Z,509.295260,3.047195,2448032123,5859412058,9699072,10859490,119319,130892,659,645,0,0,119319,130892,20210268,20071966,113158,110713,0,0,20210268,20071966,1,ok:1,89925,65664,16355629,11747756,1,ok:3,0,0,0,0,1,ok:0,nan,0.0,0.0,0,http://localhost:9446/metrics:status=0
2026-03-08T15:56:59.259842Z,512.347330,3.052070,2448151405,5859525998,9699784,10860196,119282,113940,712,706,0,0,119282,113940,20329550,20185906,113870,111419,0,0,20329550,20185906,1,ok:1,89968,65684,16445597,11813440,1,ok:3,0,0,0,0,1,ok:0,nan,0.0,0.0,0,http://localhost:9446/metrics:status=0
2026-03-08T15:57:02.314999Z,515.400329,3.052999,2448257888,5859619690,9700329,10860728,106483,93692,545,532,0,0,106483,93692,20436033,20279598,114415,111951,0,0,20436033,20279598,1,ok:1,89911,65636,16535508,11879076,1,ok:3,0,0,0,0,1,ok:0,nan,0.0,0.0,0,http://localhost:9446/metrics:status=0
2026-03-08T15:57:05.367770Z,518.455041,3.054713,2448398837,5859751443,9701155,10861543,140949,131753,826,815,0,0,140949,131753,20576982,20411351,115241,112766,0,0,20576982,20411351,1,ok:1,127700,86419,16663208,11965495,1,ok:3,0,0,0,0,1,ok:0,nan,0.0,0.0,0,http://localhost:9446/metrics:status=0
2026-03-08T15:57:08.412829Z,521.508142,3.053101,2448496213,5859858537,9701721,10862095,97376,107094,566,552,0,0,97376,107094,20674358,20518445,115807,113318,0,0,20674358,20518445,1,ok:1,90019,65720,16753227,12031215,1,ok:3,0,0,0,0,1,ok:0,nan,0.0,0.0,0,http://localhost:9446/metrics:status=0
2026-03-08T15:57:11.467995Z,524.552878,3.044736,2448617183,5859998594,9702430,10862797,120970,140057,709,702,0,0,120970,140057,20795328,20658502,116516,114020,0,0,20795328,20658502,1,ok:1,89947,65642,16843174,12096857,1,ok:3,0,0,0,0,1,ok:0,nan,0.0,0.0,0,http://localhost:9446/metrics:status=0
2026-03-08T15:57:14.521723Z,527.608056,3.055178,2448756886,5860132273,9703317,10863642,139703,133679,887,845,0,0,139703,133679,20935031,20792181,117403,114865,0,0,20935031,20792181,1,ok:1,90002,65686,16933176,12162543,1,ok:3,0,0,0,0,1,ok:0,nan,0.0,0.0,0,http://localhost:9446/metrics:status=0
2026-03-08T15:57:17.567105Z,530.659624,3.051568,2448868635,5860219651,9703813,10864144,111749,87378,496,502,0,0,111749,87378,21046780,20879559,117899,115367,0,0,21046780,20879559,1,ok:1,90002,65686,17023178,12228229,1,ok:3,0,0,0,0,1,ok:0,nan,0.0,0.0,0,http://localhost:9446/metrics:status=0
2026-03-08T15:57:20.616857Z,533.707417,3.047793,2448995954,5860366201,9704588,10864890,127319,146550,775,746,0,0,127319,146550,21174099,21026109,118674,116113,0,0,21174099,21026109,1,ok:1,89885,65584,17113063,12293813,1,ok:3,0,0,0,0,1,ok:0,nan,0.0,0.0,0,http://localhost:9446/metrics:status=0
2026-03-08T15:57:23.661925Z,536.755576,3.048160,2449120405,5860492428,9705303,10865587,124451,126227,715,697,0,0,124451,126227,21298550,21152336,119389,116810,0,0,21298550,21152336,1,ok:1,127783,86453,17240846,12380266,1,ok:3,0,0,0,0,1,ok:0,nan,0.0,0.0,0,http://localhost:9446/metrics:status=0
2026-03-08T15:57:26.704382Z,539.799585,3.044009,2449237855,5860610016,9705928,10866229,117450,117588,625,642,0,0,117450,117588,21416000,21269924,120014,117452,0,0,21416000,21269924,1,ok:1,89999,65680,17330845,12445946,1,ok:3,0,0,0,0,1,ok:0,nan,0.0,0.0,0,http://localhost:9446/metrics:status=0
2026-03-08T15:57:29.755748Z,542.844761,3.045176,2449374805,5860733387,9706764,10867037,136950,123371,836,808,0,0,136950,123371,21552950,21393295,120850,118260,0,0,21552950,21393295,1,ok:1,90000,65682,17420845,12511628,1,ok:3,0,0,0,0,1,ok:0,nan,0.0,0.0,0,http://localhost:9446/metrics:status=0
2026-03-08T15:57:32.806453Z,545.895609,3.050848,2449466334,5860828584,9707232,10867504,91529,95197,468,467,0,0,91529,95197,21644479,21488492,121318,118727,0,0,21644479,21488492,1,ok:1,89928,65604,17510773,12577232,1,ok:3,0,0,0,0,1,ok:0,nan,0.0,0.0,0,http://localhost:9446/metrics:status=0
2026-03-08T15:57:35.857613Z,548.946926,3.051317,2449590207,5860942316,9707879,10868151,123873,113732,647,647,0,0,123873,113732,21768352,21602224,121965,119374,0,0,21768352,21602224,1,ok:1,89889,65592,17600662,12642824,1,ok:3,0,0,0,0,1,ok:0,nan,0.0,0.0,0,http://localhost:9446/metrics:status=0
2026-03-08T15:57:38.904234Z,551.997365,3.050440,2449717483,5861064338,9708599,10868833,127276,122022,720,682,0,0,127276,122022,21895628,21724246,122685,120056,0,0,21895628,21724246,1,ok:1,89927,65602,17690589,12708426,1,ok:3,0,0,0,0,1,ok:0,nan,0.0,0.0,0,http://localhost:9446/metrics:status=0
2026-03-08T15:57:41.951580Z,555.043592,3.046226,2449830018,5861182172,9709211,10869448,112535,117834,612,615,0,0,112535,117834,22008163,21842080,123297,120671,0,0,22008163,21842080,1,ok:1,127701,86355,17818290,12794781,1,ok:3,0,0,0,0,1,ok:0,nan,0.0,0.0,0,http://localhost:9446/metrics:status=0
2026-03-08T15:57:45.002218Z,558.090724,3.047132,2449956836,5861308377,9709974,10870179,126818,126205,763,731,0,0,126818,126205,22134981,21968285,124060,121402,0,0,22134981,21968285,1,ok:1,89991,65664,17908281,12860445,1,ok:3,0,0,0,0,1,ok:0,nan,0.0,0.0,0,http://localhost:9446/metrics:status=0
2026-03-08T15:57:48.053835Z,561.141544,3.050821,2450063939,5861398680,9710526,10870706,107103,90303,552,527,0,0,107103,90303,22242084,22058588,124612,121929,0,0,22242084,22058588,1,ok:1,89935,65618,17998216,12926063,1,ok:3,0,0,0,0,1,ok:0,nan,0.0,0.0,0,http://localhost:9446/metrics:status=0
2026-03-08T15:57:51.101040Z,564.191392,3.049848,2450201837,5861536658,9711302,10871444,137898,137978,776,738,0,0,137898,137978,22379982,22196566,125388,122667,0,0,22379982,22196566,1,ok:1,90011,65704,18088227,12991767,1,ok:3,0,0,0,0,1,ok:0,nan,0.0,0.0,0,http://localhost:9446/metrics:status=0
2026-03-08T15:57:54.145820Z,567.239605,3.048213,2450316605,5861667782,9712040,10872147,114768,131124,738,703,0,0,114768,131124,22494750,22327690,126126,123370,0,0,22494750,22327690,1,ok:1,89957,65662,18178184,13057429,1,ok:3,0,0,0,0,1,ok:0,nan,0.0,0.0,0,http://localhost:9446/metrics:status=0
2026-03-08T15:57:57.196685Z,570.284215,3.044610,2450425877,5861772614,9712581,10872718,109272,104832,541,571,0,0,109272,104832,22604022,22432522,126667,123941,0,0,22604022,22432522,1,ok:1,90006,65694,18268190,13123123,1,ok:3,0,0,0,0,1,ok:0,nan,0.0,0.0,0,http://localhost:9446/metrics:status=0
2026-03-08T15:58:00.247709Z,573.337205,3.052990,2450560419,5861887068,9713332,10873456,134542,114454,751,738,0,0,134542,114454,22738564,22546976,127418,124679,0,0,22738564,22546976,1,ok:1,127747,86447,18395937,13209570,1,ok:3,0,0,0,0,1,ok:0,nan,0.0,0.0,0,http://localhost:9446/metrics:status=0
2026-03-08T15:58:03.297853Z,576.387279,3.050073,2450671298,5862006488,9713917,10874039,110879,119420,585,583,0,0,110879,119420,22849443,22666396,128003,125262,0,0,22849443,22666396,1,ok:1,89926,65600,18485863,13275170,1,ok:3,0,0,0,0,1,ok:0,nan,0.0,0.0,0,http://localhost:9446/metrics:status=0
2026-03-08T15:58:06.347173Z,579.436491,3.049212,2450791530,5862125551,9714611,10874719,120232,119063,694,680,0,0,120232,119063,22969675,22785459,128697,125942,0,0,22969675,22785459,1,ok:1,90020,65722,18575883,13340892,1,ok:3,0,0,0,0,1,ok:0,nan,0.0,0.0,0,http://localhost:9446/metrics:status=0
2026-03-08T15:58:09.387257Z,582.485668,3.049177,2450934577,5862260199,9715366,10875476,143047,134648,755,757,0,0,143047,134648,23112722,22920107,129452,126699,0,0,23112722,22920107,1,ok:1,89949,65646,18665832,13406538,1,ok:3,0,0,0,0,1,ok:0,nan,0.0,0.0,0,http://localhost:9446/metrics:status=0
2026-03-08T15:58:12.434601Z,585.525745,3.040077,2451021955,5862339156,9715838,10875963,87378,78957,472,487,0,0,87378,78957,23200100,22999064,129924,127186,0,0,23200100,22999064,1,ok:1,90045,65706,18755877,13472244,1,ok:3,0,0,0,0,1,ok:0,nan,0.0,0.0,0,http://localhost:9446/metrics:status=0
2026-03-08T15:58:15.486537Z,588.575085,3.049340,2451151350,5862464707,9716636,10876739,129395,125551,798,776,0,0,129395,125551,23329495,23124615,130722,127962,0,0,23329495,23124615,1,ok:1,89890,65594,18845767,13537838,1,ok:3,0,0,0,0,1,ok:0,nan,0.0,0.0,0,http://localhost:9446/metrics:status=0
2026-03-08T15:58:18.538076Z,591.627069,3.051984,2451266971,5862569166,9717267,10877355,115621,104459,631,616,0,0,115621,104459,23445116,23229074,131353,128578,0,0,23445116,23229074,1,ok:1,127710,86439,18973477,13624277,1,ok:3,0,0,0,0,1,ok:0,nan,0.0,0.0,0,http://localhost:9446/metrics:status=0
2026-03-08T15:58:21.589089Z,594.677227,3.050158,2451404489,5862706921,9718009,10878095,137518,137755,742,740,0,0,137518,137755,23582634,23366829,132095,129318,0,0,23582634,23366829,1,ok:1,90020,65722,19063497,13689999,1,ok:3,0,0,0,0,1,ok:0,nan,0.0,0.0,0,http://localhost:9446/metrics:status=0
2026-03-08T15:58:24.640873Z,597.729554,3.052326,2451539491,5862849026,9718840,10878894,135002,142105,831,799,0,0,135002,142105,23717636,23508934,132926,130117,0,0,23717636,23508934,1,ok:1,90030,65742,19153527,13755741,1,ok:3,0,0,0,0,1,ok:0,nan,0.0,0.0,0,http://localhost:9446/metrics:status=0
2026-03-08T15:58:27.689208Z,600.781009,3.051455,2451644934,5862954084,9719343,10879419,105443,105058,503,525,0,0,105443,105058,23823079,23613992,133429,130642,0,0,23823079,23613992,1,ok:1,90054,65790,19243581,13821531,1,ok:3,0,0,0,0,1,ok:0,nan,0.0,0.0,0,http://localhost:9446/metrics:status=0
