ts,operation,phase,cpu_total_pct,mem_used_pct,rx_bytes,tx_bytes,rx_bytes_interval,tx_bytes_interval,rx_bytes_delta,tx_bytes_delta,control_rx_bytes_interval,control_tx_bytes_interval,control_rx_bytes_delta,control_tx_bytes_delta,rx_bytes_interval_adjusted,tx_bytes_interval_adjusted,rx_bytes_delta_adjusted,tx_bytes_delta_adjusted,control_sampling_ok,control_sampling_note,tss_cpu_pct,tss_mem_pct,peer_cpu_pct,peer_mem_pct,orderer_cpu_pct,orderer_mem_pct,tss_pid_count,peer_pid_count,orderer_pid_count,phase_derived,phase_start_ts,phase_end_ts,phase_elapsed_s,marker_prev,marker_prev_ts,marker_prev_elapsed_s,marker_next,marker_next_ts,marker_next_elapsed_s,proposal_id_derived,workflow_derived,entity_id_derived,epoch_derived,timeline_markers,source_file
2026-03-08T07:49:45.005106Z,csr_1772956184,csr_submit,0.00,17.31,88320723,18625874,0,0,0,0,0,0,0,0,0,0,0,0,1,ok:3,0.00,0.31,0.00,1.97,0.00,0.59,1,1,1,csr_submit,2026-03-08T07:49:44.799402177Z,2026-03-08T07:49:46.927095457Z,0.206,csr_submit,2026-03-08T07:49:44.799402177Z,0.206,csr_observed,2026-03-08T07:49:46.927095457Z,1.922,csr-irs3-1772956184,csr,csr-irs3-1772956184,,"[[""csr_submit"", ""2026-03-08T07:49:44.799402177Z""], [""csr_observed"", ""2026-03-08T07:49:46.927095457Z""], [""csr_vote"", ""2026-03-08T07:49:50.085220645Z""], [""signing_session"", ""2026-03-08T07:49:53.263217184Z""], [""tss_signing"", ""2026-03-08T07:49:53.315969375Z""], [""tss_complete"", ""2026-03-08T07:49:56.004254883Z""], [""cert_sync"", ""2026-03-08T07:50:09.040000622Z""]]",/opt/fabric/benchmarks/out/suite_20260308_084131/run_004/raw/resources_csr_1772956184.csv
2026-03-08T07:49:46.100302Z,csr_1772956184,csr_submit,8.94,17.32,88321685,18626511,962,637,962,637,0,0,0,0,962,637,962,637,1,ok:3,0.23,0.31,2.06,1.97,0.23,0.59,1,1,1,csr_submit,2026-03-08T07:49:44.799402177Z,2026-03-08T07:49:46.927095457Z,1.301,csr_submit,2026-03-08T07:49:44.799402177Z,1.301,csr_observed,2026-03-08T07:49:46.927095457Z,0.827,csr-irs3-1772956184,csr,csr-irs3-1772956184,,"[[""csr_submit"", ""2026-03-08T07:49:44.799402177Z""], [""csr_observed"", ""2026-03-08T07:49:46.927095457Z""], [""csr_vote"", ""2026-03-08T07:49:50.085220645Z""], [""signing_session"", ""2026-03-08T07:49:53.263217184Z""], [""tss_signing"", ""2026-03-08T07:49:53.315969375Z""], [""tss_complete"", ""2026-03-08T07:49:56.004254883Z""], [""cert_sync"", ""2026-03-08T07:50:09.040000622Z""]]",/opt/fabric/benchmarks/out/suite_20260308_084131/run_004/raw/resources_csr_1772956184.csv
2026-03-08T07:49:47.194825Z,csr_1772956184,csr_wait_cert,7.39,17.32,88326192,18647816,4507,21305,5469,21942,0,0,0,0,4507,21305,5469,21942,1,ok:1,0.23,0.31,2.31,1.97,0.23,0.59,1,1,1,csr_observed,2026-03-08T07:49:46.927095457Z,2026-03-08T07:49:50.085220645Z,0.268,csr_observed,2026-03-08T07:49:46.927095457Z,0.268,csr_vote,2026-03-08T07:49:50.085220645Z,2.890,csr-irs3-1772956184,csr,csr-irs3-1772956184,,"[[""csr_submit"", ""2026-03-08T07:49:44.799402177Z""], [""csr_observed"", ""2026-03-08T07:49:46.927095457Z""], [""csr_vote"", ""2026-03-08T07:49:50.085220645Z""], [""signing_session"", ""2026-03-08T07:49:53.263217184Z""], [""tss_signing"", ""2026-03-08T07:49:53.315969375Z""], [""tss_complete"", ""2026-03-08T07:49:56.004254883Z""], [""cert_sync"", ""2026-03-08T07:50:09.040000622Z""]]",/opt/fabric/benchmarks/out/suite_20260308_084131/run_004/raw/resources_csr_1772956184.csv
2026-03-08T07:49:48.285193Z,csr_1772956184,csr_wait_cert,7.89,17.32,88341931,18656373,15739,8557,21208,30499,0,0,0,0,15739,8557,21208,30499,1,ok:1,0.70,0.31,3.71,1.97,0.70,0.59,1,1,1,csr_observed,2026-03-08T07:49:46.927095457Z,2026-03-08T07:49:50.085220645Z,1.358,csr_observed,2026-03-08T07:49:46.927095457Z,1.358,csr_vote,2026-03-08T07:49:50.085220645Z,1.800,csr-irs3-1772956184,csr,csr-irs3-1772956184,,"[[""csr_submit"", ""2026-03-08T07:49:44.799402177Z""], [""csr_observed"", ""2026-03-08T07:49:46.927095457Z""], [""csr_vote"", ""2026-03-08T07:49:50.085220645Z""], [""signing_session"", ""2026-03-08T07:49:53.263217184Z""], [""tss_signing"", ""2026-03-08T07:49:53.315969375Z""], [""tss_complete"", ""2026-03-08T07:49:56.004254883Z""], [""cert_sync"", ""2026-03-08T07:50:09.040000622Z""]]",/opt/fabric/benchmarks/out/suite_20260308_084131/run_004/raw/resources_csr_1772956184.csv
2026-03-08T07:49:49.382109Z,csr_1772956184,csr_wait_cert,5.35,17.32,88354354,18663563,12423,7190,33631,37689,0,0,0,0,12423,7190,33631,37689,1,ok:1,0.00,0.31,2.56,1.97,0.23,0.59,1,1,1,csr_observed,2026-03-08T07:49:46.927095457Z,2026-03-08T07:49:50.085220645Z,2.455,csr_observed,2026-03-08T07:49:46.927095457Z,2.455,csr_vote,2026-03-08T07:49:50.085220645Z,0.703,csr-irs3-1772956184,csr,csr-irs3-1772956184,,"[[""csr_submit"", ""2026-03-08T07:49:44.799402177Z""], [""csr_observed"", ""2026-03-08T07:49:46.927095457Z""], [""csr_vote"", ""2026-03-08T07:49:50.085220645Z""], [""signing_session"", ""2026-03-08T07:49:53.263217184Z""], [""tss_signing"", ""2026-03-08T07:49:53.315969375Z""], [""tss_complete"", ""2026-03-08T07:49:56.004254883Z""], [""cert_sync"", ""2026-03-08T07:50:09.040000622Z""]]",/opt/fabric/benchmarks/out/suite_20260308_084131/run_004/raw/resources_csr_1772956184.csv
2026-03-08T07:49:50.471069Z,csr_1772956184,csr_wait_cert,11.49,17.32,88369225,18720792,14871,57229,48502,94918,0,0,0,0,14871,57229,48502,94918,1,ok:1,1.15,0.30,4.83,1.97,0.92,0.59,1,1,1,csr_vote,2026-03-08T07:49:50.085220645Z,2026-03-08T07:49:53.263217184Z,0.386,csr_vote,2026-03-08T07:49:50.085220645Z,0.386,signing_session,2026-03-08T07:49:53.263217184Z,2.792,csr-irs3-1772956184,csr,csr-irs3-1772956184,,"[[""csr_submit"", ""2026-03-08T07:49:44.799402177Z""], [""csr_observed"", ""2026-03-08T07:49:46.927095457Z""], [""csr_vote"", ""2026-03-08T07:49:50.085220645Z""], [""signing_session"", ""2026-03-08T07:49:53.263217184Z""], [""tss_signing"", ""2026-03-08T07:49:53.315969375Z""], [""tss_complete"", ""2026-03-08T07:49:56.004254883Z""], [""cert_sync"", ""2026-03-08T07:50:09.040000622Z""]]",/opt/fabric/benchmarks/out/suite_20260308_084131/run_004/raw/resources_csr_1772956184.csv
2026-03-08T07:49:51.566366Z,csr_1772956184,csr_wait_cert,13.08,17.32,88392996,18737088,23771,16296,72273,111214,0,0,0,0,23771,16296,72273,111214,1,ok:1,0.93,0.30,5.37,1.97,0.23,0.59,1,1,1,csr_vote,2026-03-08T07:49:50.085220645Z,2026-03-08T07:49:53.263217184Z,1.481,csr_vote,2026-03-08T07:49:50.085220645Z,1.481,signing_session,2026-03-08T07:49:53.263217184Z,1.697,csr-irs3-1772956184,csr,csr-irs3-1772956184,,"[[""csr_submit"", ""2026-03-08T07:49:44.799402177Z""], [""csr_observed"", ""2026-03-08T07:49:46.927095457Z""], [""csr_vote"", ""2026-03-08T07:49:50.085220645Z""], [""signing_session"", ""2026-03-08T07:49:53.263217184Z""], [""tss_signing"", ""2026-03-08T07:49:53.315969375Z""], [""tss_complete"", ""2026-03-08T07:49:56.004254883Z""], [""cert_sync"", ""2026-03-08T07:50:09.040000622Z""]]",/opt/fabric/benchmarks/out/suite_20260308_084131/run_004/raw/resources_csr_1772956184.csv
2026-03-08T07:49:52.659295Z,csr_1772956184,csr_wait_cert,6.00,17.32,88399851,18775614,6855,38526,79128,149740,0,0,0,0,6855,38526,79128,149740,1,ok:1,0.23,0.30,2.31,1.97,0.46,0.59,1,1,1,csr_vote,2026-03-08T07:49:50.085220645Z,2026-03-08T07:49:53.263217184Z,2.574,csr_vote,2026-03-08T07:49:50.085220645Z,2.574,signing_session,2026-03-08T07:49:53.263217184Z,0.604,csr-irs3-1772956184,csr,csr-irs3-1772956184,,"[[""csr_submit"", ""2026-03-08T07:49:44.799402177Z""], [""csr_observed"", ""2026-03-08T07:49:46.927095457Z""], [""csr_vote"", ""2026-03-08T07:49:50.085220645Z""], [""signing_session"", ""2026-03-08T07:49:53.263217184Z""], [""tss_signing"", ""2026-03-08T07:49:53.315969375Z""], [""tss_complete"", ""2026-03-08T07:49:56.004254883Z""], [""cert_sync"", ""2026-03-08T07:50:09.040000622Z""]]",/opt/fabric/benchmarks/out/suite_20260308_084131/run_004/raw/resources_csr_1772956184.csv
2026-03-08T07:49:53.741071Z,csr_1772956184,csr_wait_cert,19.16,17.32,88451424,18809533,51573,33919,130701,183659,0,0,0,0,51573,33919,130701,183659,1,ok:1,11.21,0.30,3.74,1.97,0.00,0.59,1,1,1,tss_signing,2026-03-08T07:49:53.315969375Z,2026-03-08T07:49:56.004254883Z,0.425,tss_signing,2026-03-08T07:49:53.315969375Z,0.425,tss_complete,2026-03-08T07:49:56.004254883Z,2.263,csr-irs3-1772956184,csr,csr-irs3-1772956184,,"[[""csr_submit"", ""2026-03-08T07:49:44.799402177Z""], [""csr_observed"", ""2026-03-08T07:49:46.927095457Z""], [""csr_vote"", ""2026-03-08T07:49:50.085220645Z""], [""signing_session"", ""2026-03-08T07:49:53.263217184Z""], [""tss_signing"", ""2026-03-08T07:49:53.315969375Z""], [""tss_complete"", ""2026-03-08T07:49:56.004254883Z""], [""cert_sync"", ""2026-03-08T07:50:09.040000622Z""]]",/opt/fabric/benchmarks/out/suite_20260308_084131/run_004/raw/resources_csr_1772956184.csv
2026-03-08T07:49:54.903542Z,csr_1772956184,csr_wait_cert,80.97,17.33,88490243,18838586,38819,29053,169520,212712,0,0,0,0,38819,29053,169520,212712,1,ok:1,79.35,0.31,1.86,1.97,0.00,0.59,1,1,1,tss_signing,2026-03-08T07:49:53.315969375Z,2026-03-08T07:49:56.004254883Z,1.588,tss_signing,2026-03-08T07:49:53.315969375Z,1.588,tss_complete,2026-03-08T07:49:56.004254883Z,1.101,csr-irs3-1772956184,csr,csr-irs3-1772956184,,"[[""csr_submit"", ""2026-03-08T07:49:44.799402177Z""], [""csr_observed"", ""2026-03-08T07:49:46.927095457Z""], [""csr_vote"", ""2026-03-08T07:49:50.085220645Z""], [""signing_session"", ""2026-03-08T07:49:53.263217184Z""], [""tss_signing"", ""2026-03-08T07:49:53.315969375Z""], [""tss_complete"", ""2026-03-08T07:49:56.004254883Z""], [""cert_sync"", ""2026-03-08T07:50:09.040000622Z""]]",/opt/fabric/benchmarks/out/suite_20260308_084131/run_004/raw/resources_csr_1772956184.csv
2026-03-08T07:49:55.998189Z,csr_1772956184,csr_wait_cert,49.35,17.33,88536416,18922535,46173,83949,215693,296661,0,0,0,0,46173,83949,215693,296661,1,ok:1,39.83,0.31,2.38,1.97,0.43,0.59,1,1,1,tss_signing,2026-03-08T07:49:53.315969375Z,2026-03-08T07:49:56.004254883Z,2.682,tss_signing,2026-03-08T07:49:53.315969375Z,2.682,tss_complete,2026-03-08T07:49:56.004254883Z,0.006,csr-irs3-1772956184,csr,csr-irs3-1772956184,,"[[""csr_submit"", ""2026-03-08T07:49:44.799402177Z""], [""csr_observed"", ""2026-03-08T07:49:46.927095457Z""], [""csr_vote"", ""2026-03-08T07:49:50.085220645Z""], [""signing_session"", ""2026-03-08T07:49:53.263217184Z""], [""tss_signing"", ""2026-03-08T07:49:53.315969375Z""], [""tss_complete"", ""2026-03-08T07:49:56.004254883Z""], [""cert_sync"", ""2026-03-08T07:50:09.040000622Z""]]",/opt/fabric/benchmarks/out/suite_20260308_084131/run_004/raw/resources_csr_1772956184.csv
2026-03-08T07:49:57.091227Z,csr_1772956184,csr_wait_cert,12.04,17.34,88614782,18990167,78366,67632,294059,364293,0,0,0,0,78366,67632,294059,364293,1,ok:1,2.31,0.31,4.17,1.97,0.46,0.59,1,1,1,tss_complete,2026-03-08T07:49:56.004254883Z,2026-03-08T07:50:09.040000622Z,1.087,tss_complete,2026-03-08T07:49:56.004254883Z,1.087,cert_sync,2026-03-08T07:50:09.040000622Z,11.949,csr-irs3-1772956184,csr,csr-irs3-1772956184,,"[[""csr_submit"", ""2026-03-08T07:49:44.799402177Z""], [""csr_observed"", ""2026-03-08T07:49:46.927095457Z""], [""csr_vote"", ""2026-03-08T07:49:50.085220645Z""], [""signing_session"", ""2026-03-08T07:49:53.263217184Z""], [""tss_signing"", ""2026-03-08T07:49:53.315969375Z""], [""tss_complete"", ""2026-03-08T07:49:56.004254883Z""], [""cert_sync"", ""2026-03-08T07:50:09.040000622Z""]]",/opt/fabric/benchmarks/out/suite_20260308_084131/run_004/raw/resources_csr_1772956184.csv
2026-03-08T07:49:58.184188Z,csr_1772956184,csr_wait_cert,6.65,17.34,88619107,19029259,4325,39092,298384,403385,0,0,0,0,4325,39092,298384,403385,1,ok:1,0.23,0.31,2.29,1.97,0.46,0.59,1,1,1,tss_complete,2026-03-08T07:49:56.004254883Z,2026-03-08T07:50:09.040000622Z,2.180,tss_complete,2026-03-08T07:49:56.004254883Z,2.180,cert_sync,2026-03-08T07:50:09.040000622Z,10.856,csr-irs3-1772956184,csr,csr-irs3-1772956184,,"[[""csr_submit"", ""2026-03-08T07:49:44.799402177Z""], [""csr_observed"", ""2026-03-08T07:49:46.927095457Z""], [""csr_vote"", ""2026-03-08T07:49:50.085220645Z""], [""signing_session"", ""2026-03-08T07:49:53.263217184Z""], [""tss_signing"", ""2026-03-08T07:49:53.315969375Z""], [""tss_complete"", ""2026-03-08T07:49:56.004254883Z""], [""cert_sync"", ""2026-03-08T07:50:09.040000622Z""]]",/opt/fabric/benchmarks/out/suite_20260308_084131/run_004/raw/resources_csr_1772956184.csv
2026-03-08T07:49:59.280678Z,csr_1772956184,csr_wait_cert,6.42,17.34,88623411,19033633,4304,4374,302688,407759,0,0,0,0,4304,4374,302688,407759,1,ok:1,0.23,0.31,2.06,1.97,0.00,0.59,1,1,1,tss_complete,2026-03-08T07:49:56.004254883Z,2026-03-08T07:50:09.040000622Z,3.276,tss_complete,2026-03-08T07:49:56.004254883Z,3.276,cert_sync,2026-03-08T07:50:09.040000622Z,9.759,csr-irs3-1772956184,csr,csr-irs3-1772956184,,"[[""csr_submit"", ""2026-03-08T07:49:44.799402177Z""], [""csr_observed"", ""2026-03-08T07:49:46.927095457Z""], [""csr_vote"", ""2026-03-08T07:49:50.085220645Z""], [""signing_session"", ""2026-03-08T07:49:53.263217184Z""], [""tss_signing"", ""2026-03-08T07:49:53.315969375Z""], [""tss_complete"", ""2026-03-08T07:49:56.004254883Z""], [""cert_sync"", ""2026-03-08T07:50:09.040000622Z""]]",/opt/fabric/benchmarks/out/suite_20260308_084131/run_004/raw/resources_csr_1772956184.csv
2026-03-08T07:50:00.374583Z,csr_1772956184,csr_wait_cert,11.21,17.34,88644483,19046545,21072,12912,323760,420671,0,0,0,0,21072,12912,323760,420671,1,ok:1,0.70,0.31,5.61,1.97,0.47,0.59,1,1,1,tss_complete,2026-03-08T07:49:56.004254883Z,2026-03-08T07:50:09.040000622Z,4.370,tss_complete,2026-03-08T07:49:56.004254883Z,4.370,cert_sync,2026-03-08T07:50:09.040000622Z,8.665,csr-irs3-1772956184,csr,csr-irs3-1772956184,,"[[""csr_submit"", ""2026-03-08T07:49:44.799402177Z""], [""csr_observed"", ""2026-03-08T07:49:46.927095457Z""], [""csr_vote"", ""2026-03-08T07:49:50.085220645Z""], [""signing_session"", ""2026-03-08T07:49:53.263217184Z""], [""tss_signing"", ""2026-03-08T07:49:53.315969375Z""], [""tss_complete"", ""2026-03-08T07:49:56.004254883Z""], [""cert_sync"", ""2026-03-08T07:50:09.040000622Z""]]",/opt/fabric/benchmarks/out/suite_20260308_084131/run_004/raw/resources_csr_1772956184.csv
2026-03-08T07:50:01.465693Z,csr_1772956184,csr_wait_cert,5.32,17.34,88645713,19047456,1230,911,324990,421582,0,0,0,0,1230,911,324990,421582,1,ok:1,0.46,0.31,1.85,1.97,0.00,0.59,1,1,1,tss_complete,2026-03-08T07:49:56.004254883Z,2026-03-08T07:50:09.040000622Z,5.461,tss_complete,2026-03-08T07:49:56.004254883Z,5.461,cert_sync,2026-03-08T07:50:09.040000622Z,7.574,csr-irs3-1772956184,csr,csr-irs3-1772956184,,"[[""csr_submit"", ""2026-03-08T07:49:44.799402177Z""], [""csr_observed"", ""2026-03-08T07:49:46.927095457Z""], [""csr_vote"", ""2026-03-08T07:49:50.085220645Z""], [""signing_session"", ""2026-03-08T07:49:53.263217184Z""], [""tss_signing"", ""2026-03-08T07:49:53.315969375Z""], [""tss_complete"", ""2026-03-08T07:49:56.004254883Z""], [""cert_sync"", ""2026-03-08T07:50:09.040000622Z""]]",/opt/fabric/benchmarks/out/suite_20260308_084131/run_004/raw/resources_csr_1772956184.csv
2026-03-08T07:50:02.559131Z,csr_1772956184,csr_wait_cert,5.83,17.34,88648596,19074624,2883,27168,327873,448750,0,0,0,0,2883,27168,327873,448750,1,ok:1,0.47,0.31,2.56,1.97,0.47,0.59,1,1,1,tss_complete,2026-03-08T07:49:56.004254883Z,2026-03-08T07:50:09.040000622Z,6.555,tss_complete,2026-03-08T07:49:56.004254883Z,6.555,cert_sync,2026-03-08T07:50:09.040000622Z,6.481,csr-irs3-1772956184,csr,csr-irs3-1772956184,,"[[""csr_submit"", ""2026-03-08T07:49:44.799402177Z""], [""csr_observed"", ""2026-03-08T07:49:46.927095457Z""], [""csr_vote"", ""2026-03-08T07:49:50.085220645Z""], [""signing_session"", ""2026-03-08T07:49:53.263217184Z""], [""tss_signing"", ""2026-03-08T07:49:53.315969375Z""], [""tss_complete"", ""2026-03-08T07:49:56.004254883Z""], [""cert_sync"", ""2026-03-08T07:50:09.040000622Z""]]",/opt/fabric/benchmarks/out/suite_20260308_084131/run_004/raw/resources_csr_1772956184.csv
2026-03-08T07:50:23.689770Z,revocation_1772956223,revocation_propose,0.00,17.38,88707769,19127402,0,0,0,0,0,0,0,0,0,0,0,0,1,ok:3,0.00,0.30,0.00,1.97,0.00,0.59,1,1,1,pre,,2026-03-08T07:50:25.613349581Z,,,,,revocation_propose,2026-03-08T07:50:25.613349581Z,1.924,revoke-irs3-1772956223,revocation,revoke-irs3-1772956223,,"[[""revocation_propose"", ""2026-03-08T07:50:25.613349581Z""], [""revocation_observed"", ""2026-03-08T07:50:25.625224974Z""], [""revocation_vote"", ""2026-03-08T07:50:29.228307135Z""], [""revocation_execute"", ""2026-03-08T07:50:29.246644407Z""]]",/opt/fabric/benchmarks/out/suite_20260308_084131/run_004/raw/resources_revocation_1772956223.csv
2026-03-08T07:50:24.785048Z,revocation_1772956223,revocation_propose,8.67,17.38,88711851,19130017,4082,2615,4082,2615,0,0,0,0,4082,2615,4082,2615,1,ok:3,0.70,0.30,4.22,1.97,0.23,0.59,1,1,1,pre,,2026-03-08T07:50:25.613349581Z,,,,,revocation_propose,2026-03-08T07:50:25.613349581Z,0.828,revoke-irs3-1772956223,revocation,revoke-irs3-1772956223,,"[[""revocation_propose"", ""2026-03-08T07:50:25.613349581Z""], [""revocation_observed"", ""2026-03-08T07:50:25.625224974Z""], [""revocation_vote"", ""2026-03-08T07:50:29.228307135Z""], [""revocation_execute"", ""2026-03-08T07:50:29.246644407Z""]]",/opt/fabric/benchmarks/out/suite_20260308_084131/run_004/raw/resources_revocation_1772956223.csv
2026-03-08T07:50:25.879432Z,revocation_1772956223,revocation_wait,8.99,17.38,88713472,19145486,1621,15469,5703,18084,0,0,0,0,1621,15469,5703,18084,1,ok:1,0.23,0.30,1.84,1.97,0.46,0.59,1,1,1,revocation_observed,2026-03-08T07:50:25.625224974Z,2026-03-08T07:50:29.228307135Z,0.254,revocation_observed,2026-03-08T07:50:25.625224974Z,0.254,revocation_vote,2026-03-08T07:50:29.228307135Z,3.349,revoke-irs3-1772956223,revocation,revoke-irs3-1772956223,,"[[""revocation_propose"", ""2026-03-08T07:50:25.613349581Z""], [""revocation_observed"", ""2026-03-08T07:50:25.625224974Z""], [""revocation_vote"", ""2026-03-08T07:50:29.228307135Z""], [""revocation_execute"", ""2026-03-08T07:50:29.246644407Z""]]",/opt/fabric/benchmarks/out/suite_20260308_084131/run_004/raw/resources_revocation_1772956223.csv
2026-03-08T07:50:26.984042Z,revocation_1772956223,revocation_wait,4.13,17.38,88715724,19147335,2252,1849,7955,19933,0,0,0,0,2252,1849,7955,19933,1,ok:1,0.00,0.30,2.06,1.97,0.23,0.59,1,1,1,revocation_observed,2026-03-08T07:50:25.625224974Z,2026-03-08T07:50:29.228307135Z,1.359,revocation_observed,2026-03-08T07:50:25.625224974Z,1.359,revocation_vote,2026-03-08T07:50:29.228307135Z,2.244,revoke-irs3-1772956223,revocation,revoke-irs3-1772956223,,"[[""revocation_propose"", ""2026-03-08T07:50:25.613349581Z""], [""revocation_observed"", ""2026-03-08T07:50:25.625224974Z""], [""revocation_vote"", ""2026-03-08T07:50:29.228307135Z""], [""revocation_execute"", ""2026-03-08T07:50:29.246644407Z""]]",/opt/fabric/benchmarks/out/suite_20260308_084131/run_004/raw/resources_revocation_1772956223.csv
2026-03-08T07:50:28.079759Z,revocation_1772956223,revocation_wait,14.38,17.38,88739274,19161668,23550,14333,31505,34266,0,0,0,0,23550,14333,31505,34266,1,ok:1,1.14,0.30,5.02,1.97,0.68,0.59,1,1,1,revocation_observed,2026-03-08T07:50:25.625224974Z,2026-03-08T07:50:29.228307135Z,2.455,revocation_observed,2026-03-08T07:50:25.625224974Z,2.455,revocation_vote,2026-03-08T07:50:29.228307135Z,1.149,revoke-irs3-1772956223,revocation,revoke-irs3-1772956223,,"[[""revocation_propose"", ""2026-03-08T07:50:25.613349581Z""], [""revocation_observed"", ""2026-03-08T07:50:25.625224974Z""], [""revocation_vote"", ""2026-03-08T07:50:29.228307135Z""], [""revocation_execute"", ""2026-03-08T07:50:29.246644407Z""]]",/opt/fabric/benchmarks/out/suite_20260308_084131/run_004/raw/resources_revocation_1772956223.csv
2026-03-08T07:50:29.174734Z,revocation_1772956223,revocation_wait,4.84,17.38,88750489,19167516,11215,5848,42720,40114,0,0,0,0,11215,5848,42720,40114,1,ok:1,0.00,0.30,1.84,1.97,0.46,0.59,1,1,1,revocation_observed,2026-03-08T07:50:25.625224974Z,2026-03-08T07:50:29.228307135Z,3.550,revocation_observed,2026-03-08T07:50:25.625224974Z,3.550,revocation_vote,2026-03-08T07:50:29.228307135Z,0.054,revoke-irs3-1772956223,revocation,revoke-irs3-1772956223,,"[[""revocation_propose"", ""2026-03-08T07:50:25.613349581Z""], [""revocation_observed"", ""2026-03-08T07:50:25.625224974Z""], [""revocation_vote"", ""2026-03-08T07:50:29.228307135Z""], [""revocation_execute"", ""2026-03-08T07:50:29.246644407Z""]]",/opt/fabric/benchmarks/out/suite_20260308_084131/run_004/raw/resources_revocation_1772956223.csv
2026-03-08T07:50:30.269321Z,revocation_1772956223,revocation_wait,16.04,17.38,88777764,19227233,27275,59717,69995,99831,0,0,0,0,27275,59717,69995,99831,1,ok:1,0.94,0.30,6.84,1.97,0.71,0.59,1,1,1,post,2026-03-08T07:50:29.246644407Z,,1.023,revocation_execute,2026-03-08T07:50:29.246644407Z,1.023,,,,revoke-irs3-1772956223,revocation,revoke-irs3-1772956223,,"[[""revocation_propose"", ""2026-03-08T07:50:25.613349581Z""], [""revocation_observed"", ""2026-03-08T07:50:25.625224974Z""], [""revocation_vote"", ""2026-03-08T07:50:29.228307135Z""], [""revocation_execute"", ""2026-03-08T07:50:29.246644407Z""]]",/opt/fabric/benchmarks/out/suite_20260308_084131/run_004/raw/resources_revocation_1772956223.csv
2026-03-08T07:50:31.364578Z,revocation_1772956223,revocation_wait,3.70,17.38,88781631,19230884,3867,3651,73862,103482,0,0,0,0,3867,3651,73862,103482,1,ok:1,0.00,0.30,1.62,1.97,0.23,0.59,1,1,1,post,2026-03-08T07:50:29.246644407Z,,2.118,revocation_execute,2026-03-08T07:50:29.246644407Z,2.118,,,,revoke-irs3-1772956223,revocation,revoke-irs3-1772956223,,"[[""revocation_propose"", ""2026-03-08T07:50:25.613349581Z""], [""revocation_observed"", ""2026-03-08T07:50:25.625224974Z""], [""revocation_vote"", ""2026-03-08T07:50:29.228307135Z""], [""revocation_execute"", ""2026-03-08T07:50:29.246644407Z""]]",/opt/fabric/benchmarks/out/suite_20260308_084131/run_004/raw/resources_revocation_1772956223.csv
2026-03-08T07:50:50.235119Z,removal_1772956249,removal_submit,0.00,17.39,88840134,19318848,0,0,0,0,0,0,0,0,0,0,0,0,1,ok:3,0.00,0.30,0.00,1.97,0.00,0.60,1,1,1,reshare_keygen_start,2026-03-07T15:08:25.500006697Z,2026-03-08T07:50:52.171124316Z,60144.735,reshare_keygen_start,2026-03-07T15:08:25.500006697Z,60144.735,removal_propose,2026-03-08T07:50:52.171124316Z,1.936,remove-irs3-member1-1772956250,removal,remove-irs3-member1-1772956250,60,"[[""reshare_complete"", ""2026-02-28T14:39:04.138060725Z""], [""reshare_ack"", ""2026-03-07T15:06:52.71409671Z""], [""reshare_keygen_start"", ""2026-03-07T15:08:25.500006697Z""], [""removal_propose"", ""2026-03-08T07:50:52.171124316Z""], [""removal_observed"", ""2026-03-08T07:50:52.183470837Z""], [""removal_vote"", ""2026-03-08T07:50:56.830734901Z""], [""removal_executed"", ""2026-03-08T07:50:56.926390585Z""]]",/opt/fabric/benchmarks/out/suite_20260308_084131/run_004/raw/resources_removal_1772956249.csv
2026-03-08T07:50:51.326870Z,removal_1772956249,removal_submit,9.41,17.39,88842751,19321657,2617,2809,2617,2809,0,0,0,0,2617,2809,2617,2809,1,ok:3,0.94,0.30,4.00,1.97,0.00,0.60,1,1,1,reshare_keygen_start,2026-03-07T15:08:25.500006697Z,2026-03-08T07:50:52.171124316Z,60145.827,reshare_keygen_start,2026-03-07T15:08:25.500006697Z,60145.827,removal_propose,2026-03-08T07:50:52.171124316Z,0.844,remove-irs3-member1-1772956250,removal,remove-irs3-member1-1772956250,60,"[[""reshare_complete"", ""2026-02-28T14:39:04.138060725Z""], [""reshare_ack"", ""2026-03-07T15:06:52.71409671Z""], [""reshare_keygen_start"", ""2026-03-07T15:08:25.500006697Z""], [""removal_propose"", ""2026-03-08T07:50:52.171124316Z""], [""removal_observed"", ""2026-03-08T07:50:52.183470837Z""], [""removal_vote"", ""2026-03-08T07:50:56.830734901Z""], [""removal_executed"", ""2026-03-08T07:50:56.926390585Z""]]",/opt/fabric/benchmarks/out/suite_20260308_084131/run_004/raw/resources_removal_1772956249.csv
2026-03-08T07:50:52.422840Z,removal_1772956249,removal_wait_vote,7.89,17.39,88848098,19342268,5347,20611,7964,23420,0,0,0,0,5347,20611,7964,23420,1,ok:1,0.23,0.30,3.48,1.97,0.70,0.60,1,1,1,removal_observed,2026-03-08T07:50:52.183470837Z,2026-03-08T07:50:56.830734901Z,0.239,removal_observed,2026-03-08T07:50:52.183470837Z,0.239,removal_vote,2026-03-08T07:50:56.830734901Z,4.408,remove-irs3-member1-1772956250,removal,remove-irs3-member1-1772956250,60,"[[""reshare_complete"", ""2026-02-28T14:39:04.138060725Z""], [""reshare_ack"", ""2026-03-07T15:06:52.71409671Z""], [""reshare_keygen_start"", ""2026-03-07T15:08:25.500006697Z""], [""removal_propose"", ""2026-03-08T07:50:52.171124316Z""], [""removal_observed"", ""2026-03-08T07:50:52.183470837Z""], [""removal_vote"", ""2026-03-08T07:50:56.830734901Z""], [""removal_executed"", ""2026-03-08T07:50:56.926390585Z""]]",/opt/fabric/benchmarks/out/suite_20260308_084131/run_004/raw/resources_removal_1772956249.csv
2026-03-08T07:50:53.514540Z,removal_1772956249,removal_wait_vote,4.60,17.40,88858560,19347780,10462,5512,18426,28932,0,0,0,0,10462,5512,18426,28932,1,ok:1,0.00,0.30,0.69,1.97,0.23,0.60,1,1,1,removal_observed,2026-03-08T07:50:52.183470837Z,2026-03-08T07:50:56.830734901Z,1.331,removal_observed,2026-03-08T07:50:52.183470837Z,1.331,removal_vote,2026-03-08T07:50:56.830734901Z,3.316,remove-irs3-member1-1772956250,removal,remove-irs3-member1-1772956250,60,"[[""reshare_complete"", ""2026-02-28T14:39:04.138060725Z""], [""reshare_ack"", ""2026-03-07T15:06:52.71409671Z""], [""reshare_keygen_start"", ""2026-03-07T15:08:25.500006697Z""], [""removal_propose"", ""2026-03-08T07:50:52.171124316Z""], [""removal_observed"", ""2026-03-08T07:50:52.183470837Z""], [""removal_vote"", ""2026-03-08T07:50:56.830734901Z""], [""removal_executed"", ""2026-03-08T07:50:56.926390585Z""]]",/opt/fabric/benchmarks/out/suite_20260308_084131/run_004/raw/resources_removal_1772956249.csv
2026-03-08T07:50:54.605811Z,removal_1772956249,removal_wait_vote,10.54,17.40,88870675,19385226,12115,37446,30541,66378,0,0,0,0,12115,37446,30541,66378,1,ok:1,0.94,0.30,4.68,1.97,0.94,0.60,1,1,1,removal_observed,2026-03-08T07:50:52.183470837Z,2026-03-08T07:50:56.830734901Z,2.422,removal_observed,2026-03-08T07:50:52.183470837Z,2.422,removal_vote,2026-03-08T07:50:56.830734901Z,2.225,remove-irs3-member1-1772956250,removal,remove-irs3-member1-1772956250,60,"[[""reshare_complete"", ""2026-02-28T14:39:04.138060725Z""], [""reshare_ack"", ""2026-03-07T15:06:52.71409671Z""], [""reshare_keygen_start"", ""2026-03-07T15:08:25.500006697Z""], [""removal_propose"", ""2026-03-08T07:50:52.171124316Z""], [""removal_observed"", ""2026-03-08T07:50:52.183470837Z""], [""removal_vote"", ""2026-03-08T07:50:56.830734901Z""], [""removal_executed"", ""2026-03-08T07:50:56.926390585Z""]]",/opt/fabric/benchmarks/out/suite_20260308_084131/run_004/raw/resources_removal_1772956249.csv
2026-03-08T07:50:55.700185Z,removal_1772956249,removal_wait_vote,8.39,17.40,88900222,19401690,29547,16464,60088,82842,0,0,0,0,29547,16464,60088,82842,1,ok:1,0.23,0.30,3.96,1.97,0.47,0.60,1,1,1,removal_observed,2026-03-08T07:50:52.183470837Z,2026-03-08T07:50:56.830734901Z,3.517,removal_observed,2026-03-08T07:50:52.183470837Z,3.517,removal_vote,2026-03-08T07:50:56.830734901Z,1.131,remove-irs3-member1-1772956250,removal,remove-irs3-member1-1772956250,60,"[[""reshare_complete"", ""2026-02-28T14:39:04.138060725Z""], [""reshare_ack"", ""2026-03-07T15:06:52.71409671Z""], [""reshare_keygen_start"", ""2026-03-07T15:08:25.500006697Z""], [""removal_propose"", ""2026-03-08T07:50:52.171124316Z""], [""removal_observed"", ""2026-03-08T07:50:52.183470837Z""], [""removal_vote"", ""2026-03-08T07:50:56.830734901Z""], [""removal_executed"", ""2026-03-08T07:50:56.926390585Z""]]",/opt/fabric/benchmarks/out/suite_20260308_084131/run_004/raw/resources_removal_1772956249.csv
2026-03-08T07:50:56.795072Z,removal_1772956249,removal_wait_vote,5.77,17.40,88903680,19404202,3458,2512,63546,85354,0,0,0,0,3458,2512,63546,85354,1,ok:1,0.23,0.30,1.62,1.97,0.23,0.60,1,1,1,removal_observed,2026-03-08T07:50:52.183470837Z,2026-03-08T07:50:56.830734901Z,4.612,removal_observed,2026-03-08T07:50:52.183470837Z,4.612,removal_vote,2026-03-08T07:50:56.830734901Z,0.036,remove-irs3-member1-1772956250,removal,remove-irs3-member1-1772956250,60,"[[""reshare_complete"", ""2026-02-28T14:39:04.138060725Z""], [""reshare_ack"", ""2026-03-07T15:06:52.71409671Z""], [""reshare_keygen_start"", ""2026-03-07T15:08:25.500006697Z""], [""removal_propose"", ""2026-03-08T07:50:52.171124316Z""], [""removal_observed"", ""2026-03-08T07:50:52.183470837Z""], [""removal_vote"", ""2026-03-08T07:50:56.830734901Z""], [""removal_executed"", ""2026-03-08T07:50:56.926390585Z""]]",/opt/fabric/benchmarks/out/suite_20260308_084131/run_004/raw/resources_removal_1772956249.csv
2026-03-08T07:50:57.886291Z,removal_1772956249,removal_wait_vote,8.80,17.40,88914563,19448806,10883,44604,74429,129958,0,0,0,0,10883,44604,74429,129958,1,ok:1,0.46,0.30,3.70,1.97,0.23,0.60,1,1,1,post,2026-03-08T07:50:56.926390585Z,,0.960,removal_executed,2026-03-08T07:50:56.926390585Z,0.960,,,,remove-irs3-member1-1772956250,removal,remove-irs3-member1-1772956250,60,"[[""reshare_complete"", ""2026-02-28T14:39:04.138060725Z""], [""reshare_ack"", ""2026-03-07T15:06:52.71409671Z""], [""reshare_keygen_start"", ""2026-03-07T15:08:25.500006697Z""], [""removal_propose"", ""2026-03-08T07:50:52.171124316Z""], [""removal_observed"", ""2026-03-08T07:50:52.183470837Z""], [""removal_vote"", ""2026-03-08T07:50:56.830734901Z""], [""removal_executed"", ""2026-03-08T07:50:56.926390585Z""]]",/opt/fabric/benchmarks/out/suite_20260308_084131/run_004/raw/resources_removal_1772956249.csv
2026-03-08T07:50:58.982547Z,removal_1772956249,removal_wait_reshare,8.56,17.40,88925143,19454004,10580,5198,85009,135156,0,0,0,0,10580,5198,85009,135156,1,ok:1,0.23,0.30,2.31,1.97,0.23,0.60,1,1,1,post,2026-03-08T07:50:56.926390585Z,,2.056,removal_executed,2026-03-08T07:50:56.926390585Z,2.056,,,,remove-irs3-member1-1772956250,removal,remove-irs3-member1-1772956250,60,"[[""reshare_complete"", ""2026-02-28T14:39:04.138060725Z""], [""reshare_ack"", ""2026-03-07T15:06:52.71409671Z""], [""reshare_keygen_start"", ""2026-03-07T15:08:25.500006697Z""], [""removal_propose"", ""2026-03-08T07:50:52.171124316Z""], [""removal_observed"", ""2026-03-08T07:50:52.183470837Z""], [""removal_vote"", ""2026-03-08T07:50:56.830734901Z""], [""removal_executed"", ""2026-03-08T07:50:56.926390585Z""]]",/opt/fabric/benchmarks/out/suite_20260308_084131/run_004/raw/resources_removal_1772956249.csv
2026-03-08T07:51:00.075892Z,removal_1772956249,removal_wait_reshare,6.98,17.40,88942881,19492320,17738,38316,102747,173472,0,0,0,0,17738,38316,102747,173472,1,ok:1,0.23,0.30,3.02,1.97,1.16,0.60,1,1,1,post,2026-03-08T07:50:56.926390585Z,,3.150,removal_executed,2026-03-08T07:50:56.926390585Z,3.150,,,,remove-irs3-member1-1772956250,removal,remove-irs3-member1-1772956250,60,"[[""reshare_complete"", ""2026-02-28T14:39:04.138060725Z""], [""reshare_ack"", ""2026-03-07T15:06:52.71409671Z""], [""reshare_keygen_start"", ""2026-03-07T15:08:25.500006697Z""], [""removal_propose"", ""2026-03-08T07:50:52.171124316Z""], [""removal_observed"", ""2026-03-08T07:50:52.183470837Z""], [""removal_vote"", ""2026-03-08T07:50:56.830734901Z""], [""removal_executed"", ""2026-03-08T07:50:56.926390585Z""]]",/opt/fabric/benchmarks/out/suite_20260308_084131/run_004/raw/resources_removal_1772956249.csv
2026-03-08T07:51:01.169875Z,removal_1772956249,removal_wait_reshare,4.16,17.40,88943990,19493152,1109,832,103856,174304,0,0,0,0,1109,832,103856,174304,1,ok:1,0.00,0.30,1.39,1.97,0.00,0.60,1,1,1,post,2026-03-08T07:50:56.926390585Z,,4.243,removal_executed,2026-03-08T07:50:56.926390585Z,4.243,,,,remove-irs3-member1-1772956250,removal,remove-irs3-member1-1772956250,60,"[[""reshare_complete"", ""2026-02-28T14:39:04.138060725Z""], [""reshare_ack"", ""2026-03-07T15:06:52.71409671Z""], [""reshare_keygen_start"", ""2026-03-07T15:08:25.500006697Z""], [""removal_propose"", ""2026-03-08T07:50:52.171124316Z""], [""removal_observed"", ""2026-03-08T07:50:52.183470837Z""], [""removal_vote"", ""2026-03-08T07:50:56.830734901Z""], [""removal_executed"", ""2026-03-08T07:50:56.926390585Z""]]",/opt/fabric/benchmarks/out/suite_20260308_084131/run_004/raw/resources_removal_1772956249.csv
2026-03-08T07:51:02.265034Z,removal_1772956249,removal_wait_reshare,7.08,17.40,88945579,19508793,1589,15641,105445,189945,0,0,0,0,1589,15641,105445,189945,1,ok:1,0.00,0.30,1.83,1.97,0.46,0.60,1,1,1,post,2026-03-08T07:50:56.926390585Z,,5.339,removal_executed,2026-03-08T07:50:56.926390585Z,5.339,,,,remove-irs3-member1-1772956250,removal,remove-irs3-member1-1772956250,60,"[[""reshare_complete"", ""2026-02-28T14:39:04.138060725Z""], [""reshare_ack"", ""2026-03-07T15:06:52.71409671Z""], [""reshare_keygen_start"", ""2026-03-07T15:08:25.500006697Z""], [""removal_propose"", ""2026-03-08T07:50:52.171124316Z""], [""removal_observed"", ""2026-03-08T07:50:52.183470837Z""], [""removal_vote"", ""2026-03-08T07:50:56.830734901Z""], [""removal_executed"", ""2026-03-08T07:50:56.926390585Z""]]",/opt/fabric/benchmarks/out/suite_20260308_084131/run_004/raw/resources_removal_1772956249.csv
2026-03-08T07:51:03.357869Z,removal_1772956249,removal_wait_reshare,6.00,17.40,88948950,19512259,3371,3466,108816,193411,0,0,0,0,3371,3466,108816,193411,1,ok:1,0.23,0.30,2.08,1.97,0.00,0.60,1,1,1,post,2026-03-08T07:50:56.926390585Z,,6.431,removal_executed,2026-03-08T07:50:56.926390585Z,6.431,,,,remove-irs3-member1-1772956250,removal,remove-irs3-member1-1772956250,60,"[[""reshare_complete"", ""2026-02-28T14:39:04.138060725Z""], [""reshare_ack"", ""2026-03-07T15:06:52.71409671Z""], [""reshare_keygen_start"", ""2026-03-07T15:08:25.500006697Z""], [""removal_propose"", ""2026-03-08T07:50:52.171124316Z""], [""removal_observed"", ""2026-03-08T07:50:52.183470837Z""], [""removal_vote"", ""2026-03-08T07:50:56.830734901Z""], [""removal_executed"", ""2026-03-08T07:50:56.926390585Z""]]",/opt/fabric/benchmarks/out/suite_20260308_084131/run_004/raw/resources_removal_1772956249.csv
2026-03-08T07:51:04.453218Z,removal_1772956249,removal_wait_reshare,5.28,17.40,88955664,19518215,6714,5956,115530,199367,0,0,0,0,6714,5956,115530,199367,1,ok:1,0.00,0.30,2.29,1.97,0.00,0.60,1,1,1,post,2026-03-08T07:50:56.926390585Z,,7.527,removal_executed,2026-03-08T07:50:56.926390585Z,7.527,,,,remove-irs3-member1-1772956250,removal,remove-irs3-member1-1772956250,60,"[[""reshare_complete"", ""2026-02-28T14:39:04.138060725Z""], [""reshare_ack"", ""2026-03-07T15:06:52.71409671Z""], [""reshare_keygen_start"", ""2026-03-07T15:08:25.500006697Z""], [""removal_propose"", ""2026-03-08T07:50:52.171124316Z""], [""removal_observed"", ""2026-03-08T07:50:52.183470837Z""], [""removal_vote"", ""2026-03-08T07:50:56.830734901Z""], [""removal_executed"", ""2026-03-08T07:50:56.926390585Z""]]",/opt/fabric/benchmarks/out/suite_20260308_084131/run_004/raw/resources_removal_1772956249.csv
2026-03-08T07:51:05.546480Z,removal_1772956249,removal_wait_reshare,3.92,17.40,88956586,19518863,922,648,116452,200015,0,0,0,0,922,648,116452,200015,1,ok:1,0.46,0.30,1.15,1.97,0.00,0.60,1,1,1,post,2026-03-08T07:50:56.926390585Z,,8.620,removal_executed,2026-03-08T07:50:56.926390585Z,8.620,,,,remove-irs3-member1-1772956250,removal,remove-irs3-member1-1772956250,60,"[[""reshare_complete"", ""2026-02-28T14:39:04.138060725Z""], [""reshare_ack"", ""2026-03-07T15:06:52.71409671Z""], [""reshare_keygen_start"", ""2026-03-07T15:08:25.500006697Z""], [""removal_propose"", ""2026-03-08T07:50:52.171124316Z""], [""removal_observed"", ""2026-03-08T07:50:52.183470837Z""], [""removal_vote"", ""2026-03-08T07:50:56.830734901Z""], [""removal_executed"", ""2026-03-08T07:50:56.926390585Z""]]",/opt/fabric/benchmarks/out/suite_20260308_084131/run_004/raw/resources_removal_1772956249.csv
2026-03-08T07:51:06.642018Z,removal_1772956249,removal_wait_reshare,4.60,17.40,88958411,19520106,1825,1243,118277,201258,178,0,178,0,1647,1243,118099,201258,1,ok:2,0.00,0.30,1.84,1.97,0.00,0.60,1,1,1,post,2026-03-08T07:50:56.926390585Z,,9.716,removal_executed,2026-03-08T07:50:56.926390585Z,9.716,,,,remove-irs3-member1-1772956250,removal,remove-irs3-member1-1772956250,60,"[[""reshare_complete"", ""2026-02-28T14:39:04.138060725Z""], [""reshare_ack"", ""2026-03-07T15:06:52.71409671Z""], [""reshare_keygen_start"", ""2026-03-07T15:08:25.500006697Z""], [""removal_propose"", ""2026-03-08T07:50:52.171124316Z""], [""removal_observed"", ""2026-03-08T07:50:52.183470837Z""], [""removal_vote"", ""2026-03-08T07:50:56.830734901Z""], [""removal_executed"", ""2026-03-08T07:50:56.926390585Z""]]",/opt/fabric/benchmarks/out/suite_20260308_084131/run_004/raw/resources_removal_1772956249.csv
2026-03-08T07:51:07.736089Z,removal_1772956249,removal_wait_reshare,4.38,17.40,88962435,19524564,4024,4458,122301,205716,0,0,178,0,4024,4458,122123,205716,1,ok:1,0.00,0.30,1.15,1.97,0.00,0.60,1,1,1,post,2026-03-08T07:50:56.926390585Z,,10.810,removal_executed,2026-03-08T07:50:56.926390585Z,10.810,,,,remove-irs3-member1-1772956250,removal,remove-irs3-member1-1772956250,60,"[[""reshare_complete"", ""2026-02-28T14:39:04.138060725Z""], [""reshare_ack"", ""2026-03-07T15:06:52.71409671Z""], [""reshare_keygen_start"", ""2026-03-07T15:08:25.500006697Z""], [""removal_propose"", ""2026-03-08T07:50:52.171124316Z""], [""removal_observed"", ""2026-03-08T07:50:52.183470837Z""], [""removal_vote"", ""2026-03-08T07:50:56.830734901Z""], [""removal_executed"", ""2026-03-08T07:50:56.926390585Z""]]",/opt/fabric/benchmarks/out/suite_20260308_084131/run_004/raw/resources_removal_1772956249.csv
2026-03-08T07:51:08.827648Z,removal_1772956249,removal_wait_reshare,5.26,17.40,88965537,19526208,3102,1644,125403,207360,0,0,178,0,3102,1644,125225,207360,1,ok:1,0.23,0.30,1.83,1.97,0.23,0.60,1,1,1,post,2026-03-08T07:50:56.926390585Z,,11.901,removal_executed,2026-03-08T07:50:56.926390585Z,11.901,,,,remove-irs3-member1-1772956250,removal,remove-irs3-member1-1772956250,60,"[[""reshare_complete"", ""2026-02-28T14:39:04.138060725Z""], [""reshare_ack"", ""2026-03-07T15:06:52.71409671Z""], [""reshare_keygen_start"", ""2026-03-07T15:08:25.500006697Z""], [""removal_propose"", ""2026-03-08T07:50:52.171124316Z""], [""removal_observed"", ""2026-03-08T07:50:52.183470837Z""], [""removal_vote"", ""2026-03-08T07:50:56.830734901Z""], [""removal_executed"", ""2026-03-08T07:50:56.926390585Z""]]",/opt/fabric/benchmarks/out/suite_20260308_084131/run_004/raw/resources_removal_1772956249.csv
2026-03-08T07:51:09.923867Z,removal_1772956249,removal_wait_reshare,3.72,17.40,88967181,19527658,1644,1450,127047,208810,0,0,178,0,1644,1450,126869,208810,1,ok:1,0.00,0.30,1.40,1.97,0.23,0.60,1,1,1,post,2026-03-08T07:50:56.926390585Z,,12.997,removal_executed,2026-03-08T07:50:56.926390585Z,12.997,,,,remove-irs3-member1-1772956250,removal,remove-irs3-member1-1772956250,60,"[[""reshare_complete"", ""2026-02-28T14:39:04.138060725Z""], [""reshare_ack"", ""2026-03-07T15:06:52.71409671Z""], [""reshare_keygen_start"", ""2026-03-07T15:08:25.500006697Z""], [""removal_propose"", ""2026-03-08T07:50:52.171124316Z""], [""removal_observed"", ""2026-03-08T07:50:52.183470837Z""], [""removal_vote"", ""2026-03-08T07:50:56.830734901Z""], [""removal_executed"", ""2026-03-08T07:50:56.926390585Z""]]",/opt/fabric/benchmarks/out/suite_20260308_084131/run_004/raw/resources_removal_1772956249.csv
2026-03-08T07:51:11.016015Z,removal_1772956249,removal_wait_reshare,4.83,17.40,88969504,19530250,2323,2592,129370,211402,0,0,178,0,2323,2592,129192,211402,1,ok:1,0.23,0.30,2.07,1.97,0.00,0.60,1,1,1,post,2026-03-08T07:50:56.926390585Z,,14.090,removal_executed,2026-03-08T07:50:56.926390585Z,14.090,,,,remove-irs3-member1-1772956250,removal,remove-irs3-member1-1772956250,60,"[[""reshare_complete"", ""2026-02-28T14:39:04.138060725Z""], [""reshare_ack"", ""2026-03-07T15:06:52.71409671Z""], [""reshare_keygen_start"", ""2026-03-07T15:08:25.500006697Z""], [""removal_propose"", ""2026-03-08T07:50:52.171124316Z""], [""removal_observed"", ""2026-03-08T07:50:52.183470837Z""], [""removal_vote"", ""2026-03-08T07:50:56.830734901Z""], [""removal_executed"", ""2026-03-08T07:50:56.926390585Z""]]",/opt/fabric/benchmarks/out/suite_20260308_084131/run_004/raw/resources_removal_1772956249.csv
2026-03-08T07:51:12.108870Z,removal_1772956249,removal_wait_reshare,4.62,17.40,88973698,19533494,4194,3244,133564,214646,0,0,178,0,4194,3244,133386,214646,1,ok:1,0.23,0.30,1.62,1.97,0.00,0.60,1,1,1,post,2026-03-08T07:50:56.926390585Z,,15.182,removal_executed,2026-03-08T07:50:56.926390585Z,15.182,,,,remove-irs3-member1-1772956250,removal,remove-irs3-member1-1772956250,60,"[[""reshare_complete"", ""2026-02-28T14:39:04.138060725Z""], [""reshare_ack"", ""2026-03-07T15:06:52.71409671Z""], [""reshare_keygen_start"", ""2026-03-07T15:08:25.500006697Z""], [""removal_propose"", ""2026-03-08T07:50:52.171124316Z""], [""removal_observed"", ""2026-03-08T07:50:52.183470837Z""], [""removal_vote"", ""2026-03-08T07:50:56.830734901Z""], [""removal_executed"", ""2026-03-08T07:50:56.926390585Z""]]",/opt/fabric/benchmarks/out/suite_20260308_084131/run_004/raw/resources_removal_1772956249.csv
2026-03-08T07:51:13.200255Z,removal_1772956249,removal_wait_reshare,3.94,17.40,88974819,19534340,1121,846,134685,215492,0,0,178,0,1121,846,134507,215492,1,ok:1,0.23,0.30,1.16,1.97,0.00,0.60,1,1,1,post,2026-03-08T07:50:56.926390585Z,,16.274,removal_executed,2026-03-08T07:50:56.926390585Z,16.274,,,,remove-irs3-member1-1772956250,removal,remove-irs3-member1-1772956250,60,"[[""reshare_complete"", ""2026-02-28T14:39:04.138060725Z""], [""reshare_ack"", ""2026-03-07T15:06:52.71409671Z""], [""reshare_keygen_start"", ""2026-03-07T15:08:25.500006697Z""], [""removal_propose"", ""2026-03-08T07:50:52.171124316Z""], [""removal_observed"", ""2026-03-08T07:50:52.183470837Z""], [""removal_vote"", ""2026-03-08T07:50:56.830734901Z""], [""removal_executed"", ""2026-03-08T07:50:56.926390585Z""]]",/opt/fabric/benchmarks/out/suite_20260308_084131/run_004/raw/resources_removal_1772956249.csv
2026-03-08T07:51:14.293633Z,removal_1772956249,removal_wait_reshare,3.46,17.40,88976210,19535792,1391,1452,136076,216944,0,0,178,0,1391,1452,135898,216944,1,ok:1,0.00,0.30,1.38,1.97,0.00,0.60,1,1,1,post,2026-03-08T07:50:56.926390585Z,,17.367,removal_executed,2026-03-08T07:50:56.926390585Z,17.367,,,,remove-irs3-member1-1772956250,removal,remove-irs3-member1-1772956250,60,"[[""reshare_complete"", ""2026-02-28T14:39:04.138060725Z""], [""reshare_ack"", ""2026-03-07T15:06:52.71409671Z""], [""reshare_keygen_start"", ""2026-03-07T15:08:25.500006697Z""], [""removal_propose"", ""2026-03-08T07:50:52.171124316Z""], [""removal_observed"", ""2026-03-08T07:50:52.183470837Z""], [""removal_vote"", ""2026-03-08T07:50:56.830734901Z""], [""removal_executed"", ""2026-03-08T07:50:56.926390585Z""]]",/opt/fabric/benchmarks/out/suite_20260308_084131/run_004/raw/resources_removal_1772956249.csv
2026-03-08T07:51:15.384431Z,removal_1772956249,removal_wait_reshare,5.10,17.41,88978850,19538482,2640,2690,138716,219634,0,0,178,0,2640,2690,138538,219634,1,ok:1,0.00,0.30,2.09,1.97,0.00,0.60,1,1,1,post,2026-03-08T07:50:56.926390585Z,,18.458,removal_executed,2026-03-08T07:50:56.926390585Z,18.458,,,,remove-irs3-member1-1772956250,removal,remove-irs3-member1-1772956250,60,"[[""reshare_complete"", ""2026-02-28T14:39:04.138060725Z""], [""reshare_ack"", ""2026-03-07T15:06:52.71409671Z""], [""reshare_keygen_start"", ""2026-03-07T15:08:25.500006697Z""], [""removal_propose"", ""2026-03-08T07:50:52.171124316Z""], [""removal_observed"", ""2026-03-08T07:50:52.183470837Z""], [""removal_vote"", ""2026-03-08T07:50:56.830734901Z""], [""removal_executed"", ""2026-03-08T07:50:56.926390585Z""]]",/opt/fabric/benchmarks/out/suite_20260308_084131/run_004/raw/resources_removal_1772956249.csv
2026-03-08T07:51:16.475239Z,removal_1772956249,removal_wait_reshare,5.79,17.41,89002551,19550936,23701,12454,162417,232088,0,0,178,0,23701,12454,162239,232088,1,ok:1,0.00,0.30,2.55,1.97,0.23,0.60,1,1,1,post,2026-03-08T07:50:56.926390585Z,,19.549,removal_executed,2026-03-08T07:50:56.926390585Z,19.549,,,,remove-irs3-member1-1772956250,removal,remove-irs3-member1-1772956250,60,"[[""reshare_complete"", ""2026-02-28T14:39:04.138060725Z""], [""reshare_ack"", ""2026-03-07T15:06:52.71409671Z""], [""reshare_keygen_start"", ""2026-03-07T15:08:25.500006697Z""], [""removal_propose"", ""2026-03-08T07:50:52.171124316Z""], [""removal_observed"", ""2026-03-08T07:50:52.183470837Z""], [""removal_vote"", ""2026-03-08T07:50:56.830734901Z""], [""removal_executed"", ""2026-03-08T07:50:56.926390585Z""]]",/opt/fabric/benchmarks/out/suite_20260308_084131/run_004/raw/resources_removal_1772956249.csv
2026-03-08T07:51:17.569029Z,removal_1772956249,removal_wait_reshare,3.94,17.41,89003501,19551782,950,846,163367,232934,0,0,178,0,950,846,163189,232934,1,ok:1,0.23,0.30,1.16,1.97,0.23,0.60,1,1,1,post,2026-03-08T07:50:56.926390585Z,,20.643,removal_executed,2026-03-08T07:50:56.926390585Z,20.643,,,,remove-irs3-member1-1772956250,removal,remove-irs3-member1-1772956250,60,"[[""reshare_complete"", ""2026-02-28T14:39:04.138060725Z""], [""reshare_ack"", ""2026-03-07T15:06:52.71409671Z""], [""reshare_keygen_start"", ""2026-03-07T15:08:25.500006697Z""], [""removal_propose"", ""2026-03-08T07:50:52.171124316Z""], [""removal_observed"", ""2026-03-08T07:50:52.183470837Z""], [""removal_vote"", ""2026-03-08T07:50:56.830734901Z""], [""removal_executed"", ""2026-03-08T07:50:56.926390585Z""]]",/opt/fabric/benchmarks/out/suite_20260308_084131/run_004/raw/resources_removal_1772956249.csv
2026-03-08T07:51:18.663890Z,removal_1772956249,removal_wait_reshare,7.60,17.41,89017204,19589562,13703,37780,177070,270714,0,0,178,0,13703,37780,176892,270714,1,ok:1,0.46,0.30,2.76,1.97,0.69,0.60,1,1,1,post,2026-03-08T07:50:56.926390585Z,,21.738,removal_executed,2026-03-08T07:50:56.926390585Z,21.738,,,,remove-irs3-member1-1772956250,removal,remove-irs3-member1-1772956250,60,"[[""reshare_complete"", ""2026-02-28T14:39:04.138060725Z""], [""reshare_ack"", ""2026-03-07T15:06:52.71409671Z""], [""reshare_keygen_start"", ""2026-03-07T15:08:25.500006697Z""], [""removal_propose"", ""2026-03-08T07:50:52.171124316Z""], [""removal_observed"", ""2026-03-08T07:50:52.183470837Z""], [""removal_vote"", ""2026-03-08T07:50:56.830734901Z""], [""removal_executed"", ""2026-03-08T07:50:56.926390585Z""]]",/opt/fabric/benchmarks/out/suite_20260308_084131/run_004/raw/resources_removal_1772956249.csv
2026-03-08T07:51:19.756059Z,removal_1772956249,removal_wait_reshare,6.26,17.41,89034858,19602296,17654,12734,194724,283448,0,0,178,0,17654,12734,194546,283448,1,ok:1,0.00,0.30,3.02,1.97,0.00,0.60,1,1,1,post,2026-03-08T07:50:56.926390585Z,,22.830,removal_executed,2026-03-08T07:50:56.926390585Z,22.830,,,,remove-irs3-member1-1772956250,removal,remove-irs3-member1-1772956250,60,"[[""reshare_complete"", ""2026-02-28T14:39:04.138060725Z""], [""reshare_ack"", ""2026-03-07T15:06:52.71409671Z""], [""reshare_keygen_start"", ""2026-03-07T15:08:25.500006697Z""], [""removal_propose"", ""2026-03-08T07:50:52.171124316Z""], [""removal_observed"", ""2026-03-08T07:50:52.183470837Z""], [""removal_vote"", ""2026-03-08T07:50:56.830734901Z""], [""removal_executed"", ""2026-03-08T07:50:56.926390585Z""]]",/opt/fabric/benchmarks/out/suite_20260308_084131/run_004/raw/resources_removal_1772956249.csv
2026-03-08T07:51:20.840074Z,removal_1772956249,removal_done,6.94,17.41,89040113,19639851,5255,37555,199979,321003,0,0,178,0,5255,37555,199801,321003,1,ok:1,0.46,0.30,2.55,1.97,0.46,0.60,1,1,1,post,2026-03-08T07:50:56.926390585Z,,23.914,removal_executed,2026-03-08T07:50:56.926390585Z,23.914,,,,remove-irs3-member1-1772956250,removal,remove-irs3-member1-1772956250,60,"[[""reshare_complete"", ""2026-02-28T14:39:04.138060725Z""], [""reshare_ack"", ""2026-03-07T15:06:52.71409671Z""], [""reshare_keygen_start"", ""2026-03-07T15:08:25.500006697Z""], [""removal_propose"", ""2026-03-08T07:50:52.171124316Z""], [""removal_observed"", ""2026-03-08T07:50:52.183470837Z""], [""removal_vote"", ""2026-03-08T07:50:56.830734901Z""], [""removal_executed"", ""2026-03-08T07:50:56.926390585Z""]]",/opt/fabric/benchmarks/out/suite_20260308_084131/run_004/raw/resources_removal_1772956249.csv
2026-03-08T07:51:39.138011Z,join_1772956298,join_submit,0.00,17.39,89093646,19682994,0,0,0,0,0,0,0,0,0,0,0,0,1,ok:3,0.00,0.30,0.00,1.97,0.00,0.60,1,1,1,reshare_keygen_start,2026-03-07T13:25:31.674023016Z,2026-03-08T07:51:41.067115528Z,66367.464,reshare_keygen_start,2026-03-07T13:25:31.674023016Z,66367.464,join_submit,2026-03-08T07:51:41.067115528Z,1.929,join-irs3-1772956298,join,join-irs3-1772956298,18,"[[""reshare_complete"", ""2026-02-28T13:26:09.415977462Z""], [""reshare_ack"", ""2026-03-07T13:25:27.785477453Z""], [""reshare_keygen_start"", ""2026-03-07T13:25:31.674023016Z""], [""join_submit"", ""2026-03-08T07:51:41.067115528Z""], [""join_observed"", ""2026-03-08T07:51:41.07856024Z""]]",/opt/fabric/benchmarks/out/suite_20260308_084131/run_004/raw/resources_join_1772956298.csv
2026-03-08T07:51:40.230677Z,join_1772956298,join_submit,3.95,17.39,89098374,19686492,4728,3498,4728,3498,0,0,0,0,4728,3498,4728,3498,1,ok:3,0.00,0.30,1.86,1.97,0.00,0.60,1,1,1,reshare_keygen_start,2026-03-07T13:25:31.674023016Z,2026-03-08T07:51:41.067115528Z,66368.557,reshare_keygen_start,2026-03-07T13:25:31.674023016Z,66368.557,join_submit,2026-03-08T07:51:41.067115528Z,0.836,join-irs3-1772956298,join,join-irs3-1772956298,18,"[[""reshare_complete"", ""2026-02-28T13:26:09.415977462Z""], [""reshare_ack"", ""2026-03-07T13:25:27.785477453Z""], [""reshare_keygen_start"", ""2026-03-07T13:25:31.674023016Z""], [""join_submit"", ""2026-03-08T07:51:41.067115528Z""], [""join_observed"", ""2026-03-08T07:51:41.07856024Z""]]",/opt/fabric/benchmarks/out/suite_20260308_084131/run_004/raw/resources_join_1772956298.csv
2026-03-08T07:51:41.319794Z,join_1772956298,join_wait_vote,7.60,17.40,89100565,19705278,2191,18786,6919,22284,0,0,0,0,2191,18786,6919,22284,1,ok:1,0.23,0.30,1.84,1.97,0.46,0.60,1,1,1,post,2026-03-08T07:51:41.07856024Z,,0.241,join_observed,2026-03-08T07:51:41.07856024Z,0.241,,,,join-irs3-1772956298,join,join-irs3-1772956298,18,"[[""reshare_complete"", ""2026-02-28T13:26:09.415977462Z""], [""reshare_ack"", ""2026-03-07T13:25:27.785477453Z""], [""reshare_keygen_start"", ""2026-03-07T13:25:31.674023016Z""], [""join_submit"", ""2026-03-08T07:51:41.067115528Z""], [""join_observed"", ""2026-03-08T07:51:41.07856024Z""]]",/opt/fabric/benchmarks/out/suite_20260308_084131/run_004/raw/resources_join_1772956298.csv
2026-03-08T07:51:42.413030Z,join_1772956298,join_wait_vote,4.38,17.40,89101215,19705756,650,478,7569,22762,0,0,0,0,650,478,7569,22762,1,ok:1,0.00,0.30,1.15,1.97,0.23,0.60,1,1,1,post,2026-03-08T07:51:41.07856024Z,,1.334,join_observed,2026-03-08T07:51:41.07856024Z,1.334,,,,join-irs3-1772956298,join,join-irs3-1772956298,18,"[[""reshare_complete"", ""2026-02-28T13:26:09.415977462Z""], [""reshare_ack"", ""2026-03-07T13:25:27.785477453Z""], [""reshare_keygen_start"", ""2026-03-07T13:25:31.674023016Z""], [""join_submit"", ""2026-03-08T07:51:41.067115528Z""], [""join_observed"", ""2026-03-08T07:51:41.07856024Z""]]",/opt/fabric/benchmarks/out/suite_20260308_084131/run_004/raw/resources_join_1772956298.csv
2026-03-08T07:51:43.500835Z,join_1772956298,join_wait_vote,6.96,17.40,89126609,19722114,25394,16358,32963,39120,0,0,0,0,25394,16358,32963,39120,1,ok:1,0.23,0.30,3.25,1.97,0.46,0.60,1,1,1,post,2026-03-08T07:51:41.07856024Z,,2.422,join_observed,2026-03-08T07:51:41.07856024Z,2.422,,,,join-irs3-1772956298,join,join-irs3-1772956298,18,"[[""reshare_complete"", ""2026-02-28T13:26:09.415977462Z""], [""reshare_ack"", ""2026-03-07T13:25:27.785477453Z""], [""reshare_keygen_start"", ""2026-03-07T13:25:31.674023016Z""], [""join_submit"", ""2026-03-08T07:51:41.067115528Z""], [""join_observed"", ""2026-03-08T07:51:41.07856024Z""]]",/opt/fabric/benchmarks/out/suite_20260308_084131/run_004/raw/resources_join_1772956298.csv
2026-03-08T07:51:44.591290Z,join_1772956298,join_wait_vote,4.63,17.40,89132816,19726957,6207,4843,39170,43963,0,0,0,0,6207,4843,39170,43963,1,ok:1,0.00,0.30,2.08,1.97,0.00,0.60,1,1,1,post,2026-03-08T07:51:41.07856024Z,,3.513,join_observed,2026-03-08T07:51:41.07856024Z,3.513,,,,join-irs3-1772956298,join,join-irs3-1772956298,18,"[[""reshare_complete"", ""2026-02-28T13:26:09.415977462Z""], [""reshare_ack"", ""2026-03-07T13:25:27.785477453Z""], [""reshare_keygen_start"", ""2026-03-07T13:25:31.674023016Z""], [""join_submit"", ""2026-03-08T07:51:41.067115528Z""], [""join_observed"", ""2026-03-08T07:51:41.07856024Z""]]",/opt/fabric/benchmarks/out/suite_20260308_084131/run_004/raw/resources_join_1772956298.csv
2026-03-08T07:51:45.683450Z,join_1772956298,join_wait_vote,9.28,17.40,89147924,19770242,15108,43285,54278,87248,0,0,0,0,15108,43285,54278,87248,1,ok:1,0.46,0.30,2.78,1.97,0.70,0.60,1,1,1,post,2026-03-08T07:51:41.07856024Z,,4.605,join_observed,2026-03-08T07:51:41.07856024Z,4.605,,,,join-irs3-1772956298,join,join-irs3-1772956298,18,"[[""reshare_complete"", ""2026-02-28T13:26:09.415977462Z""], [""reshare_ack"", ""2026-03-07T13:25:27.785477453Z""], [""reshare_keygen_start"", ""2026-03-07T13:25:31.674023016Z""], [""join_submit"", ""2026-03-08T07:51:41.067115528Z""], [""join_observed"", ""2026-03-08T07:51:41.07856024Z""]]",/opt/fabric/benchmarks/out/suite_20260308_084131/run_004/raw/resources_join_1772956298.csv
2026-03-08T07:51:46.778368Z,join_1772956298,join_wait_vote,3.69,17.40,89149629,19771552,1705,1310,55983,88558,0,0,0,0,1705,1310,55983,88558,1,ok:1,0.00,0.30,1.15,1.97,0.23,0.60,1,1,1,post,2026-03-08T07:51:41.07856024Z,,5.700,join_observed,2026-03-08T07:51:41.07856024Z,5.700,,,,join-irs3-1772956298,join,join-irs3-1772956298,18,"[[""reshare_complete"", ""2026-02-28T13:26:09.415977462Z""], [""reshare_ack"", ""2026-03-07T13:25:27.785477453Z""], [""reshare_keygen_start"", ""2026-03-07T13:25:31.674023016Z""], [""join_submit"", ""2026-03-08T07:51:41.067115528Z""], [""join_observed"", ""2026-03-08T07:51:41.07856024Z""]]",/opt/fabric/benchmarks/out/suite_20260308_084131/run_004/raw/resources_join_1772956298.csv
2026-03-08T07:51:47.871924Z,join_1772956298,join_wait_vote,7.83,17.40,89165215,19804965,15586,33413,71569,121971,0,0,0,0,15586,33413,71569,121971,1,ok:1,0.23,0.30,3.23,1.97,0.69,0.60,1,1,1,post,2026-03-08T07:51:41.07856024Z,,6.793,join_observed,2026-03-08T07:51:41.07856024Z,6.793,,,,join-irs3-1772956298,join,join-irs3-1772956298,18,"[[""reshare_complete"", ""2026-02-28T13:26:09.415977462Z""], [""reshare_ack"", ""2026-03-07T13:25:27.785477453Z""], [""reshare_keygen_start"", ""2026-03-07T13:25:31.674023016Z""], [""join_submit"", ""2026-03-08T07:51:41.067115528Z""], [""join_observed"", ""2026-03-08T07:51:41.07856024Z""]]",/opt/fabric/benchmarks/out/suite_20260308_084131/run_004/raw/resources_join_1772956298.csv
2026-03-08T07:51:48.960961Z,join_1772956298,join_wait_vote,9.98,17.40,89176314,19813437,11099,8472,82668,130443,0,0,0,0,11099,8472,82668,130443,1,ok:1,0.70,0.30,4.87,1.97,0.46,0.60,1,1,1,post,2026-03-08T07:51:41.07856024Z,,7.882,join_observed,2026-03-08T07:51:41.07856024Z,7.882,,,,join-irs3-1772956298,join,join-irs3-1772956298,18,"[[""reshare_complete"", ""2026-02-28T13:26:09.415977462Z""], [""reshare_ack"", ""2026-03-07T13:25:27.785477453Z""], [""reshare_keygen_start"", ""2026-03-07T13:25:31.674023016Z""], [""join_submit"", ""2026-03-08T07:51:41.067115528Z""], [""join_observed"", ""2026-03-08T07:51:41.07856024Z""]]",/opt/fabric/benchmarks/out/suite_20260308_084131/run_004/raw/resources_join_1772956298.csv
2026-03-08T07:51:50.056453Z,join_1772956298,join_wait_reshare,11.40,17.41,89193484,19859177,17170,45740,99838,176183,0,0,0,0,17170,45740,99838,176183,1,ok:1,0.47,0.30,3.49,1.98,0.93,0.60,1,1,1,post,2026-03-08T07:51:41.07856024Z,,8.978,join_observed,2026-03-08T07:51:41.07856024Z,8.978,,,,join-irs3-1772956298,join,join-irs3-1772956298,18,"[[""reshare_complete"", ""2026-02-28T13:26:09.415977462Z""], [""reshare_ack"", ""2026-03-07T13:25:27.785477453Z""], [""reshare_keygen_start"", ""2026-03-07T13:25:31.674023016Z""], [""join_submit"", ""2026-03-08T07:51:41.067115528Z""], [""join_observed"", ""2026-03-08T07:51:41.07856024Z""]]",/opt/fabric/benchmarks/out/suite_20260308_084131/run_004/raw/resources_join_1772956298.csv
2026-03-08T07:51:51.149838Z,join_1772956298,join_wait_reshare,4.82,17.41,89205546,19866608,12062,7431,111900,183614,0,0,0,0,12062,7431,111900,183614,1,ok:1,0.00,0.30,1.61,1.98,0.23,0.60,1,1,1,post,2026-03-08T07:51:41.07856024Z,,10.071,join_observed,2026-03-08T07:51:41.07856024Z,10.071,,,,join-irs3-1772956298,join,join-irs3-1772956298,18,"[[""reshare_complete"", ""2026-02-28T13:26:09.415977462Z""], [""reshare_ack"", ""2026-03-07T13:25:27.785477453Z""], [""reshare_keygen_start"", ""2026-03-07T13:25:31.674023016Z""], [""join_submit"", ""2026-03-08T07:51:41.067115528Z""], [""join_observed"", ""2026-03-08T07:51:41.07856024Z""]]",/opt/fabric/benchmarks/out/suite_20260308_084131/run_004/raw/resources_join_1772956298.csv
2026-03-08T07:51:52.243006Z,join_1772956298,join_wait_reshare,12.91,17.41,89212596,19900132,7050,33524,118950,217138,0,0,0,0,7050,33524,118950,217138,1,ok:1,0.94,0.30,6.57,1.98,0.47,0.60,1,1,1,post,2026-03-08T07:51:41.07856024Z,,11.164,join_observed,2026-03-08T07:51:41.07856024Z,11.164,,,,join-irs3-1772956298,join,join-irs3-1772956298,18,"[[""reshare_complete"", ""2026-02-28T13:26:09.415977462Z""], [""reshare_ack"", ""2026-03-07T13:25:27.785477453Z""], [""reshare_keygen_start"", ""2026-03-07T13:25:31.674023016Z""], [""join_submit"", ""2026-03-08T07:51:41.067115528Z""], [""join_observed"", ""2026-03-08T07:51:41.07856024Z""]]",/opt/fabric/benchmarks/out/suite_20260308_084131/run_004/raw/resources_join_1772956298.csv
2026-03-08T07:51:53.333119Z,join_1772956298,join_wait_reshare,3.71,17.41,89222718,19904916,10122,4784,129072,221922,0,0,0,0,10122,4784,129072,221922,1,ok:1,0.00,0.30,1.39,1.98,0.23,0.60,1,1,1,post,2026-03-08T07:51:41.07856024Z,,12.255,join_observed,2026-03-08T07:51:41.07856024Z,12.255,,,,join-irs3-1772956298,join,join-irs3-1772956298,18,"[[""reshare_complete"", ""2026-02-28T13:26:09.415977462Z""], [""reshare_ack"", ""2026-03-07T13:25:27.785477453Z""], [""reshare_keygen_start"", ""2026-03-07T13:25:31.674023016Z""], [""join_submit"", ""2026-03-08T07:51:41.067115528Z""], [""join_observed"", ""2026-03-08T07:51:41.07856024Z""]]",/opt/fabric/benchmarks/out/suite_20260308_084131/run_004/raw/resources_join_1772956298.csv
2026-03-08T07:51:54.426881Z,join_1772956298,join_wait_reshare,9.56,17.41,89224174,19906314,1456,1398,130528,223320,0,0,0,0,1456,1398,130528,223320,1,ok:1,1.17,0.30,4.20,1.98,0.23,0.60,1,1,1,post,2026-03-08T07:51:41.07856024Z,,13.348,join_observed,2026-03-08T07:51:41.07856024Z,13.348,,,,join-irs3-1772956298,join,join-irs3-1772956298,18,"[[""reshare_complete"", ""2026-02-28T13:26:09.415977462Z""], [""reshare_ack"", ""2026-03-07T13:25:27.785477453Z""], [""reshare_keygen_start"", ""2026-03-07T13:25:31.674023016Z""], [""join_submit"", ""2026-03-08T07:51:41.067115528Z""], [""join_observed"", ""2026-03-08T07:51:41.07856024Z""]]",/opt/fabric/benchmarks/out/suite_20260308_084131/run_004/raw/resources_join_1772956298.csv
2026-03-08T07:51:55.522353Z,join_1772956298,join_wait_reshare,7.23,17.40,89246787,19941332,22613,35018,153141,258338,0,0,0,0,22613,35018,153141,258338,1,ok:1,1.17,0.30,2.56,1.98,0.23,0.60,1,1,1,post,2026-03-08T07:51:41.07856024Z,,14.444,join_observed,2026-03-08T07:51:41.07856024Z,14.444,,,,join-irs3-1772956298,join,join-irs3-1772956298,18,"[[""reshare_complete"", ""2026-02-28T13:26:09.415977462Z""], [""reshare_ack"", ""2026-03-07T13:25:27.785477453Z""], [""reshare_keygen_start"", ""2026-03-07T13:25:31.674023016Z""], [""join_submit"", ""2026-03-08T07:51:41.067115528Z""], [""join_observed"", ""2026-03-08T07:51:41.07856024Z""]]",/opt/fabric/benchmarks/out/suite_20260308_084131/run_004/raw/resources_join_1772956298.csv
2026-03-08T07:51:56.617158Z,join_1772956298,join_wait_reshare,5.49,17.40,89252077,19945478,5290,4146,158431,262484,0,0,0,0,5290,4146,158431,262484,1,ok:1,0.23,0.30,1.83,1.98,0.23,0.60,1,1,1,post,2026-03-08T07:51:41.07856024Z,,15.539,join_observed,2026-03-08T07:51:41.07856024Z,15.539,,,,join-irs3-1772956298,join,join-irs3-1772956298,18,"[[""reshare_complete"", ""2026-02-28T13:26:09.415977462Z""], [""reshare_ack"", ""2026-03-07T13:25:27.785477453Z""], [""reshare_keygen_start"", ""2026-03-07T13:25:31.674023016Z""], [""join_submit"", ""2026-03-08T07:51:41.067115528Z""], [""join_observed"", ""2026-03-08T07:51:41.07856024Z""]]",/opt/fabric/benchmarks/out/suite_20260308_084131/run_004/raw/resources_join_1772956298.csv
2026-03-08T07:51:57.710883Z,join_1772956298,join_wait_reshare,10.70,17.40,89261771,19954482,9694,9004,168125,271488,0,0,0,0,9694,9004,168125,271488,1,ok:1,1.40,0.30,3.95,1.98,0.00,0.60,1,1,1,post,2026-03-08T07:51:41.07856024Z,,16.632,join_observed,2026-03-08T07:51:41.07856024Z,16.632,,,,join-irs3-1772956298,join,join-irs3-1772956298,18,"[[""reshare_complete"", ""2026-02-28T13:26:09.415977462Z""], [""reshare_ack"", ""2026-03-07T13:25:27.785477453Z""], [""reshare_keygen_start"", ""2026-03-07T13:25:31.674023016Z""], [""join_submit"", ""2026-03-08T07:51:41.067115528Z""], [""join_observed"", ""2026-03-08T07:51:41.07856024Z""]]",/opt/fabric/benchmarks/out/suite_20260308_084131/run_004/raw/resources_join_1772956298.csv
2026-03-08T07:51:58.803137Z,join_1772956298,join_wait_reshare,3.24,17.40,89263421,19955608,1650,1126,169775,272614,0,0,0,0,1650,1126,169775,272614,1,ok:1,0.00,0.30,1.16,1.98,0.00,0.60,1,1,1,post,2026-03-08T07:51:41.07856024Z,,17.725,join_observed,2026-03-08T07:51:41.07856024Z,17.725,,,,join-irs3-1772956298,join,join-irs3-1772956298,18,"[[""reshare_complete"", ""2026-02-28T13:26:09.415977462Z""], [""reshare_ack"", ""2026-03-07T13:25:27.785477453Z""], [""reshare_keygen_start"", ""2026-03-07T13:25:31.674023016Z""], [""join_submit"", ""2026-03-08T07:51:41.067115528Z""], [""join_observed"", ""2026-03-08T07:51:41.07856024Z""]]",/opt/fabric/benchmarks/out/suite_20260308_084131/run_004/raw/resources_join_1772956298.csv
2026-03-08T07:51:59.896303Z,join_1772956298,join_wait_reshare,5.07,17.41,89268311,19960799,4890,5191,174665,277805,0,0,0,0,4890,5191,174665,277805,1,ok:1,0.23,0.30,2.07,1.98,0.00,0.60,1,1,1,post,2026-03-08T07:51:41.07856024Z,,18.818,join_observed,2026-03-08T07:51:41.07856024Z,18.818,,,,join-irs3-1772956298,join,join-irs3-1772956298,18,"[[""reshare_complete"", ""2026-02-28T13:26:09.415977462Z""], [""reshare_ack"", ""2026-03-07T13:25:27.785477453Z""], [""reshare_keygen_start"", ""2026-03-07T13:25:31.674023016Z""], [""join_submit"", ""2026-03-08T07:51:41.067115528Z""], [""join_observed"", ""2026-03-08T07:51:41.07856024Z""]]",/opt/fabric/benchmarks/out/suite_20260308_084131/run_004/raw/resources_join_1772956298.csv
2026-03-08T07:52:00.990509Z,join_1772956298,join_wait_reshare,7.66,17.41,89271147,19962509,2836,1710,177501,279515,0,0,0,0,2836,1710,177501,279515,1,ok:1,0.46,0.30,3.25,1.98,0.00,0.60,1,1,1,post,2026-03-08T07:51:41.07856024Z,,19.912,join_observed,2026-03-08T07:51:41.07856024Z,19.912,,,,join-irs3-1772956298,join,join-irs3-1772956298,18,"[[""reshare_complete"", ""2026-02-28T13:26:09.415977462Z""], [""reshare_ack"", ""2026-03-07T13:25:27.785477453Z""], [""reshare_keygen_start"", ""2026-03-07T13:25:31.674023016Z""], [""join_submit"", ""2026-03-08T07:51:41.067115528Z""], [""join_observed"", ""2026-03-08T07:51:41.07856024Z""]]",/opt/fabric/benchmarks/out/suite_20260308_084131/run_004/raw/resources_join_1772956298.csv
2026-03-08T07:52:02.072995Z,join_1772956298,join_wait_reshare,10.14,17.42,89662535,19975093,391388,12584,568889,292099,0,0,0,0,391388,12584,568889,292099,1,ok:1,6.45,0.32,1.15,1.98,0.00,0.60,1,1,1,post,2026-03-08T07:51:41.07856024Z,,20.994,join_observed,2026-03-08T07:51:41.07856024Z,20.994,,,,join-irs3-1772956298,join,join-irs3-1772956298,18,"[[""reshare_complete"", ""2026-02-28T13:26:09.415977462Z""], [""reshare_ack"", ""2026-03-07T13:25:27.785477453Z""], [""reshare_keygen_start"", ""2026-03-07T13:25:31.674023016Z""], [""join_submit"", ""2026-03-08T07:51:41.067115528Z""], [""join_observed"", ""2026-03-08T07:51:41.07856024Z""]]",/opt/fabric/benchmarks/out/suite_20260308_084131/run_004/raw/resources_join_1772956298.csv
2026-03-08T07:52:03.154585Z,join_1772956298,join_wait_reshare,31.34,17.42,89664789,19977846,2254,2753,571143,294852,0,0,0,0,2254,2753,571143,294852,1,ok:1,25.81,0.32,2.07,1.98,0.00,0.60,1,1,1,post,2026-03-08T07:51:41.07856024Z,,22.076,join_observed,2026-03-08T07:51:41.07856024Z,22.076,,,,join-irs3-1772956298,join,join-irs3-1772956298,18,"[[""reshare_complete"", ""2026-02-28T13:26:09.415977462Z""], [""reshare_ack"", ""2026-03-07T13:25:27.785477453Z""], [""reshare_keygen_start"", ""2026-03-07T13:25:31.674023016Z""], [""join_submit"", ""2026-03-08T07:51:41.067115528Z""], [""join_observed"", ""2026-03-08T07:51:41.07856024Z""]]",/opt/fabric/benchmarks/out/suite_20260308_084131/run_004/raw/resources_join_1772956298.csv
2026-03-08T07:52:04.236334Z,join_1772956298,join_wait_reshare,29.17,17.42,89670788,19982624,5999,4778,577142,299630,0,0,0,0,5999,4778,577142,299630,1,ok:1,25.23,0.32,0.93,1.98,0.23,0.60,1,1,1,post,2026-03-08T07:51:41.07856024Z,,23.158,join_observed,2026-03-08T07:51:41.07856024Z,23.158,,,,join-irs3-1772956298,join,join-irs3-1772956298,18,"[[""reshare_complete"", ""2026-02-28T13:26:09.415977462Z""], [""reshare_ack"", ""2026-03-07T13:25:27.785477453Z""], [""reshare_keygen_start"", ""2026-03-07T13:25:31.674023016Z""], [""join_submit"", ""2026-03-08T07:51:41.067115528Z""], [""join_observed"", ""2026-03-08T07:51:41.07856024Z""]]",/opt/fabric/benchmarks/out/suite_20260308_084131/run_004/raw/resources_join_1772956298.csv
2026-03-08T07:52:05.317441Z,join_1772956298,join_wait_reshare,27.51,17.42,89672034,19983403,1246,779,578388,300409,0,0,0,0,1246,779,578388,300409,1,ok:1,25.17,0.32,0.47,1.98,0.00,0.60,1,1,1,post,2026-03-08T07:51:41.07856024Z,,24.239,join_observed,2026-03-08T07:51:41.07856024Z,24.239,,,,join-irs3-1772956298,join,join-irs3-1772956298,18,"[[""reshare_complete"", ""2026-02-28T13:26:09.415977462Z""], [""reshare_ack"", ""2026-03-07T13:25:27.785477453Z""], [""reshare_keygen_start"", ""2026-03-07T13:25:31.674023016Z""], [""join_submit"", ""2026-03-08T07:51:41.067115528Z""], [""join_observed"", ""2026-03-08T07:51:41.07856024Z""]]",/opt/fabric/benchmarks/out/suite_20260308_084131/run_004/raw/resources_join_1772956298.csv
2026-03-08T07:52:06.400283Z,join_1772956298,join_wait_reshare,31.16,17.42,89673243,19984065,1209,662,579597,301071,0,0,0,0,1209,662,579597,301071,1,ok:1,26.05,0.32,2.09,1.98,0.00,0.60,1,1,1,post,2026-03-08T07:51:41.07856024Z,,25.322,join_observed,2026-03-08T07:51:41.07856024Z,25.322,,,,join-irs3-1772956298,join,join-irs3-1772956298,18,"[[""reshare_complete"", ""2026-02-28T13:26:09.415977462Z""], [""reshare_ack"", ""2026-03-07T13:25:27.785477453Z""], [""reshare_keygen_start"", ""2026-03-07T13:25:31.674023016Z""], [""join_submit"", ""2026-03-08T07:51:41.067115528Z""], [""join_observed"", ""2026-03-08T07:51:41.07856024Z""]]",/opt/fabric/benchmarks/out/suite_20260308_084131/run_004/raw/resources_join_1772956298.csv
2026-03-08T07:52:07.481831Z,join_1772956298,join_wait_reshare,28.27,17.42,89676210,19987774,2967,3709,582564,304780,0,0,0,0,2967,3709,582564,304780,1,ok:1,25.47,0.32,0.70,1.98,0.00,0.60,1,1,1,post,2026-03-08T07:51:41.07856024Z,,26.403,join_observed,2026-03-08T07:51:41.07856024Z,26.403,,,,join-irs3-1772956298,join,join-irs3-1772956298,18,"[[""reshare_complete"", ""2026-02-28T13:26:09.415977462Z""], [""reshare_ack"", ""2026-03-07T13:25:27.785477453Z""], [""reshare_keygen_start"", ""2026-03-07T13:25:31.674023016Z""], [""join_submit"", ""2026-03-08T07:51:41.067115528Z""], [""join_observed"", ""2026-03-08T07:51:41.07856024Z""]]",/opt/fabric/benchmarks/out/suite_20260308_084131/run_004/raw/resources_join_1772956298.csv
2026-03-08T07:52:08.652016Z,join_1772956298,join_wait_reshare,31.78,17.43,89713513,20399202,37303,411428,619867,716208,0,0,0,0,37303,411428,619867,716208,1,ok:1,33.64,0.33,1.17,1.98,0.00,0.60,1,1,1,post,2026-03-08T07:51:41.07856024Z,,27.573,join_observed,2026-03-08T07:51:41.07856024Z,27.573,,,,join-irs3-1772956298,join,join-irs3-1772956298,18,"[[""reshare_complete"", ""2026-02-28T13:26:09.415977462Z""], [""reshare_ack"", ""2026-03-07T13:25:27.785477453Z""], [""reshare_keygen_start"", ""2026-03-07T13:25:31.674023016Z""], [""join_submit"", ""2026-03-08T07:51:41.067115528Z""], [""join_observed"", ""2026-03-08T07:51:41.07856024Z""]]",/opt/fabric/benchmarks/out/suite_20260308_084131/run_004/raw/resources_join_1772956298.csv
2026-03-08T07:52:09.823412Z,join_1772956298,join_wait_reshare,100.00,17.43,89715068,20400566,1555,1364,621422,717572,0,0,0,0,1555,1364,621422,717572,1,ok:1,95.93,0.34,1.71,1.98,0.00,0.60,1,1,1,post,2026-03-08T07:51:41.07856024Z,,28.745,join_observed,2026-03-08T07:51:41.07856024Z,28.745,,,,join-irs3-1772956298,join,join-irs3-1772956298,18,"[[""reshare_complete"", ""2026-02-28T13:26:09.415977462Z""], [""reshare_ack"", ""2026-03-07T13:25:27.785477453Z""], [""reshare_keygen_start"", ""2026-03-07T13:25:31.674023016Z""], [""join_submit"", ""2026-03-08T07:51:41.067115528Z""], [""join_observed"", ""2026-03-08T07:51:41.07856024Z""]]",/opt/fabric/benchmarks/out/suite_20260308_084131/run_004/raw/resources_join_1772956298.csv
2026-03-08T07:52:11.006266Z,join_1772956298,join_wait_reshare,100.00,17.44,89717405,20401901,2337,1335,623759,718907,0,0,0,0,2337,1335,623759,718907,1,ok:1,96.61,0.34,0.42,1.98,0.00,0.60,1,1,1,post,2026-03-08T07:51:41.07856024Z,,29.928,join_observed,2026-03-08T07:51:41.07856024Z,29.928,,,,join-irs3-1772956298,join,join-irs3-1772956298,18,"[[""reshare_complete"", ""2026-02-28T13:26:09.415977462Z""], [""reshare_ack"", ""2026-03-07T13:25:27.785477453Z""], [""reshare_keygen_start"", ""2026-03-07T13:25:31.674023016Z""], [""join_submit"", ""2026-03-08T07:51:41.067115528Z""], [""join_observed"", ""2026-03-08T07:51:41.07856024Z""]]",/opt/fabric/benchmarks/out/suite_20260308_084131/run_004/raw/resources_join_1772956298.csv
2026-03-08T07:52:12.088415Z,join_1772956298,join_wait_reshare,93.01,17.45,89722106,20406276,4701,4375,628460,723282,0,0,0,0,4701,4375,628460,723282,1,ok:1,83.90,0.34,2.12,1.98,0.00,0.60,1,1,1,post,2026-03-08T07:51:41.07856024Z,,31.010,join_observed,2026-03-08T07:51:41.07856024Z,31.010,,,,join-irs3-1772956298,join,join-irs3-1772956298,18,"[[""reshare_complete"", ""2026-02-28T13:26:09.415977462Z""], [""reshare_ack"", ""2026-03-07T13:25:27.785477453Z""], [""reshare_keygen_start"", ""2026-03-07T13:25:31.674023016Z""], [""join_submit"", ""2026-03-08T07:51:41.067115528Z""], [""join_observed"", ""2026-03-08T07:51:41.07856024Z""]]",/opt/fabric/benchmarks/out/suite_20260308_084131/run_004/raw/resources_join_1772956298.csv
2026-03-08T07:52:13.173962Z,join_1772956298,join_wait_reshare,52.55,17.45,89722723,20406991,617,715,629077,723997,0,0,0,0,617,715,629077,723997,1,ok:1,50.00,0.34,0.69,1.98,0.00,0.60,1,1,1,post,2026-03-08T07:51:41.07856024Z,,32.095,join_observed,2026-03-08T07:51:41.07856024Z,32.095,,,,join-irs3-1772956298,join,join-irs3-1772956298,18,"[[""reshare_complete"", ""2026-02-28T13:26:09.415977462Z""], [""reshare_ack"", ""2026-03-07T13:25:27.785477453Z""], [""reshare_keygen_start"", ""2026-03-07T13:25:31.674023016Z""], [""join_submit"", ""2026-03-08T07:51:41.067115528Z""], [""join_observed"", ""2026-03-08T07:51:41.07856024Z""]]",/opt/fabric/benchmarks/out/suite_20260308_084131/run_004/raw/resources_join_1772956298.csv
2026-03-08T07:52:14.255687Z,join_1772956298,join_wait_reshare,53.24,17.45,89724245,20408442,1522,1451,630599,725448,0,0,0,0,1522,1451,630599,725448,1,ok:1,50.46,0.33,0.46,1.98,0.00,0.60,1,1,1,post,2026-03-08T07:51:41.07856024Z,,33.177,join_observed,2026-03-08T07:51:41.07856024Z,33.177,,,,join-irs3-1772956298,join,join-irs3-1772956298,18,"[[""reshare_complete"", ""2026-02-28T13:26:09.415977462Z""], [""reshare_ack"", ""2026-03-07T13:25:27.785477453Z""], [""reshare_keygen_start"", ""2026-03-07T13:25:31.674023016Z""], [""join_submit"", ""2026-03-08T07:51:41.067115528Z""], [""join_observed"", ""2026-03-08T07:51:41.07856024Z""]]",/opt/fabric/benchmarks/out/suite_20260308_084131/run_004/raw/resources_join_1772956298.csv
2026-03-08T07:52:15.351135Z,join_1772956298,join_wait_reshare,34.04,17.45,89743656,20431167,19411,22725,650010,748173,0,0,0,0,19411,22725,650010,748173,1,ok:1,25.82,0.33,3.29,1.98,0.00,0.60,1,1,1,post,2026-03-08T07:51:41.07856024Z,,34.273,join_observed,2026-03-08T07:51:41.07856024Z,34.273,,,,join-irs3-1772956298,join,join-irs3-1772956298,18,"[[""reshare_complete"", ""2026-02-28T13:26:09.415977462Z""], [""reshare_ack"", ""2026-03-07T13:25:27.785477453Z""], [""reshare_keygen_start"", ""2026-03-07T13:25:31.674023016Z""], [""join_submit"", ""2026-03-08T07:51:41.067115528Z""], [""join_observed"", ""2026-03-08T07:51:41.07856024Z""]]",/opt/fabric/benchmarks/out/suite_20260308_084131/run_004/raw/resources_join_1772956298.csv
2026-03-08T07:52:16.446550Z,join_1772956298,join_wait_reshare,4.63,17.45,89748267,20434895,4611,3728,654621,751901,0,0,0,0,4611,3728,654621,751901,1,ok:1,0.00,0.33,2.08,1.98,0.23,0.60,1,1,1,post,2026-03-08T07:51:41.07856024Z,,35.368,join_observed,2026-03-08T07:51:41.07856024Z,35.368,,,,join-irs3-1772956298,join,join-irs3-1772956298,18,"[[""reshare_complete"", ""2026-02-28T13:26:09.415977462Z""], [""reshare_ack"", ""2026-03-07T13:25:27.785477453Z""], [""reshare_keygen_start"", ""2026-03-07T13:25:31.674023016Z""], [""join_submit"", ""2026-03-08T07:51:41.067115528Z""], [""join_observed"", ""2026-03-08T07:51:41.07856024Z""]]",/opt/fabric/benchmarks/out/suite_20260308_084131/run_004/raw/resources_join_1772956298.csv
2026-03-08T07:52:17.540590Z,join_1772956298,join_wait_reshare,6.24,17.45,89776975,20448669,28708,13774,683329,765675,0,0,0,0,28708,13774,683329,765675,1,ok:1,0.69,0.33,2.31,1.98,0.46,0.60,1,1,1,post,2026-03-08T07:51:41.07856024Z,,36.462,join_observed,2026-03-08T07:51:41.07856024Z,36.462,,,,join-irs3-1772956298,join,join-irs3-1772956298,18,"[[""reshare_complete"", ""2026-02-28T13:26:09.415977462Z""], [""reshare_ack"", ""2026-03-07T13:25:27.785477453Z""], [""reshare_keygen_start"", ""2026-03-07T13:25:31.674023016Z""], [""join_submit"", ""2026-03-08T07:51:41.067115528Z""], [""join_observed"", ""2026-03-08T07:51:41.07856024Z""]]",/opt/fabric/benchmarks/out/suite_20260308_084131/run_004/raw/resources_join_1772956298.csv
2026-03-08T07:52:18.635846Z,join_1772956298,join_wait_reshare,10.37,17.44,89778499,20449795,1524,1126,684853,766801,0,0,0,0,1524,1126,684853,766801,1,ok:1,0.69,0.30,3.23,1.98,0.23,0.60,1,1,1,post,2026-03-08T07:51:41.07856024Z,,37.557,join_observed,2026-03-08T07:51:41.07856024Z,37.557,,,,join-irs3-1772956298,join,join-irs3-1772956298,18,"[[""reshare_complete"", ""2026-02-28T13:26:09.415977462Z""], [""reshare_ack"", ""2026-03-07T13:25:27.785477453Z""], [""reshare_keygen_start"", ""2026-03-07T13:25:31.674023016Z""], [""join_submit"", ""2026-03-08T07:51:41.067115528Z""], [""join_observed"", ""2026-03-08T07:51:41.07856024Z""]]",/opt/fabric/benchmarks/out/suite_20260308_084131/run_004/raw/resources_join_1772956298.csv
2026-03-08T07:52:19.727072Z,join_1772956298,join_wait_reshare,9.89,17.44,89806583,20512979,28084,63184,712937,829985,0,0,0,0,28084,63184,712937,829985,1,ok:1,0.23,0.30,3.68,1.98,0.69,0.60,1,1,1,post,2026-03-08T07:51:41.07856024Z,,38.649,join_observed,2026-03-08T07:51:41.07856024Z,38.649,,,,join-irs3-1772956298,join,join-irs3-1772956298,18,"[[""reshare_complete"", ""2026-02-28T13:26:09.415977462Z""], [""reshare_ack"", ""2026-03-07T13:25:27.785477453Z""], [""reshare_keygen_start"", ""2026-03-07T13:25:31.674023016Z""], [""join_submit"", ""2026-03-08T07:51:41.067115528Z""], [""join_observed"", ""2026-03-08T07:51:41.07856024Z""]]",/opt/fabric/benchmarks/out/suite_20260308_084131/run_004/raw/resources_join_1772956298.csv
2026-03-08T07:52:20.817336Z,join_1772956298,join_wait_reshare,4.84,17.45,89809800,20515439,3217,2460,716154,832445,0,0,0,0,3217,2460,716154,832445,1,ok:1,0.23,0.30,1.84,1.98,0.23,0.60,1,1,1,post,2026-03-08T07:51:41.07856024Z,,39.739,join_observed,2026-03-08T07:51:41.07856024Z,39.739,,,,join-irs3-1772956298,join,join-irs3-1772956298,18,"[[""reshare_complete"", ""2026-02-28T13:26:09.415977462Z""], [""reshare_ack"", ""2026-03-07T13:25:27.785477453Z""], [""reshare_keygen_start"", ""2026-03-07T13:25:31.674023016Z""], [""join_submit"", ""2026-03-08T07:51:41.067115528Z""], [""join_observed"", ""2026-03-08T07:51:41.07856024Z""]]",/opt/fabric/benchmarks/out/suite_20260308_084131/run_004/raw/resources_join_1772956298.csv
2026-03-08T07:52:21.915112Z,join_1772956298,join_wait_reshare,15.22,17.45,89843971,20575496,34171,60057,750325,892502,0,0,0,0,34171,60057,750325,892502,1,ok:1,1.64,0.30,6.79,1.98,1.17,0.60,1,1,1,post,2026-03-08T07:51:41.07856024Z,,40.837,join_observed,2026-03-08T07:51:41.07856024Z,40.837,,,,join-irs3-1772956298,join,join-irs3-1772956298,18,"[[""reshare_complete"", ""2026-02-28T13:26:09.415977462Z""], [""reshare_ack"", ""2026-03-07T13:25:27.785477453Z""], [""reshare_keygen_start"", ""2026-03-07T13:25:31.674023016Z""], [""join_submit"", ""2026-03-08T07:51:41.067115528Z""], [""join_observed"", ""2026-03-08T07:51:41.07856024Z""]]",/opt/fabric/benchmarks/out/suite_20260308_084131/run_004/raw/resources_join_1772956298.csv
2026-03-08T07:52:23.011746Z,join_1772956298,join_wait_reshare,3.89,17.44,89845728,20577028,1757,1532,752082,894034,0,0,0,0,1757,1532,752082,894034,1,ok:1,0.00,0.30,1.37,1.98,0.00,0.60,1,1,1,post,2026-03-08T07:51:41.07856024Z,,41.933,join_observed,2026-03-08T07:51:41.07856024Z,41.933,,,,join-irs3-1772956298,join,join-irs3-1772956298,18,"[[""reshare_complete"", ""2026-02-28T13:26:09.415977462Z""], [""reshare_ack"", ""2026-03-07T13:25:27.785477453Z""], [""reshare_keygen_start"", ""2026-03-07T13:25:31.674023016Z""], [""join_submit"", ""2026-03-08T07:51:41.067115528Z""], [""join_observed"", ""2026-03-08T07:51:41.07856024Z""]]",/opt/fabric/benchmarks/out/suite_20260308_084131/run_004/raw/resources_join_1772956298.csv
2026-03-08T07:52:24.100989Z,join_1772956298,join_wait_reshare,13.19,17.44,89855257,20622805,9529,45777,761611,939811,0,0,0,0,9529,45777,761611,939811,1,ok:1,1.39,0.30,6.48,1.98,0.69,0.60,1,1,1,post,2026-03-08T07:51:41.07856024Z,,43.022,join_observed,2026-03-08T07:51:41.07856024Z,43.022,,,,join-irs3-1772956298,join,join-irs3-1772956298,18,"[[""reshare_complete"", ""2026-02-28T13:26:09.415977462Z""], [""reshare_ack"", ""2026-03-07T13:25:27.785477453Z""], [""reshare_keygen_start"", ""2026-03-07T13:25:31.674023016Z""], [""join_submit"", ""2026-03-08T07:51:41.067115528Z""], [""join_observed"", ""2026-03-08T07:51:41.07856024Z""]]",/opt/fabric/benchmarks/out/suite_20260308_084131/run_004/raw/resources_join_1772956298.csv
2026-03-08T07:52:25.195773Z,join_1772956298,join_wait_reshare,4.67,17.44,89856745,20624240,1488,1435,763099,941246,0,0,0,0,1488,1435,763099,941246,1,ok:1,0.23,0.30,1.17,1.98,0.00,0.60,1,1,1,post,2026-03-08T07:51:41.07856024Z,,44.117,join_observed,2026-03-08T07:51:41.07856024Z,44.117,,,,join-irs3-1772956298,join,join-irs3-1772956298,18,"[[""reshare_complete"", ""2026-02-28T13:26:09.415977462Z""], [""reshare_ack"", ""2026-03-07T13:25:27.785477453Z""], [""reshare_keygen_start"", ""2026-03-07T13:25:31.674023016Z""], [""join_submit"", ""2026-03-08T07:51:41.067115528Z""], [""join_observed"", ""2026-03-08T07:51:41.07856024Z""]]",/opt/fabric/benchmarks/out/suite_20260308_084131/run_004/raw/resources_join_1772956298.csv
