run_id,workflow_base,operation_id,proposal_id,action,join_key,logical_write_bytes_total,logical_delete_bytes_total,category,logical_category_bytes
run_001,csr,csr-irs3-1772988668,csr-irs3-1772988668,certificate_registered,run_001|csr|certificate_registered|csr-irs3-1772988668,11318.0,0.0,active_index,38.0
run_001,csr,csr-irs3-1772988668,csr-irs3-1772988668,certificate_registered,run_001|csr|certificate_registered|csr-irs3-1772988668,11318.0,0.0,certificate,3562.0
run_001,csr,csr-irs3-1772988668,csr-irs3-1772988668,certificate_registered,run_001|csr|certificate_registered|csr-irs3-1772988668,11318.0,0.0,proposal,7718.0
run_001,csr,csr-irs3-1772988668,csr-irs3-1772988668,csr_submitted,run_001|csr|csr_submitted|csr-irs3-1772988668,3418.0,0.0,proposal,3418.0
run_001,csr,csr-irs3-1772988668,csr-irs3-1772988668,csr_voted,run_001|csr|csr_voted|csr-irs3-1772988668,25350.0,0.0,proposal,22450.0
run_001,csr,csr-irs3-1772988668,csr-irs3-1772988668,csr_voted,run_001|csr|csr_voted|csr-irs3-1772988668,25350.0,0.0,vote,2900.0
run_001,join,join-irs3-1772989024,join-irs3-1772989024,member_join_approved,run_001|join|member_join_approved|join-irs3-1772989024,5210.0,0.0,ca_state,5210.0
run_001,join,join-irs3-1772989024,join-irs3-1772989024,member_join_requested,run_001|join|member_join_requested|join-irs3-1772989024,2876.0,0.0,proposal,2876.0
run_001,join,join-irs3-1772989024,join-irs3-1772989024,member_join_voted,run_001|join|member_join_voted|join-irs3-1772989024,22636.0,0.0,proposal,19740.0
run_001,join,join-irs3-1772989024,join-irs3-1772989024,member_join_voted,run_001|join|member_join_voted|join-irs3-1772989024,22636.0,0.0,vote,2896.0
run_001,removal,remove-irs3-member1-1772988800,remove-irs3-member1-1772988800,member_removal_proposed,run_001|removal|member_removal_proposed|remove-irs3-member1-1772988800,1276.0,0.0,proposal,1276.0
run_001,removal,remove-irs3-member1-1772988800,remove-irs3-member1-1772988800,member_removal_voted,run_001|removal|member_removal_voted|remove-irs3-member1-1772988800,14660.0,0.0,proposal,11740.0
run_001,removal,remove-irs3-member1-1772988800,remove-irs3-member1-1772988800,member_removal_voted,run_001|removal|member_removal_voted|remove-irs3-member1-1772988800,14660.0,0.0,vote,2920.0
run_001,removal,remove-irs3-member1-1772988800,remove-irs3-member1-1772988800,member_removed,run_001|removal|member_removed|remove-irs3-member1-1772988800,4846.0,0.0,ca_state,4846.0
run_001,revocation,revoke-irs3-1772988760,revoke-irs3-1772988760,certificate_revoked,run_001|revocation|certificate_revoked|revoke-irs3-1772988760,4242.0,38.0,certificate,3618.0
run_001,revocation,revoke-irs3-1772988760,revoke-irs3-1772988760,certificate_revoked,run_001|revocation|certificate_revoked|revoke-irs3-1772988760,4242.0,38.0,merkle_state,624.0
run_001,revocation,revoke-irs3-1772988760,revoke-irs3-1772988760,revocation_proposed,run_001|revocation|revocation_proposed|revoke-irs3-1772988760,1214.0,0.0,proposal,1214.0
run_001,revocation,revoke-irs3-1772988760,revoke-irs3-1772988760,revocation_voted,run_001|revocation|revocation_voted|revoke-irs3-1772988760,14350.0,0.0,proposal,11430.0
run_001,revocation,revoke-irs3-1772988760,revoke-irs3-1772988760,revocation_voted,run_001|revocation|revocation_voted|revoke-irs3-1772988760,14350.0,0.0,vote,2920.0
run_002,csr,csr-irs3-1772989247,csr-irs3-1772989247,certificate_registered,run_002|csr|certificate_registered|csr-irs3-1772989247,11676.0,0.0,active_index,38.0
run_002,csr,csr-irs3-1772989247,csr-irs3-1772989247,certificate_registered,run_002|csr|certificate_registered|csr-irs3-1772989247,11676.0,0.0,certificate,3554.0
run_002,csr,csr-irs3-1772989247,csr-irs3-1772989247,certificate_registered,run_002|csr|certificate_registered|csr-irs3-1772989247,11676.0,0.0,merkle_state,358.0
run_002,csr,csr-irs3-1772989247,csr-irs3-1772989247,certificate_registered,run_002|csr|certificate_registered|csr-irs3-1772989247,11676.0,0.0,proposal,7726.0
run_002,csr,csr-irs3-1772989247,csr-irs3-1772989247,csr_submitted,run_002|csr|csr_submitted|csr-irs3-1772989247,3426.0,0.0,proposal,3426.0
run_002,csr,csr-irs3-1772989247,csr-irs3-1772989247,csr_voted,run_002|csr|csr_voted|csr-irs3-1772989247,25390.0,0.0,proposal,22490.0
run_002,csr,csr-irs3-1772989247,csr-irs3-1772989247,csr_voted,run_002|csr|csr_voted|csr-irs3-1772989247,25390.0,0.0,vote,2900.0
run_002,join,join-irs3-1772989616,join-irs3-1772989616,member_join_approved,run_002|join|member_join_approved|join-irs3-1772989616,5210.0,0.0,ca_state,5210.0
run_002,join,join-irs3-1772989616,join-irs3-1772989616,member_join_requested,run_002|join|member_join_requested|join-irs3-1772989616,2876.0,0.0,proposal,2876.0
run_002,join,join-irs3-1772989616,join-irs3-1772989616,member_join_voted,run_002|join|member_join_voted|join-irs3-1772989616,22638.0,0.0,proposal,19740.0
run_002,join,join-irs3-1772989616,join-irs3-1772989616,member_join_voted,run_002|join|member_join_voted|join-irs3-1772989616,22638.0,0.0,vote,2898.0
run_002,removal,remove-irs3-member1-1772989380,remove-irs3-member1-1772989380,member_removal_proposed,run_002|removal|member_removal_proposed|remove-irs3-member1-1772989380,1276.0,0.0,proposal,1276.0
run_002,removal,remove-irs3-member1-1772989380,remove-irs3-member1-1772989380,member_removal_voted,run_002|removal|member_removal_voted|remove-irs3-member1-1772989380,14660.0,0.0,proposal,11740.0
run_002,removal,remove-irs3-member1-1772989380,remove-irs3-member1-1772989380,member_removal_voted,run_002|removal|member_removal_voted|remove-irs3-member1-1772989380,14660.0,0.0,vote,2920.0
run_002,removal,remove-irs3-member1-1772989380,remove-irs3-member1-1772989380,member_removed,run_002|removal|member_removed|remove-irs3-member1-1772989380,4846.0,0.0,ca_state,4846.0
run_002,revocation,revoke-irs3-1772989342,revoke-irs3-1772989342,certificate_revoked,run_002|revocation|certificate_revoked|revoke-irs3-1772989342,4234.0,38.0,certificate,3610.0
run_002,revocation,revoke-irs3-1772989342,revoke-irs3-1772989342,certificate_revoked,run_002|revocation|certificate_revoked|revoke-irs3-1772989342,4234.0,38.0,merkle_state,624.0
run_002,revocation,revoke-irs3-1772989342,revoke-irs3-1772989342,revocation_proposed,run_002|revocation|revocation_proposed|revoke-irs3-1772989342,1214.0,0.0,proposal,1214.0
run_002,revocation,revoke-irs3-1772989342,revoke-irs3-1772989342,revocation_voted,run_002|revocation|revocation_voted|revoke-irs3-1772989342,14348.0,0.0,proposal,11430.0
run_002,revocation,revoke-irs3-1772989342,revoke-irs3-1772989342,revocation_voted,run_002|revocation|revocation_voted|revoke-irs3-1772989342,14348.0,0.0,vote,2918.0
run_003,csr,csr-irs3-1772989849,csr-irs3-1772989849,certificate_registered,run_003|csr|certificate_registered|csr-irs3-1772989849,11674.0,0.0,active_index,38.0
run_003,csr,csr-irs3-1772989849,csr-irs3-1772989849,certificate_registered,run_003|csr|certificate_registered|csr-irs3-1772989849,11674.0,0.0,certificate,3552.0
run_003,csr,csr-irs3-1772989849,csr-irs3-1772989849,certificate_registered,run_003|csr|certificate_registered|csr-irs3-1772989849,11674.0,0.0,merkle_state,358.0
run_003,csr,csr-irs3-1772989849,csr-irs3-1772989849,certificate_registered,run_003|csr|certificate_registered|csr-irs3-1772989849,11674.0,0.0,proposal,7726.0
run_003,csr,csr-irs3-1772989849,csr-irs3-1772989849,csr_submitted,run_003|csr|csr_submitted|csr-irs3-1772989849,3426.0,0.0,proposal,3426.0
run_003,csr,csr-irs3-1772989849,csr-irs3-1772989849,csr_voted,run_003|csr|csr_voted|csr-irs3-1772989849,25388.0,0.0,proposal,22490.0
run_003,csr,csr-irs3-1772989849,csr-irs3-1772989849,csr_voted,run_003|csr|csr_voted|csr-irs3-1772989849,25388.0,0.0,vote,2898.0
run_003,join,join-irs3-1772990192,join-irs3-1772990192,member_join_approved,run_003|join|member_join_approved|join-irs3-1772990192,5210.0,0.0,ca_state,5210.0
run_003,join,join-irs3-1772990192,join-irs3-1772990192,member_join_requested,run_003|join|member_join_requested|join-irs3-1772990192,2876.0,0.0,proposal,2876.0
run_003,join,join-irs3-1772990192,join-irs3-1772990192,member_join_voted,run_003|join|member_join_voted|join-irs3-1772990192,22638.0,0.0,proposal,19740.0
run_003,join,join-irs3-1772990192,join-irs3-1772990192,member_join_voted,run_003|join|member_join_voted|join-irs3-1772990192,22638.0,0.0,vote,2898.0
run_003,removal,remove-irs3-member1-1772989982,remove-irs3-member1-1772989982,member_removal_proposed,run_003|removal|member_removal_proposed|remove-irs3-member1-1772989982,1272.0,0.0,proposal,1272.0
run_003,removal,remove-irs3-member1-1772989982,remove-irs3-member1-1772989982,member_removal_voted,run_003|removal|member_removal_voted|remove-irs3-member1-1772989982,14638.0,0.0,proposal,11720.0
run_003,removal,remove-irs3-member1-1772989982,remove-irs3-member1-1772989982,member_removal_voted,run_003|removal|member_removal_voted|remove-irs3-member1-1772989982,14638.0,0.0,vote,2918.0
run_003,removal,remove-irs3-member1-1772989982,remove-irs3-member1-1772989982,member_removed,run_003|removal|member_removed|remove-irs3-member1-1772989982,4846.0,0.0,ca_state,4846.0
run_003,revocation,revoke-irs3-1772989944,revoke-irs3-1772989944,certificate_revoked,run_003|revocation|certificate_revoked|revoke-irs3-1772989944,4232.0,38.0,certificate,3608.0
run_003,revocation,revoke-irs3-1772989944,revoke-irs3-1772989944,certificate_revoked,run_003|revocation|certificate_revoked|revoke-irs3-1772989944,4232.0,38.0,merkle_state,624.0
run_003,revocation,revoke-irs3-1772989944,revoke-irs3-1772989944,revocation_proposed,run_003|revocation|revocation_proposed|revoke-irs3-1772989944,1214.0,0.0,proposal,1214.0
run_003,revocation,revoke-irs3-1772989944,revoke-irs3-1772989944,revocation_voted,run_003|revocation|revocation_voted|revoke-irs3-1772989944,14350.0,0.0,proposal,11430.0
run_003,revocation,revoke-irs3-1772989944,revoke-irs3-1772989944,revocation_voted,run_003|revocation|revocation_voted|revoke-irs3-1772989944,14350.0,0.0,vote,2920.0
run_004,csr,csr-irs3-1772990407,csr-irs3-1772990407,certificate_registered,run_004|csr|certificate_registered|csr-irs3-1772990407,11680.0,0.0,active_index,38.0
run_004,csr,csr-irs3-1772990407,csr-irs3-1772990407,certificate_registered,run_004|csr|certificate_registered|csr-irs3-1772990407,11680.0,0.0,certificate,3562.0
run_004,csr,csr-irs3-1772990407,csr-irs3-1772990407,certificate_registered,run_004|csr|certificate_registered|csr-irs3-1772990407,11680.0,0.0,merkle_state,358.0
run_004,csr,csr-irs3-1772990407,csr-irs3-1772990407,certificate_registered,run_004|csr|certificate_registered|csr-irs3-1772990407,11680.0,0.0,proposal,7722.0
run_004,csr,csr-irs3-1772990407,csr-irs3-1772990407,csr_submitted,run_004|csr|csr_submitted|csr-irs3-1772990407,3422.0,0.0,proposal,3422.0
run_004,csr,csr-irs3-1772990407,csr-irs3-1772990407,csr_voted,run_004|csr|csr_voted|csr-irs3-1772990407,25370.0,0.0,proposal,22470.0
run_004,csr,csr-irs3-1772990407,csr-irs3-1772990407,csr_voted,run_004|csr|csr_voted|csr-irs3-1772990407,25370.0,0.0,vote,2900.0
run_004,join,join-irs3-1772990746,join-irs3-1772990746,member_join_approved,run_004|join|member_join_approved|join-irs3-1772990746,5210.0,0.0,ca_state,5210.0
run_004,join,join-irs3-1772990746,join-irs3-1772990746,member_join_requested,run_004|join|member_join_requested|join-irs3-1772990746,2876.0,0.0,proposal,2876.0
run_004,join,join-irs3-1772990746,join-irs3-1772990746,member_join_voted,run_004|join|member_join_voted|join-irs3-1772990746,22638.0,0.0,proposal,19740.0
run_004,join,join-irs3-1772990746,join-irs3-1772990746,member_join_voted,run_004|join|member_join_voted|join-irs3-1772990746,22638.0,0.0,vote,2898.0
run_004,removal,remove-irs3-member1-1772990534,remove-irs3-member1-1772990534,member_removal_proposed,run_004|removal|member_removal_proposed|remove-irs3-member1-1772990534,1276.0,0.0,proposal,1276.0
run_004,removal,remove-irs3-member1-1772990534,remove-irs3-member1-1772990534,member_removal_voted,run_004|removal|member_removal_voted|remove-irs3-member1-1772990534,14660.0,0.0,proposal,11740.0
run_004,removal,remove-irs3-member1-1772990534,remove-irs3-member1-1772990534,member_removal_voted,run_004|removal|member_removal_voted|remove-irs3-member1-1772990534,14660.0,0.0,vote,2920.0
run_004,removal,remove-irs3-member1-1772990534,remove-irs3-member1-1772990534,member_removed,run_004|removal|member_removed|remove-irs3-member1-1772990534,4846.0,0.0,ca_state,4846.0
run_004,revocation,revoke-irs3-1772990498,revoke-irs3-1772990498,certificate_revoked,run_004|revocation|certificate_revoked|revoke-irs3-1772990498,4242.0,38.0,certificate,3618.0
run_004,revocation,revoke-irs3-1772990498,revoke-irs3-1772990498,certificate_revoked,run_004|revocation|certificate_revoked|revoke-irs3-1772990498,4242.0,38.0,merkle_state,624.0
run_004,revocation,revoke-irs3-1772990498,revoke-irs3-1772990498,revocation_proposed,run_004|revocation|revocation_proposed|revoke-irs3-1772990498,1214.0,0.0,proposal,1214.0
run_004,revocation,revoke-irs3-1772990498,revoke-irs3-1772990498,revocation_voted,run_004|revocation|revocation_voted|revoke-irs3-1772990498,14350.0,0.0,proposal,11430.0
run_004,revocation,revoke-irs3-1772990498,revoke-irs3-1772990498,revocation_voted,run_004|revocation|revocation_voted|revoke-irs3-1772990498,14350.0,0.0,vote,2920.0
run_005,csr,csr-irs3-1772990971,csr-irs3-1772990971,certificate_registered,run_005|csr|certificate_registered|csr-irs3-1772990971,11670.0,0.0,active_index,38.0
run_005,csr,csr-irs3-1772990971,csr-irs3-1772990971,certificate_registered,run_005|csr|certificate_registered|csr-irs3-1772990971,11670.0,0.0,certificate,3548.0
run_005,csr,csr-irs3-1772990971,csr-irs3-1772990971,certificate_registered,run_005|csr|certificate_registered|csr-irs3-1772990971,11670.0,0.0,merkle_state,358.0
run_005,csr,csr-irs3-1772990971,csr-irs3-1772990971,certificate_registered,run_005|csr|certificate_registered|csr-irs3-1772990971,11670.0,0.0,proposal,7726.0
run_005,csr,csr-irs3-1772990971,csr-irs3-1772990971,csr_submitted,run_005|csr|csr_submitted|csr-irs3-1772990971,3426.0,0.0,proposal,3426.0
run_005,csr,csr-irs3-1772990971,csr-irs3-1772990971,csr_voted,run_005|csr|csr_voted|csr-irs3-1772990971,25388.0,0.0,proposal,22490.0
run_005,csr,csr-irs3-1772990971,csr-irs3-1772990971,csr_voted,run_005|csr|csr_voted|csr-irs3-1772990971,25388.0,0.0,vote,2898.0
run_005,join,join-irs3-1772991341,join-irs3-1772991341,member_join_approved,run_005|join|member_join_approved|join-irs3-1772991341,5210.0,0.0,ca_state,5210.0
run_005,join,join-irs3-1772991341,join-irs3-1772991341,member_join_requested,run_005|join|member_join_requested|join-irs3-1772991341,2876.0,0.0,proposal,2876.0
run_005,join,join-irs3-1772991341,join-irs3-1772991341,member_join_voted,run_005|join|member_join_voted|join-irs3-1772991341,22640.0,0.0,proposal,19740.0
run_005,join,join-irs3-1772991341,join-irs3-1772991341,member_join_voted,run_005|join|member_join_voted|join-irs3-1772991341,22640.0,0.0,vote,2900.0
run_005,removal,remove-irs3-member1-1772991103,remove-irs3-member1-1772991103,member_removal_proposed,run_005|removal|member_removal_proposed|remove-irs3-member1-1772991103,1276.0,0.0,proposal,1276.0
run_005,removal,remove-irs3-member1-1772991103,remove-irs3-member1-1772991103,member_removal_voted,run_005|removal|member_removal_voted|remove-irs3-member1-1772991103,14660.0,0.0,proposal,11740.0
run_005,removal,remove-irs3-member1-1772991103,remove-irs3-member1-1772991103,member_removal_voted,run_005|removal|member_removal_voted|remove-irs3-member1-1772991103,14660.0,0.0,vote,2920.0
run_005,removal,remove-irs3-member1-1772991103,remove-irs3-member1-1772991103,member_removed,run_005|removal|member_removed|remove-irs3-member1-1772991103,4846.0,0.0,ca_state,4846.0
run_005,revocation,revoke-irs3-1772991065,revoke-irs3-1772991065,certificate_revoked,run_005|revocation|certificate_revoked|revoke-irs3-1772991065,4226.0,38.0,certificate,3604.0
run_005,revocation,revoke-irs3-1772991065,revoke-irs3-1772991065,certificate_revoked,run_005|revocation|certificate_revoked|revoke-irs3-1772991065,4226.0,38.0,merkle_state,622.0
run_005,revocation,revoke-irs3-1772991065,revoke-irs3-1772991065,revocation_proposed,run_005|revocation|revocation_proposed|revoke-irs3-1772991065,1214.0,0.0,proposal,1214.0
run_005,revocation,revoke-irs3-1772991065,revoke-irs3-1772991065,revocation_voted,run_005|revocation|revocation_voted|revoke-irs3-1772991065,14350.0,0.0,proposal,11430.0
run_005,revocation,revoke-irs3-1772991065,revoke-irs3-1772991065,revocation_voted,run_005|revocation|revocation_voted|revoke-irs3-1772991065,14350.0,0.0,vote,2920.0
run_006,csr,csr-irs3-1772991544,csr-irs3-1772991544,certificate_registered,run_006|csr|certificate_registered|csr-irs3-1772991544,11676.0,0.0,active_index,38.0
run_006,csr,csr-irs3-1772991544,csr-irs3-1772991544,certificate_registered,run_006|csr|certificate_registered|csr-irs3-1772991544,11676.0,0.0,certificate,3554.0
run_006,csr,csr-irs3-1772991544,csr-irs3-1772991544,certificate_registered,run_006|csr|certificate_registered|csr-irs3-1772991544,11676.0,0.0,merkle_state,358.0
run_006,csr,csr-irs3-1772991544,csr-irs3-1772991544,certificate_registered,run_006|csr|certificate_registered|csr-irs3-1772991544,11676.0,0.0,proposal,7726.0
run_006,csr,csr-irs3-1772991544,csr-irs3-1772991544,csr_submitted,run_006|csr|csr_submitted|csr-irs3-1772991544,3426.0,0.0,proposal,3426.0
run_006,csr,csr-irs3-1772991544,csr-irs3-1772991544,csr_voted,run_006|csr|csr_voted|csr-irs3-1772991544,25386.0,0.0,proposal,22490.0
run_006,csr,csr-irs3-1772991544,csr-irs3-1772991544,csr_voted,run_006|csr|csr_voted|csr-irs3-1772991544,25386.0,0.0,vote,2896.0
run_006,join,join-irs3-1772991881,join-irs3-1772991881,member_join_approved,run_006|join|member_join_approved|join-irs3-1772991881,5210.0,0.0,ca_state,5210.0
run_006,join,join-irs3-1772991881,join-irs3-1772991881,member_join_requested,run_006|join|member_join_requested|join-irs3-1772991881,2876.0,0.0,proposal,2876.0
run_006,join,join-irs3-1772991881,join-irs3-1772991881,member_join_voted,run_006|join|member_join_voted|join-irs3-1772991881,22636.0,0.0,proposal,19740.0
run_006,join,join-irs3-1772991881,join-irs3-1772991881,member_join_voted,run_006|join|member_join_voted|join-irs3-1772991881,22636.0,0.0,vote,2896.0
run_006,removal,remove-irs3-member1-1772991669,remove-irs3-member1-1772991669,member_removal_proposed,run_006|removal|member_removal_proposed|remove-irs3-member1-1772991669,1276.0,0.0,proposal,1276.0
run_006,removal,remove-irs3-member1-1772991669,remove-irs3-member1-1772991669,member_removal_voted,run_006|removal|member_removal_voted|remove-irs3-member1-1772991669,14660.0,0.0,proposal,11740.0
run_006,removal,remove-irs3-member1-1772991669,remove-irs3-member1-1772991669,member_removal_voted,run_006|removal|member_removal_voted|remove-irs3-member1-1772991669,14660.0,0.0,vote,2920.0
run_006,removal,remove-irs3-member1-1772991669,remove-irs3-member1-1772991669,member_removed,run_006|removal|member_removed|remove-irs3-member1-1772991669,4846.0,0.0,ca_state,4846.0
run_006,revocation,revoke-irs3-1772991631,revoke-irs3-1772991631,certificate_revoked,run_006|revocation|certificate_revoked|revoke-irs3-1772991631,4234.0,38.0,certificate,3610.0
run_006,revocation,revoke-irs3-1772991631,revoke-irs3-1772991631,certificate_revoked,run_006|revocation|certificate_revoked|revoke-irs3-1772991631,4234.0,38.0,merkle_state,624.0
run_006,revocation,revoke-irs3-1772991631,revoke-irs3-1772991631,revocation_proposed,run_006|revocation|revocation_proposed|revoke-irs3-1772991631,1214.0,0.0,proposal,1214.0
run_006,revocation,revoke-irs3-1772991631,revoke-irs3-1772991631,revocation_voted,run_006|revocation|revocation_voted|revoke-irs3-1772991631,14350.0,0.0,proposal,11430.0
run_006,revocation,revoke-irs3-1772991631,revoke-irs3-1772991631,revocation_voted,run_006|revocation|revocation_voted|revoke-irs3-1772991631,14350.0,0.0,vote,2920.0
run_007,csr,csr-irs3-1772992122,csr-irs3-1772992122,certificate_registered,run_007|csr|certificate_registered|csr-irs3-1772992122,11676.0,0.0,active_index,38.0
run_007,csr,csr-irs3-1772992122,csr-irs3-1772992122,certificate_registered,run_007|csr|certificate_registered|csr-irs3-1772992122,11676.0,0.0,certificate,3554.0
run_007,csr,csr-irs3-1772992122,csr-irs3-1772992122,certificate_registered,run_007|csr|certificate_registered|csr-irs3-1772992122,11676.0,0.0,merkle_state,358.0
run_007,csr,csr-irs3-1772992122,csr-irs3-1772992122,certificate_registered,run_007|csr|certificate_registered|csr-irs3-1772992122,11676.0,0.0,proposal,7726.0
run_007,csr,csr-irs3-1772992122,csr-irs3-1772992122,csr_submitted,run_007|csr|csr_submitted|csr-irs3-1772992122,3426.0,0.0,proposal,3426.0
run_007,csr,csr-irs3-1772992122,csr-irs3-1772992122,csr_voted,run_007|csr|csr_voted|csr-irs3-1772992122,25388.0,0.0,proposal,22490.0
run_007,csr,csr-irs3-1772992122,csr-irs3-1772992122,csr_voted,run_007|csr|csr_voted|csr-irs3-1772992122,25388.0,0.0,vote,2898.0
run_007,join,join-irs3-1772992475,join-irs3-1772992475,member_join_approved,run_007|join|member_join_approved|join-irs3-1772992475,5210.0,0.0,ca_state,5210.0
run_007,join,join-irs3-1772992475,join-irs3-1772992475,member_join_requested,run_007|join|member_join_requested|join-irs3-1772992475,2876.0,0.0,proposal,2876.0
run_007,join,join-irs3-1772992475,join-irs3-1772992475,member_join_voted,run_007|join|member_join_voted|join-irs3-1772992475,22636.0,0.0,proposal,19740.0
run_007,join,join-irs3-1772992475,join-irs3-1772992475,member_join_voted,run_007|join|member_join_voted|join-irs3-1772992475,22636.0,0.0,vote,2896.0
run_007,removal,remove-irs3-member1-1772992253,remove-irs3-member1-1772992253,member_removal_proposed,run_007|removal|member_removal_proposed|remove-irs3-member1-1772992253,1276.0,0.0,proposal,1276.0
run_007,removal,remove-irs3-member1-1772992253,remove-irs3-member1-1772992253,member_removal_voted,run_007|removal|member_removal_voted|remove-irs3-member1-1772992253,14658.0,0.0,proposal,11740.0
run_007,removal,remove-irs3-member1-1772992253,remove-irs3-member1-1772992253,member_removal_voted,run_007|removal|member_removal_voted|remove-irs3-member1-1772992253,14658.0,0.0,vote,2918.0
run_007,removal,remove-irs3-member1-1772992253,remove-irs3-member1-1772992253,member_removed,run_007|removal|member_removed|remove-irs3-member1-1772992253,4846.0,0.0,ca_state,4846.0
run_007,revocation,revoke-irs3-1772992215,revoke-irs3-1772992215,certificate_revoked,run_007|revocation|certificate_revoked|revoke-irs3-1772992215,4234.0,38.0,certificate,3610.0
run_007,revocation,revoke-irs3-1772992215,revoke-irs3-1772992215,certificate_revoked,run_007|revocation|certificate_revoked|revoke-irs3-1772992215,4234.0,38.0,merkle_state,624.0
run_007,revocation,revoke-irs3-1772992215,revoke-irs3-1772992215,revocation_proposed,run_007|revocation|revocation_proposed|revoke-irs3-1772992215,1210.0,0.0,proposal,1210.0
run_007,revocation,revoke-irs3-1772992215,revoke-irs3-1772992215,revocation_voted,run_007|revocation|revocation_voted|revoke-irs3-1772992215,14328.0,0.0,proposal,11410.0
run_007,revocation,revoke-irs3-1772992215,revoke-irs3-1772992215,revocation_voted,run_007|revocation|revocation_voted|revoke-irs3-1772992215,14328.0,0.0,vote,2918.0
run_008,csr,csr-irs3-1772992703,csr-irs3-1772992703,certificate_registered,run_008|csr|certificate_registered|csr-irs3-1772992703,11684.0,0.0,active_index,38.0
run_008,csr,csr-irs3-1772992703,csr-irs3-1772992703,certificate_registered,run_008|csr|certificate_registered|csr-irs3-1772992703,11684.0,0.0,certificate,3562.0
run_008,csr,csr-irs3-1772992703,csr-irs3-1772992703,certificate_registered,run_008|csr|certificate_registered|csr-irs3-1772992703,11684.0,0.0,merkle_state,358.0
run_008,csr,csr-irs3-1772992703,csr-irs3-1772992703,certificate_registered,run_008|csr|certificate_registered|csr-irs3-1772992703,11684.0,0.0,proposal,7726.0
run_008,csr,csr-irs3-1772992703,csr-irs3-1772992703,csr_submitted,run_008|csr|csr_submitted|csr-irs3-1772992703,3426.0,0.0,proposal,3426.0
run_008,csr,csr-irs3-1772992703,csr-irs3-1772992703,csr_voted,run_008|csr|csr_voted|csr-irs3-1772992703,25388.0,0.0,proposal,22490.0
run_008,csr,csr-irs3-1772992703,csr-irs3-1772992703,csr_voted,run_008|csr|csr_voted|csr-irs3-1772992703,25388.0,0.0,vote,2898.0
run_008,join,join-irs3-1772993028,join-irs3-1772993028,member_join_approved,run_008|join|member_join_approved|join-irs3-1772993028,5210.0,0.0,ca_state,5210.0
run_008,join,join-irs3-1772993028,join-irs3-1772993028,member_join_requested,run_008|join|member_join_requested|join-irs3-1772993028,2876.0,0.0,proposal,2876.0
run_008,join,join-irs3-1772993028,join-irs3-1772993028,member_join_voted,run_008|join|member_join_voted|join-irs3-1772993028,22638.0,0.0,proposal,19740.0
run_008,join,join-irs3-1772993028,join-irs3-1772993028,member_join_voted,run_008|join|member_join_voted|join-irs3-1772993028,22638.0,0.0,vote,2898.0
run_008,removal,remove-irs3-member1-1772992834,remove-irs3-member1-1772992834,member_removal_proposed,run_008|removal|member_removal_proposed|remove-irs3-member1-1772992834,1276.0,0.0,proposal,1276.0
run_008,removal,remove-irs3-member1-1772992834,remove-irs3-member1-1772992834,member_removal_voted,run_008|removal|member_removal_voted|remove-irs3-member1-1772992834,14660.0,0.0,proposal,11740.0
run_008,removal,remove-irs3-member1-1772992834,remove-irs3-member1-1772992834,member_removal_voted,run_008|removal|member_removal_voted|remove-irs3-member1-1772992834,14660.0,0.0,vote,2920.0
run_008,removal,remove-irs3-member1-1772992834,remove-irs3-member1-1772992834,member_removed,run_008|removal|member_removed|remove-irs3-member1-1772992834,4846.0,0.0,ca_state,4846.0
run_008,revocation,revoke-irs3-1772992796,revoke-irs3-1772992796,certificate_revoked,run_008|revocation|certificate_revoked|revoke-irs3-1772992796,4240.0,38.0,certificate,3616.0
run_008,revocation,revoke-irs3-1772992796,revoke-irs3-1772992796,certificate_revoked,run_008|revocation|certificate_revoked|revoke-irs3-1772992796,4240.0,38.0,merkle_state,624.0
run_008,revocation,revoke-irs3-1772992796,revoke-irs3-1772992796,revocation_proposed,run_008|revocation|revocation_proposed|revoke-irs3-1772992796,1214.0,0.0,proposal,1214.0
run_008,revocation,revoke-irs3-1772992796,revoke-irs3-1772992796,revocation_voted,run_008|revocation|revocation_voted|revoke-irs3-1772992796,14348.0,0.0,proposal,11430.0
run_008,revocation,revoke-irs3-1772992796,revoke-irs3-1772992796,revocation_voted,run_008|revocation|revocation_voted|revoke-irs3-1772992796,14348.0,0.0,vote,2918.0
run_009,csr,csr-irs3-1772993247,csr-irs3-1772993247,certificate_registered,run_009|csr|certificate_registered|csr-irs3-1772993247,11668.0,0.0,active_index,38.0
run_009,csr,csr-irs3-1772993247,csr-irs3-1772993247,certificate_registered,run_009|csr|certificate_registered|csr-irs3-1772993247,11668.0,0.0,certificate,3552.0
run_009,csr,csr-irs3-1772993247,csr-irs3-1772993247,certificate_registered,run_009|csr|certificate_registered|csr-irs3-1772993247,11668.0,0.0,merkle_state,356.0
run_009,csr,csr-irs3-1772993247,csr-irs3-1772993247,certificate_registered,run_009|csr|certificate_registered|csr-irs3-1772993247,11668.0,0.0,proposal,7722.0
run_009,csr,csr-irs3-1772993247,csr-irs3-1772993247,csr_submitted,run_009|csr|csr_submitted|csr-irs3-1772993247,3422.0,0.0,proposal,3422.0
run_009,csr,csr-irs3-1772993247,csr-irs3-1772993247,csr_voted,run_009|csr|csr_voted|csr-irs3-1772993247,25370.0,0.0,proposal,22470.0
run_009,csr,csr-irs3-1772993247,csr-irs3-1772993247,csr_voted,run_009|csr|csr_voted|csr-irs3-1772993247,25370.0,0.0,vote,2900.0
run_009,join,join-irs3-1772993571,join-irs3-1772993571,member_join_approved,run_009|join|member_join_approved|join-irs3-1772993571,5210.0,0.0,ca_state,5210.0
run_009,join,join-irs3-1772993571,join-irs3-1772993571,member_join_requested,run_009|join|member_join_requested|join-irs3-1772993571,2872.0,0.0,proposal,2872.0
run_009,join,join-irs3-1772993571,join-irs3-1772993571,member_join_voted,run_009|join|member_join_voted|join-irs3-1772993571,22620.0,0.0,proposal,19720.0
run_009,join,join-irs3-1772993571,join-irs3-1772993571,member_join_voted,run_009|join|member_join_voted|join-irs3-1772993571,22620.0,0.0,vote,2900.0
run_009,removal,remove-irs3-member1-1772993377,remove-irs3-member1-1772993377,member_removal_proposed,run_009|removal|member_removal_proposed|remove-irs3-member1-1772993377,1276.0,0.0,proposal,1276.0
run_009,removal,remove-irs3-member1-1772993377,remove-irs3-member1-1772993377,member_removal_voted,run_009|removal|member_removal_voted|remove-irs3-member1-1772993377,14660.0,0.0,proposal,11740.0
run_009,removal,remove-irs3-member1-1772993377,remove-irs3-member1-1772993377,member_removal_voted,run_009|removal|member_removal_voted|remove-irs3-member1-1772993377,14660.0,0.0,vote,2920.0
run_009,removal,remove-irs3-member1-1772993377,remove-irs3-member1-1772993377,member_removed,run_009|removal|member_removed|remove-irs3-member1-1772993377,4846.0,0.0,ca_state,4846.0
run_009,revocation,revoke-irs3-1772993337,revoke-irs3-1772993337,certificate_revoked,run_009|revocation|certificate_revoked|revoke-irs3-1772993337,4232.0,38.0,certificate,3608.0
run_009,revocation,revoke-irs3-1772993337,revoke-irs3-1772993337,certificate_revoked,run_009|revocation|certificate_revoked|revoke-irs3-1772993337,4232.0,38.0,merkle_state,624.0
run_009,revocation,revoke-irs3-1772993337,revoke-irs3-1772993337,revocation_proposed,run_009|revocation|revocation_proposed|revoke-irs3-1772993337,1214.0,0.0,proposal,1214.0
run_009,revocation,revoke-irs3-1772993337,revoke-irs3-1772993337,revocation_voted,run_009|revocation|revocation_voted|revoke-irs3-1772993337,14348.0,0.0,proposal,11430.0
run_009,revocation,revoke-irs3-1772993337,revoke-irs3-1772993337,revocation_voted,run_009|revocation|revocation_voted|revoke-irs3-1772993337,14348.0,0.0,vote,2918.0
run_010,csr,csr-irs3-1772993796,csr-irs3-1772993796,certificate_registered,run_010|csr|certificate_registered|csr-irs3-1772993796,11674.0,0.0,active_index,38.0
run_010,csr,csr-irs3-1772993796,csr-irs3-1772993796,certificate_registered,run_010|csr|certificate_registered|csr-irs3-1772993796,11674.0,0.0,certificate,3552.0
run_010,csr,csr-irs3-1772993796,csr-irs3-1772993796,certificate_registered,run_010|csr|certificate_registered|csr-irs3-1772993796,11674.0,0.0,merkle_state,358.0
run_010,csr,csr-irs3-1772993796,csr-irs3-1772993796,certificate_registered,run_010|csr|certificate_registered|csr-irs3-1772993796,11674.0,0.0,proposal,7726.0
run_010,csr,csr-irs3-1772993796,csr-irs3-1772993796,csr_submitted,run_010|csr|csr_submitted|csr-irs3-1772993796,3426.0,0.0,proposal,3426.0
run_010,csr,csr-irs3-1772993796,csr-irs3-1772993796,csr_voted,run_010|csr|csr_voted|csr-irs3-1772993796,25390.0,0.0,proposal,22490.0
run_010,csr,csr-irs3-1772993796,csr-irs3-1772993796,csr_voted,run_010|csr|csr_voted|csr-irs3-1772993796,25390.0,0.0,vote,2900.0
run_010,join,join-irs3-1772994144,join-irs3-1772994144,member_join_approved,run_010|join|member_join_approved|join-irs3-1772994144,5210.0,0.0,ca_state,5210.0
run_010,join,join-irs3-1772994144,join-irs3-1772994144,member_join_requested,run_010|join|member_join_requested|join-irs3-1772994144,2876.0,0.0,proposal,2876.0
run_010,join,join-irs3-1772994144,join-irs3-1772994144,member_join_voted,run_010|join|member_join_voted|join-irs3-1772994144,22638.0,0.0,proposal,19740.0
run_010,join,join-irs3-1772994144,join-irs3-1772994144,member_join_voted,run_010|join|member_join_voted|join-irs3-1772994144,22638.0,0.0,vote,2898.0
run_010,removal,remove-irs3-member1-1772993930,remove-irs3-member1-1772993930,member_removal_proposed,run_010|removal|member_removal_proposed|remove-irs3-member1-1772993930,1276.0,0.0,proposal,1276.0
run_010,removal,remove-irs3-member1-1772993930,remove-irs3-member1-1772993930,member_removal_voted,run_010|removal|member_removal_voted|remove-irs3-member1-1772993930,14660.0,0.0,proposal,11740.0
run_010,removal,remove-irs3-member1-1772993930,remove-irs3-member1-1772993930,member_removal_voted,run_010|removal|member_removal_voted|remove-irs3-member1-1772993930,14660.0,0.0,vote,2920.0
run_010,removal,remove-irs3-member1-1772993930,remove-irs3-member1-1772993930,member_removed,run_010|removal|member_removed|remove-irs3-member1-1772993930,4846.0,0.0,ca_state,4846.0
run_010,revocation,revoke-irs3-1772993892,revoke-irs3-1772993892,certificate_revoked,run_010|revocation|certificate_revoked|revoke-irs3-1772993892,4232.0,38.0,certificate,3608.0
run_010,revocation,revoke-irs3-1772993892,revoke-irs3-1772993892,certificate_revoked,run_010|revocation|certificate_revoked|revoke-irs3-1772993892,4232.0,38.0,merkle_state,624.0
run_010,revocation,revoke-irs3-1772993892,revoke-irs3-1772993892,revocation_proposed,run_010|revocation|revocation_proposed|revoke-irs3-1772993892,1214.0,0.0,proposal,1214.0
run_010,revocation,revoke-irs3-1772993892,revoke-irs3-1772993892,revocation_voted,run_010|revocation|revocation_voted|revoke-irs3-1772993892,14350.0,0.0,proposal,11430.0
run_010,revocation,revoke-irs3-1772993892,revoke-irs3-1772993892,revocation_voted,run_010|revocation|revocation_voted|revoke-irs3-1772993892,14350.0,0.0,vote,2920.0
