run_id,workflow_base,op_ref,peer_stage_bytes,logical_write_bytes_total,tx_overhead_bytes,block_overhead_bytes,block_accounted_bytes,block_files_additional_bytes,block_files_bytes,block_index_bytes,leveldb_bytes,peer_store_other_bytes,other_peer_blockchain_bytes,other_peer_blockchain_bytes_clipped,residual_known_total_bytes,residual_unattributed_bytes,governance_residual_bytes,voting_residual_bytes,reshare_residual_bytes,operation_end_residual_bytes,block_files_overhead_bytes
run_001,csr,csr-irs3-1772976036,2136696,69850.0,28432.0,2254.028571,100536.028571,1905167.857143,1967938,34802,132836,1120,2036159.971429,2070218.857143,2070218.857143,0.0,2070218.857143,0.0,0.0,0.0,1905167.857143
run_001,join,join-irs3-1772976668,7830218,58224.0,49219.0,2256.228571,109699.228571,7069331.714286,7164394,71824,591830,2170,7720518.771429,7731282.714286,7731282.714286,0.0,792446.714286,0.0,1847865.0,5090971.0,7069331.714286
run_001,removal,remove-irs3-member1-1772976212,8121938,41810.0,57445.0,2328.005556,101583.00555599999,7277017.994444,7378588,74612,666323,2415,8020354.994444,8020354.994444,8020354.994444,0.0,647832.444444,82652.55,7289870.0,0.0,7277017.994444
run_001,revocation,revoke-irs3-1772976170,729492,37728.0,45973.0,2143.5956340000002,85844.595634,614148.666667,686760,13473,28874,385,643647.4043660001,653878.666667,653878.666667,0.0,653878.666667,0.0,0.0,0.0,614148.666667
run_002,csr,csr-irs3-1772976991,1918329,70156.0,28374.0,2258.423015,100788.423015,1650770.576985,1751546,32760,132868,1155,1817540.576985,1817540.576985,1817540.576985,0.0,1750638.25,66902.326985,0.0,0.0,1650770.576985
run_002,join,join-irs3-1772977519,9519000,58224.0,49745.0,2300.301586,110269.301586,8610623.0,8698232,84453,733725,2590,9408730.698414,9427648.0,9427648.0,0.0,874111.0,0.0,2535270.0,6018267.0,8610623.0
run_002,removal,remove-irs3-member1-1772977170,7996213,41814.0,57977.0,2257.487301,102048.48730099999,7191585.512699001,7293621,73560,626722,2310,7894164.512699001,7894164.512699001,7894164.512699001,0.0,637975.4,53646.112699,7202543.0,0.0,7191585.512699001
run_002,revocation,revoke-irs3-1772977126,775135,37730.0,45966.0,2150.211111,85846.21111100001,672473.555556,731597,14175,28943,420,689288.788889,713269.555556,713269.555556,0.0,713269.555556,0.0,0.0,0.0,672473.555556
run_003,csr,csr-irs3-1772977910,-2708882,70194.0,28347.0,2158.630556,100699.63055599999,1759093.369444,1859780,34015,-4603797,1120,-2809581.630556,741955.769444,741955.769444,0.0,667245.0,74710.769444,0.0,0.0,1759093.369444
run_003,join,join-irs3-1772978415,8872154,58224.0,50250.0,2400.744444,110874.744444,7995942.333333,8067941,79247,722446,2520,8761279.255556,8796672.333333,8796672.333333,0.0,884970.333333,0.0,2328108.0,5583594.0,7995942.333333
run_003,removal,remove-irs3-member1-1772978091,7166168,41778.0,58492.0,2280.369444,102550.369444,6341103.630556,6443641,67365,652957,2205,7063617.630556,7063617.630556,7063617.630556,0.0,645749.25,46496.380556000004,6371372.0,0.0,6341103.630556
run_003,revocation,revoke-irs3-1772978051,677760,37716.0,45974.0,2278.946428,85968.946428,549844.053572,635800,12693,28882,385,591791.053572,591791.053572,591791.053572,0.0,535772.6,56018.453572,0.0,0.0,549844.053572
run_004,csr,csr-irs3-1772978761,1953846,70198.0,28341.0,2146.985714,100685.985714,1686132.014286,1786805,33102,132819,1120,1853160.014286,1853160.014286,1853160.014286,0.0,1762608.833333,90551.180953,0.0,0.0,1686132.014286
run_004,join,join-irs3-1772979289,8166137,58182.0,50812.0,2325.678571,111319.678571,7410810.25,7499305,74904,589793,2135,8054817.321429,8073901.25,8073901.25,0.0,745889.25,0.0,2727079.0,4600933.0,7410810.25
run_004,removal,remove-irs3-member1-1772978939,7692339,41816.0,58991.0,2293.6,103100.6,6888469.25,6977638,71744,640717,2240,7589238.4,7600057.25,7600057.25,0.0,723055.25,0.0,6877002.0,0.0,6888469.25
run_004,revocation,revoke-irs3-1772978896,714893,37680.0,45985.0,2224.287301,85889.287301,619975.4,672463,13213,28832,385,629003.712699,659788.4,659788.4,0.0,659788.4,0.0,0.0,0.0,619975.4
run_005,csr,csr-irs3-1772979622,1942002,70208.0,28355.0,2466.74127,101029.74127,1673498.25873,1774515,33410,132922,1155,1840972.25873,1840972.25873,1840972.25873,0.0,1687464.0,153508.25873,0.0,0.0,1673498.25873
run_005,join,join-irs3-1772980146,4481588,58226.0,51323.0,2399.1011900000003,111948.10119,7289136.75,7353649,73581,-2947952,2310,4369639.89881,4413722.75,4413722.75,0.0,727489.75,0.0,1760172.0,1926061.0,7289136.75
run_005,removal,remove-irs3-member1-1772979800,7608025,41818.0,59554.0,2217.94127,103589.94127000001,6778680.05873,6882257,70604,652854,2310,7504435.05873,7504435.05873,7504435.05873,0.0,636154.6,69581.45873,6798699.0,0.0,6778680.05873
run_005,revocation,revoke-irs3-1772979754,809575,37730.0,45978.0,2053.998413,85761.99841300001,692967.2,765528,14688,28939,420,723813.001587,734012.2,734012.2,0.0,734012.2,0.0,0.0,0.0,692967.2
run_006,csr,csr-irs3-1772980466,2162945,70198.0,28353.0,2157.271428,100708.27142800001,1914243.4,1992885,36010,132895,1155,2062236.7285719998,2080343.4,2080343.4,0.0,2080343.4,0.0,0.0,0.0,1914243.4
run_006,join,join-irs3-1772980980,8490196,58222.0,51864.0,2286.233333,112372.23333300001,7659224.4,7732209,76002,679640,2345,8377823.766667,8413729.4,8413729.4,0.0,792900.4,0.0,1782009.0,5838820.0,7659224.4
run_006,removal,remove-irs3-member1-1772980651,7313316,41818.0,60094.0,2163.033729,104075.033729,6496113.966271,6600176,68152,642783,2205,7209240.966271,7209240.966271,7209240.966271,0.0,688017.714286,62320.251985,6458903.0,0.0,6496113.966271
run_006,revocation,revoke-irs3-1772980609,741647,37718.0,45977.0,2127.003571,85822.003571,612977.996429,698787,13603,28865,392,655824.996429,655824.996429,655824.996429,0.0,599757.857143,56067.139286,0.0,0.0,612977.996429
run_007,csr,csr-irs3-1772981313,1879780,70206.0,28327.0,2348.4055559999997,100881.405556,1612635.594444,1713504,32325,132831,1120,1778898.594444,1778898.594444,1778898.594444,0.0,1609246.25,169652.344444,0.0,0.0,1612635.594444
run_007,join,join-irs3-1772981825,8321145,58224.0,52373.0,2269.733335,112866.733335,7476971.6,7550340,75529,692861,2415,8208278.2666650005,8244293.6,8244293.6,0.0,807301.6,0.0,1936911.0,5500081.0,7476971.6
run_007,removal,remove-irs3-member1-1772981483,7773885,41818.0,60597.0,2914.460714,105329.460714,6956345.539286,7061662,72561,637387,2275,7668555.539286,7668555.539286,7668555.539286,0.0,866798.0,85444.539286,6716313.0,0.0,6956345.539286
run_007,revocation,revoke-irs3-1772981443,733092,37730.0,45965.0,2151.573413,85846.573413,604405.426587,690239,13603,28865,385,647245.426587,647245.426587,647245.426587,0.0,495151.857143,152093.569444,0.0,0.0,604405.426587
run_008,csr,csr-irs3-1772982178,2036053,70206.0,28355.0,2174.6527770000002,100735.652777,1767259.347223,1867982,34152,132799,1120,1935317.347223,1935317.347223,1935317.347223,0.0,1778014.666667,157302.680556,0.0,0.0,1767259.347223
run_008,join,join-irs3-1772982702,4877692,58186.0,52914.0,2264.630556,113364.630556,7608578.369444,7721930,76037,-2922655,2380,4764327.369444,4764327.369444,4764327.369444,0.0,711864.833333,61519.536111,2192764.0,1798179.0,7608578.369444
run_008,removal,remove-irs3-member1-1772982356,8095902,41816.0,61129.0,2245.685714,105190.68571399999,7335435.6,7418986,74732,599874,2310,7990711.314286,8009368.6,8009368.6,0.0,733317.6,0.0,7276051.0,0.0,7335435.6
run_008,revocation,revoke-irs3-1772982315,654497,37724.0,45982.0,2317.98254,86023.98254,546998.4,612934,12303,28875,385,568473.01746,585689.4,585689.4,0.0,585689.4,0.0,0.0,0.0,546998.4
run_009,csr,csr-irs3-1772983054,1527427,70194.0,28377.0,2219.25,100790.25,1809057.6,1895533,34405,-403631,1120,1426636.75,1436861.6,1436861.6,0.0,1436861.6,0.0,0.0,0.0,1809057.6
run_009,join,join-irs3-1772983601,8969845,58226.0,53405.0,2351.736111,113982.73611099999,8085286.263889,8199256,79351,688858,2380,8855862.263889,8855862.263889,8855862.263889,0.0,674420.833333,62096.430556,1980737.0,6138608.0,8085286.263889
run_009,removal,remove-irs3-member1-1772983228,8629430,41816.0,61638.0,2201.284127,105655.28412699999,7773972.715873,7879615,78048,669352,2415,8523774.715873,8523774.715873,8523774.715873,0.0,675219.833333,63192.88254,7785362.0,0.0,7773972.715873
run_009,revocation,revoke-irs3-1772983187,708960,37712.0,45981.0,2303.71111,85996.71111,580554.2888900001,666538,13188,28849,385,622963.2888900001,622963.2888900001,622963.2888900001,0.0,573543.666667,49419.622223,0.0,0.0,580554.2888900001
run_010,csr,csr-irs3-1772983934,1914084,70194.0,28405.0,2657.084524,101256.084524,1646192.915476,1747436,32715,132813,1120,1812827.915476,1812827.915476,1812827.915476,0.0,1738285.0,74542.915476,0.0,0.0,1646192.915476
run_010,join,join-irs3-1772984447,9047701,58220.0,53954.0,2199.572223,114373.572223,8106492.427777,8220853,80499,743864,2485,8933327.427777,8933327.427777,8933327.427777,0.0,736869.833333,79437.594444,2364938.0,5752082.0,8106492.427777
run_010,removal,remove-irs3-member1-1772984110,8114243,41814.0,62194.0,2183.528571,106191.528571,7277053.471429,7383232,75089,653542,2380,8008051.471429,8008051.471429,8008051.471429,0.0,682977.4,63394.071429,7261680.0,0.0,7277053.471429
run_010,revocation,revoke-irs3-1772984068,706461,37722.0,45989.0,2236.392857,85947.392857,577779.607143,663714,13388,28939,420,620513.607143,620513.607143,620513.607143,0.0,484183.0,136330.607143,0.0,0.0,577779.607143
