run_id,workflow,workflow_tag,operation_id,proposal_id,epoch,stage_start,stage_end,ts_start,ts_end,path,volume_name,component,bytes_before,bytes_after,delta_bytes
run_003,csr,csr_1772989849,csr-irs3-1772989849,csr-irs3-1772989849,,operation_start,csr_submit_done,2026-03-08T17:10:49.122811Z,2026-03-08T17:10:51.464186Z,/var/lib/docker/volumes,318645f57934e785e6547d02c0ed0372a820dd164fafeaf2aded437d20c7e86c,other,NA,NA,
run_003,csr,csr_1772989849,csr-irs3-1772989849,csr-irs3-1772989849,,operation_start,csr_submit_done,2026-03-08T17:10:49.122811Z,2026-03-08T17:10:51.464186Z,/var/lib/docker/volumes,6e05c7eee9bbcb46c981fe49ad7f9ebf47dc65ef85493d026e1fe789550bc448,other,NA,NA,
run_003,csr,csr_1772989849,csr-irs3-1772989849,csr-irs3-1772989849,,operation_start,csr_submit_done,2026-03-08T17:10:49.122811Z,2026-03-08T17:10:51.464186Z,/var/lib/docker/volumes,6e814cba506a0e47486afe858abb24599aa260685e260366e381bd9f2b497bf1,other,NA,NA,
run_003,csr,csr_1772989849,csr-irs3-1772989849,csr-irs3-1772989849,,operation_start,csr_submit_done,2026-03-08T17:10:49.122811Z,2026-03-08T17:10:51.464186Z,/var/lib/docker/volumes,77081bcffcc1f3cefe0f90de1341463d593338399618ad7fd5299be12e63d03b,other,NA,NA,
run_003,csr,csr_1772989849,csr-irs3-1772989849,csr-irs3-1772989849,,operation_start,csr_submit_done,2026-03-08T17:10:49.122811Z,2026-03-08T17:10:51.464186Z,/var/lib/docker/volumes,791e62bfc17bf044236c3dcb5d77ec82610b27aa4d5f3c78aff2e2842f98f9ee,other,NA,NA,
run_003,csr,csr_1772989849,csr-irs3-1772989849,csr-irs3-1772989849,,operation_start,csr_submit_done,2026-03-08T17:10:49.122811Z,2026-03-08T17:10:51.464186Z,/var/lib/docker/volumes,84427cfc582fb211af081a74ca5f701e2252df8f70c46077c76714f5178f91ca,other,NA,NA,
run_003,csr,csr_1772989849,csr-irs3-1772989849,csr-irs3-1772989849,,operation_start,csr_submit_done,2026-03-08T17:10:49.122811Z,2026-03-08T17:10:51.464186Z,/var/lib/docker/volumes,99ac8c723665556c954d288ca00335f1fae5493d384cb656ecf5a945cc9ae3b8,other,NA,NA,
run_003,csr,csr_1772989849,csr-irs3-1772989849,csr-irs3-1772989849,,operation_start,csr_submit_done,2026-03-08T17:10:49.122811Z,2026-03-08T17:10:51.464186Z,/var/lib/docker/volumes,ab96d922f06ec7a94f1b5200e75e480c9ed7eba86fbbe33b5cb9edbe031c6ea8,other,49770,49770,0
run_003,csr,csr_1772989849,csr-irs3-1772989849,csr-irs3-1772989849,,operation_start,csr_submit_done,2026-03-08T17:10:49.122811Z,2026-03-08T17:10:51.464186Z,/var/lib/docker/volumes,d9b7785a06954372515977133a1213437b80c5db1517196ca5e26134d3413ccf,other,NA,NA,
run_003,csr,csr_1772989849,csr-irs3-1772989849,csr-irs3-1772989849,,operation_start,csr_submit_done,2026-03-08T17:10:49.122811Z,2026-03-08T17:10:51.464186Z,/var/lib/docker/volumes,dd820bcbe44cd4769bb920ed05fcdf7e3f815b7e26184126f86a8c3782d6ae37,other,49770,49770,0
run_003,csr,csr_1772989849,csr-irs3-1772989849,csr-irs3-1772989849,,operation_start,csr_submit_done,2026-03-08T17:10:49.122811Z,2026-03-08T17:10:51.464186Z,/var/lib/docker/volumes,fabric_orderer.kit.edu,orderer,152974408,152982970,8562
run_003,csr,csr_1772989849,csr-irs3-1772989849,csr-irs3-1772989849,,operation_start,csr_submit_done,2026-03-08T17:10:49.122811Z,2026-03-08T17:10:51.464186Z,/var/lib/docker/volumes,fabric_peer0.irs1.kit.edu,other,5006,5006,0
run_003,csr,csr_1772989849,csr-irs3-1772989849,csr-irs3-1772989849,,operation_start,csr_submit_done,2026-03-08T17:10:49.122811Z,2026-03-08T17:10:51.464186Z,/var/lib/docker/volumes,fabric_peer0.irs3.kit.edu,peer,53687216,53697924,10708
run_003,csr,csr_1772989849,csr-irs3-1772989849,csr-irs3-1772989849,,operation_start,csr_submit_done,2026-03-08T17:10:49.122811Z,2026-03-08T17:10:51.464186Z,/var/lib/docker/volumes,fabric_peer1.irs3.kit.edu,other,53687212,53697920,10708
run_003,csr,csr_1772989849,csr-irs3-1772989849,csr-irs3-1772989849,,operation_start,csr_submit_done,2026-03-08T17:10:49.122811Z,2026-03-08T17:10:51.464186Z,/var/lib/docker/volumes,fabric_peer2.irs3.kit.edu,other,53685784,53696492,10708
run_003,csr,csr_1772989849,csr-irs3-1772989849,csr-irs3-1772989849,,operation_start,csr_submit_done,2026-03-08T17:10:49.122811Z,2026-03-08T17:10:51.464186Z,/var/lib/docker/volumes,fabric_peer3.irs3.kit.edu,other,53685787,53696495,10708
run_003,csr,csr_1772989849,csr-irs3-1772989849,csr-irs3-1772989849,,csr_submit_done,csr_voted,2026-03-08T17:10:51.464186Z,2026-03-08T17:10:55.243733313Z,/var/lib/docker/volumes,318645f57934e785e6547d02c0ed0372a820dd164fafeaf2aded437d20c7e86c,other,NA,NA,
run_003,csr,csr_1772989849,csr-irs3-1772989849,csr-irs3-1772989849,,csr_submit_done,csr_voted,2026-03-08T17:10:51.464186Z,2026-03-08T17:10:55.243733313Z,/var/lib/docker/volumes,6e05c7eee9bbcb46c981fe49ad7f9ebf47dc65ef85493d026e1fe789550bc448,other,NA,NA,
run_003,csr,csr_1772989849,csr-irs3-1772989849,csr-irs3-1772989849,,csr_submit_done,csr_voted,2026-03-08T17:10:51.464186Z,2026-03-08T17:10:55.243733313Z,/var/lib/docker/volumes,6e814cba506a0e47486afe858abb24599aa260685e260366e381bd9f2b497bf1,other,NA,NA,
run_003,csr,csr_1772989849,csr-irs3-1772989849,csr-irs3-1772989849,,csr_submit_done,csr_voted,2026-03-08T17:10:51.464186Z,2026-03-08T17:10:55.243733313Z,/var/lib/docker/volumes,77081bcffcc1f3cefe0f90de1341463d593338399618ad7fd5299be12e63d03b,other,NA,NA,
run_003,csr,csr_1772989849,csr-irs3-1772989849,csr-irs3-1772989849,,csr_submit_done,csr_voted,2026-03-08T17:10:51.464186Z,2026-03-08T17:10:55.243733313Z,/var/lib/docker/volumes,791e62bfc17bf044236c3dcb5d77ec82610b27aa4d5f3c78aff2e2842f98f9ee,other,NA,NA,
run_003,csr,csr_1772989849,csr-irs3-1772989849,csr-irs3-1772989849,,csr_submit_done,csr_voted,2026-03-08T17:10:51.464186Z,2026-03-08T17:10:55.243733313Z,/var/lib/docker/volumes,84427cfc582fb211af081a74ca5f701e2252df8f70c46077c76714f5178f91ca,other,NA,NA,
run_003,csr,csr_1772989849,csr-irs3-1772989849,csr-irs3-1772989849,,csr_submit_done,csr_voted,2026-03-08T17:10:51.464186Z,2026-03-08T17:10:55.243733313Z,/var/lib/docker/volumes,99ac8c723665556c954d288ca00335f1fae5493d384cb656ecf5a945cc9ae3b8,other,NA,NA,
run_003,csr,csr_1772989849,csr-irs3-1772989849,csr-irs3-1772989849,,csr_submit_done,csr_voted,2026-03-08T17:10:51.464186Z,2026-03-08T17:10:55.243733313Z,/var/lib/docker/volumes,ab96d922f06ec7a94f1b5200e75e480c9ed7eba86fbbe33b5cb9edbe031c6ea8,other,49770,49770,0
run_003,csr,csr_1772989849,csr-irs3-1772989849,csr-irs3-1772989849,,csr_submit_done,csr_voted,2026-03-08T17:10:51.464186Z,2026-03-08T17:10:55.243733313Z,/var/lib/docker/volumes,d9b7785a06954372515977133a1213437b80c5db1517196ca5e26134d3413ccf,other,NA,NA,
run_003,csr,csr_1772989849,csr-irs3-1772989849,csr-irs3-1772989849,,csr_submit_done,csr_voted,2026-03-08T17:10:51.464186Z,2026-03-08T17:10:55.243733313Z,/var/lib/docker/volumes,dd820bcbe44cd4769bb920ed05fcdf7e3f815b7e26184126f86a8c3782d6ae37,other,49770,49770,0
run_003,csr,csr_1772989849,csr-irs3-1772989849,csr-irs3-1772989849,,csr_submit_done,csr_voted,2026-03-08T17:10:51.464186Z,2026-03-08T17:10:55.243733313Z,/var/lib/docker/volumes,fabric_orderer.kit.edu,orderer,152982970,153038481,55511
run_003,csr,csr_1772989849,csr-irs3-1772989849,csr-irs3-1772989849,,csr_submit_done,csr_voted,2026-03-08T17:10:51.464186Z,2026-03-08T17:10:55.243733313Z,/var/lib/docker/volumes,fabric_peer0.irs1.kit.edu,other,5006,5006,0
run_003,csr,csr_1772989849,csr-irs3-1772989849,csr-irs3-1772989849,,csr_submit_done,csr_voted,2026-03-08T17:10:51.464186Z,2026-03-08T17:10:55.243733313Z,/var/lib/docker/volumes,fabric_peer0.irs3.kit.edu,peer,53697924,53757294,59370
run_003,csr,csr_1772989849,csr-irs3-1772989849,csr-irs3-1772989849,,csr_submit_done,csr_voted,2026-03-08T17:10:51.464186Z,2026-03-08T17:10:55.243733313Z,/var/lib/docker/volumes,fabric_peer1.irs3.kit.edu,other,53697920,53757290,59370
run_003,csr,csr_1772989849,csr-irs3-1772989849,csr-irs3-1772989849,,csr_submit_done,csr_voted,2026-03-08T17:10:51.464186Z,2026-03-08T17:10:55.243733313Z,/var/lib/docker/volumes,fabric_peer2.irs3.kit.edu,other,53696492,53755862,59370
run_003,csr,csr_1772989849,csr-irs3-1772989849,csr-irs3-1772989849,,csr_submit_done,csr_voted,2026-03-08T17:10:51.464186Z,2026-03-08T17:10:55.243733313Z,/var/lib/docker/volumes,fabric_peer3.irs3.kit.edu,other,53696495,53755865,59370
run_003,csr,csr_1772989849,csr-irs3-1772989849,csr-irs3-1772989849,,csr_voted,csr_approved,2026-03-08T17:10:55.243733313Z,2026-03-08T17:11:11.984804015Z,/var/lib/docker/volumes,318645f57934e785e6547d02c0ed0372a820dd164fafeaf2aded437d20c7e86c,other,NA,NA,
run_003,csr,csr_1772989849,csr-irs3-1772989849,csr-irs3-1772989849,,csr_voted,csr_approved,2026-03-08T17:10:55.243733313Z,2026-03-08T17:11:11.984804015Z,/var/lib/docker/volumes,6e05c7eee9bbcb46c981fe49ad7f9ebf47dc65ef85493d026e1fe789550bc448,other,NA,NA,
run_003,csr,csr_1772989849,csr-irs3-1772989849,csr-irs3-1772989849,,csr_voted,csr_approved,2026-03-08T17:10:55.243733313Z,2026-03-08T17:11:11.984804015Z,/var/lib/docker/volumes,6e814cba506a0e47486afe858abb24599aa260685e260366e381bd9f2b497bf1,other,NA,NA,
run_003,csr,csr_1772989849,csr-irs3-1772989849,csr-irs3-1772989849,,csr_voted,csr_approved,2026-03-08T17:10:55.243733313Z,2026-03-08T17:11:11.984804015Z,/var/lib/docker/volumes,77081bcffcc1f3cefe0f90de1341463d593338399618ad7fd5299be12e63d03b,other,NA,NA,
run_003,csr,csr_1772989849,csr-irs3-1772989849,csr-irs3-1772989849,,csr_voted,csr_approved,2026-03-08T17:10:55.243733313Z,2026-03-08T17:11:11.984804015Z,/var/lib/docker/volumes,791e62bfc17bf044236c3dcb5d77ec82610b27aa4d5f3c78aff2e2842f98f9ee,other,NA,NA,
run_003,csr,csr_1772989849,csr-irs3-1772989849,csr-irs3-1772989849,,csr_voted,csr_approved,2026-03-08T17:10:55.243733313Z,2026-03-08T17:11:11.984804015Z,/var/lib/docker/volumes,84427cfc582fb211af081a74ca5f701e2252df8f70c46077c76714f5178f91ca,other,NA,NA,
run_003,csr,csr_1772989849,csr-irs3-1772989849,csr-irs3-1772989849,,csr_voted,csr_approved,2026-03-08T17:10:55.243733313Z,2026-03-08T17:11:11.984804015Z,/var/lib/docker/volumes,99ac8c723665556c954d288ca00335f1fae5493d384cb656ecf5a945cc9ae3b8,other,NA,NA,
run_003,csr,csr_1772989849,csr-irs3-1772989849,csr-irs3-1772989849,,csr_voted,csr_approved,2026-03-08T17:10:55.243733313Z,2026-03-08T17:11:11.984804015Z,/var/lib/docker/volumes,ab96d922f06ec7a94f1b5200e75e480c9ed7eba86fbbe33b5cb9edbe031c6ea8,other,49770,49770,0
run_003,csr,csr_1772989849,csr-irs3-1772989849,csr-irs3-1772989849,,csr_voted,csr_approved,2026-03-08T17:10:55.243733313Z,2026-03-08T17:11:11.984804015Z,/var/lib/docker/volumes,d9b7785a06954372515977133a1213437b80c5db1517196ca5e26134d3413ccf,other,NA,NA,
run_003,csr,csr_1772989849,csr-irs3-1772989849,csr-irs3-1772989849,,csr_voted,csr_approved,2026-03-08T17:10:55.243733313Z,2026-03-08T17:11:11.984804015Z,/var/lib/docker/volumes,dd820bcbe44cd4769bb920ed05fcdf7e3f815b7e26184126f86a8c3782d6ae37,other,49770,49770,0
run_003,csr,csr_1772989849,csr-irs3-1772989849,csr-irs3-1772989849,,csr_voted,csr_approved,2026-03-08T17:10:55.243733313Z,2026-03-08T17:11:11.984804015Z,/var/lib/docker/volumes,fabric_orderer.kit.edu,orderer,153038481,153356666,318185
run_003,csr,csr_1772989849,csr-irs3-1772989849,csr-irs3-1772989849,,csr_voted,csr_approved,2026-03-08T17:10:55.243733313Z,2026-03-08T17:11:11.984804015Z,/var/lib/docker/volumes,fabric_peer0.irs1.kit.edu,other,5006,5006,0
run_003,csr,csr_1772989849,csr-irs3-1772989849,csr-irs3-1772989849,,csr_voted,csr_approved,2026-03-08T17:10:55.243733313Z,2026-03-08T17:11:11.984804015Z,/var/lib/docker/volumes,fabric_peer0.irs3.kit.edu,peer,53757294,54098186,340892
run_003,csr,csr_1772989849,csr-irs3-1772989849,csr-irs3-1772989849,,csr_voted,csr_approved,2026-03-08T17:10:55.243733313Z,2026-03-08T17:11:11.984804015Z,/var/lib/docker/volumes,fabric_peer1.irs3.kit.edu,other,53757290,54098182,340892
run_003,csr,csr_1772989849,csr-irs3-1772989849,csr-irs3-1772989849,,csr_voted,csr_approved,2026-03-08T17:10:55.243733313Z,2026-03-08T17:11:11.984804015Z,/var/lib/docker/volumes,fabric_peer2.irs3.kit.edu,other,53755862,54096754,340892
run_003,csr,csr_1772989849,csr-irs3-1772989849,csr-irs3-1772989849,,csr_voted,csr_approved,2026-03-08T17:10:55.243733313Z,2026-03-08T17:11:11.984804015Z,/var/lib/docker/volumes,fabric_peer3.irs3.kit.edu,other,53755865,54096757,340892
run_003,csr,csr_1772989849,csr-irs3-1772989849,csr-irs3-1772989849,,csr_approved,cert_registered,2026-03-08T17:11:11.984804015Z,2026-03-08T17:12:02.447687834Z,/var/lib/docker/volumes,318645f57934e785e6547d02c0ed0372a820dd164fafeaf2aded437d20c7e86c,other,NA,NA,
run_003,csr,csr_1772989849,csr-irs3-1772989849,csr-irs3-1772989849,,csr_approved,cert_registered,2026-03-08T17:11:11.984804015Z,2026-03-08T17:12:02.447687834Z,/var/lib/docker/volumes,6e05c7eee9bbcb46c981fe49ad7f9ebf47dc65ef85493d026e1fe789550bc448,other,NA,NA,
run_003,csr,csr_1772989849,csr-irs3-1772989849,csr-irs3-1772989849,,csr_approved,cert_registered,2026-03-08T17:11:11.984804015Z,2026-03-08T17:12:02.447687834Z,/var/lib/docker/volumes,6e814cba506a0e47486afe858abb24599aa260685e260366e381bd9f2b497bf1,other,NA,NA,
run_003,csr,csr_1772989849,csr-irs3-1772989849,csr-irs3-1772989849,,csr_approved,cert_registered,2026-03-08T17:11:11.984804015Z,2026-03-08T17:12:02.447687834Z,/var/lib/docker/volumes,77081bcffcc1f3cefe0f90de1341463d593338399618ad7fd5299be12e63d03b,other,NA,NA,
run_003,csr,csr_1772989849,csr-irs3-1772989849,csr-irs3-1772989849,,csr_approved,cert_registered,2026-03-08T17:11:11.984804015Z,2026-03-08T17:12:02.447687834Z,/var/lib/docker/volumes,791e62bfc17bf044236c3dcb5d77ec82610b27aa4d5f3c78aff2e2842f98f9ee,other,NA,NA,
run_003,csr,csr_1772989849,csr-irs3-1772989849,csr-irs3-1772989849,,csr_approved,cert_registered,2026-03-08T17:11:11.984804015Z,2026-03-08T17:12:02.447687834Z,/var/lib/docker/volumes,84427cfc582fb211af081a74ca5f701e2252df8f70c46077c76714f5178f91ca,other,NA,NA,
run_003,csr,csr_1772989849,csr-irs3-1772989849,csr-irs3-1772989849,,csr_approved,cert_registered,2026-03-08T17:11:11.984804015Z,2026-03-08T17:12:02.447687834Z,/var/lib/docker/volumes,99ac8c723665556c954d288ca00335f1fae5493d384cb656ecf5a945cc9ae3b8,other,NA,NA,
run_003,csr,csr_1772989849,csr-irs3-1772989849,csr-irs3-1772989849,,csr_approved,cert_registered,2026-03-08T17:11:11.984804015Z,2026-03-08T17:12:02.447687834Z,/var/lib/docker/volumes,ab96d922f06ec7a94f1b5200e75e480c9ed7eba86fbbe33b5cb9edbe031c6ea8,other,49770,49770,0
run_003,csr,csr_1772989849,csr-irs3-1772989849,csr-irs3-1772989849,,csr_approved,cert_registered,2026-03-08T17:11:11.984804015Z,2026-03-08T17:12:02.447687834Z,/var/lib/docker/volumes,d9b7785a06954372515977133a1213437b80c5db1517196ca5e26134d3413ccf,other,NA,NA,
run_003,csr,csr_1772989849,csr-irs3-1772989849,csr-irs3-1772989849,,csr_approved,cert_registered,2026-03-08T17:11:11.984804015Z,2026-03-08T17:12:02.447687834Z,/var/lib/docker/volumes,dd820bcbe44cd4769bb920ed05fcdf7e3f815b7e26184126f86a8c3782d6ae37,other,49770,49770,0
run_003,csr,csr_1772989849,csr-irs3-1772989849,csr-irs3-1772989849,,csr_approved,cert_registered,2026-03-08T17:11:11.984804015Z,2026-03-08T17:12:02.447687834Z,/var/lib/docker/volumes,fabric_orderer.kit.edu,orderer,153356666,153931334,574668
run_003,csr,csr_1772989849,csr-irs3-1772989849,csr-irs3-1772989849,,csr_approved,cert_registered,2026-03-08T17:11:11.984804015Z,2026-03-08T17:12:02.447687834Z,/var/lib/docker/volumes,fabric_peer0.irs1.kit.edu,other,5006,5006,0
run_003,csr,csr_1772989849,csr-irs3-1772989849,csr-irs3-1772989849,,csr_approved,cert_registered,2026-03-08T17:11:11.984804015Z,2026-03-08T17:12:02.447687834Z,/var/lib/docker/volumes,fabric_peer0.irs3.kit.edu,peer,54098186,54728915,630729
run_003,csr,csr_1772989849,csr-irs3-1772989849,csr-irs3-1772989849,,csr_approved,cert_registered,2026-03-08T17:11:11.984804015Z,2026-03-08T17:12:02.447687834Z,/var/lib/docker/volumes,fabric_peer1.irs3.kit.edu,other,54098182,54728911,630729
run_003,csr,csr_1772989849,csr-irs3-1772989849,csr-irs3-1772989849,,csr_approved,cert_registered,2026-03-08T17:11:11.984804015Z,2026-03-08T17:12:02.447687834Z,/var/lib/docker/volumes,fabric_peer2.irs3.kit.edu,other,54096754,54727483,630729
run_003,csr,csr_1772989849,csr-irs3-1772989849,csr-irs3-1772989849,,csr_approved,cert_registered,2026-03-08T17:11:11.984804015Z,2026-03-08T17:12:02.447687834Z,/var/lib/docker/volumes,fabric_peer3.irs3.kit.edu,other,54096757,54727486,630729
run_003,csr,csr_1772989849,csr-irs3-1772989849,csr-irs3-1772989849,,cert_registered,operation_end,2026-03-08T17:12:02.447687834Z,2026-03-08T17:12:03.544533Z,/var/lib/docker/volumes,318645f57934e785e6547d02c0ed0372a820dd164fafeaf2aded437d20c7e86c,other,NA,NA,
run_003,csr,csr_1772989849,csr-irs3-1772989849,csr-irs3-1772989849,,cert_registered,operation_end,2026-03-08T17:12:02.447687834Z,2026-03-08T17:12:03.544533Z,/var/lib/docker/volumes,6e05c7eee9bbcb46c981fe49ad7f9ebf47dc65ef85493d026e1fe789550bc448,other,NA,NA,
run_003,csr,csr_1772989849,csr-irs3-1772989849,csr-irs3-1772989849,,cert_registered,operation_end,2026-03-08T17:12:02.447687834Z,2026-03-08T17:12:03.544533Z,/var/lib/docker/volumes,6e814cba506a0e47486afe858abb24599aa260685e260366e381bd9f2b497bf1,other,NA,NA,
run_003,csr,csr_1772989849,csr-irs3-1772989849,csr-irs3-1772989849,,cert_registered,operation_end,2026-03-08T17:12:02.447687834Z,2026-03-08T17:12:03.544533Z,/var/lib/docker/volumes,77081bcffcc1f3cefe0f90de1341463d593338399618ad7fd5299be12e63d03b,other,NA,NA,
run_003,csr,csr_1772989849,csr-irs3-1772989849,csr-irs3-1772989849,,cert_registered,operation_end,2026-03-08T17:12:02.447687834Z,2026-03-08T17:12:03.544533Z,/var/lib/docker/volumes,791e62bfc17bf044236c3dcb5d77ec82610b27aa4d5f3c78aff2e2842f98f9ee,other,NA,NA,
run_003,csr,csr_1772989849,csr-irs3-1772989849,csr-irs3-1772989849,,cert_registered,operation_end,2026-03-08T17:12:02.447687834Z,2026-03-08T17:12:03.544533Z,/var/lib/docker/volumes,84427cfc582fb211af081a74ca5f701e2252df8f70c46077c76714f5178f91ca,other,NA,NA,
run_003,csr,csr_1772989849,csr-irs3-1772989849,csr-irs3-1772989849,,cert_registered,operation_end,2026-03-08T17:12:02.447687834Z,2026-03-08T17:12:03.544533Z,/var/lib/docker/volumes,99ac8c723665556c954d288ca00335f1fae5493d384cb656ecf5a945cc9ae3b8,other,NA,NA,
run_003,csr,csr_1772989849,csr-irs3-1772989849,csr-irs3-1772989849,,cert_registered,operation_end,2026-03-08T17:12:02.447687834Z,2026-03-08T17:12:03.544533Z,/var/lib/docker/volumes,ab96d922f06ec7a94f1b5200e75e480c9ed7eba86fbbe33b5cb9edbe031c6ea8,other,49770,49770,0
run_003,csr,csr_1772989849,csr-irs3-1772989849,csr-irs3-1772989849,,cert_registered,operation_end,2026-03-08T17:12:02.447687834Z,2026-03-08T17:12:03.544533Z,/var/lib/docker/volumes,d9b7785a06954372515977133a1213437b80c5db1517196ca5e26134d3413ccf,other,NA,NA,
run_003,csr,csr_1772989849,csr-irs3-1772989849,csr-irs3-1772989849,,cert_registered,operation_end,2026-03-08T17:12:02.447687834Z,2026-03-08T17:12:03.544533Z,/var/lib/docker/volumes,dd820bcbe44cd4769bb920ed05fcdf7e3f815b7e26184126f86a8c3782d6ae37,other,49770,49770,0
run_003,csr,csr_1772989849,csr-irs3-1772989849,csr-irs3-1772989849,,cert_registered,operation_end,2026-03-08T17:12:02.447687834Z,2026-03-08T17:12:03.544533Z,/var/lib/docker/volumes,fabric_orderer.kit.edu,orderer,153931334,153931334,0
run_003,csr,csr_1772989849,csr-irs3-1772989849,csr-irs3-1772989849,,cert_registered,operation_end,2026-03-08T17:12:02.447687834Z,2026-03-08T17:12:03.544533Z,/var/lib/docker/volumes,fabric_peer0.irs1.kit.edu,other,5006,5006,0
run_003,csr,csr_1772989849,csr-irs3-1772989849,csr-irs3-1772989849,,cert_registered,operation_end,2026-03-08T17:12:02.447687834Z,2026-03-08T17:12:03.544533Z,/var/lib/docker/volumes,fabric_peer0.irs3.kit.edu,peer,54728915,54728915,0
run_003,csr,csr_1772989849,csr-irs3-1772989849,csr-irs3-1772989849,,cert_registered,operation_end,2026-03-08T17:12:02.447687834Z,2026-03-08T17:12:03.544533Z,/var/lib/docker/volumes,fabric_peer1.irs3.kit.edu,other,54728911,54728911,0
run_003,csr,csr_1772989849,csr-irs3-1772989849,csr-irs3-1772989849,,cert_registered,operation_end,2026-03-08T17:12:02.447687834Z,2026-03-08T17:12:03.544533Z,/var/lib/docker/volumes,fabric_peer2.irs3.kit.edu,other,54727483,54727483,0
run_003,csr,csr_1772989849,csr-irs3-1772989849,csr-irs3-1772989849,,cert_registered,operation_end,2026-03-08T17:12:02.447687834Z,2026-03-08T17:12:03.544533Z,/var/lib/docker/volumes,fabric_peer3.irs3.kit.edu,other,54727486,54727486,0
run_003,revocation,revocation_1772989944,revoke-irs3-1772989944,revoke-irs3-1772989944,,operation_start,revocation_submit_done,2026-03-08T17:12:24.678057Z,2026-03-08T17:12:27.023449Z,/var/lib/docker/volumes,318645f57934e785e6547d02c0ed0372a820dd164fafeaf2aded437d20c7e86c,other,NA,NA,
run_003,revocation,revocation_1772989944,revoke-irs3-1772989944,revoke-irs3-1772989944,,operation_start,revocation_submit_done,2026-03-08T17:12:24.678057Z,2026-03-08T17:12:27.023449Z,/var/lib/docker/volumes,6e05c7eee9bbcb46c981fe49ad7f9ebf47dc65ef85493d026e1fe789550bc448,other,NA,NA,
run_003,revocation,revocation_1772989944,revoke-irs3-1772989944,revoke-irs3-1772989944,,operation_start,revocation_submit_done,2026-03-08T17:12:24.678057Z,2026-03-08T17:12:27.023449Z,/var/lib/docker/volumes,6e814cba506a0e47486afe858abb24599aa260685e260366e381bd9f2b497bf1,other,NA,NA,
run_003,revocation,revocation_1772989944,revoke-irs3-1772989944,revoke-irs3-1772989944,,operation_start,revocation_submit_done,2026-03-08T17:12:24.678057Z,2026-03-08T17:12:27.023449Z,/var/lib/docker/volumes,77081bcffcc1f3cefe0f90de1341463d593338399618ad7fd5299be12e63d03b,other,NA,NA,
run_003,revocation,revocation_1772989944,revoke-irs3-1772989944,revoke-irs3-1772989944,,operation_start,revocation_submit_done,2026-03-08T17:12:24.678057Z,2026-03-08T17:12:27.023449Z,/var/lib/docker/volumes,791e62bfc17bf044236c3dcb5d77ec82610b27aa4d5f3c78aff2e2842f98f9ee,other,NA,NA,
run_003,revocation,revocation_1772989944,revoke-irs3-1772989944,revoke-irs3-1772989944,,operation_start,revocation_submit_done,2026-03-08T17:12:24.678057Z,2026-03-08T17:12:27.023449Z,/var/lib/docker/volumes,84427cfc582fb211af081a74ca5f701e2252df8f70c46077c76714f5178f91ca,other,NA,NA,
run_003,revocation,revocation_1772989944,revoke-irs3-1772989944,revoke-irs3-1772989944,,operation_start,revocation_submit_done,2026-03-08T17:12:24.678057Z,2026-03-08T17:12:27.023449Z,/var/lib/docker/volumes,99ac8c723665556c954d288ca00335f1fae5493d384cb656ecf5a945cc9ae3b8,other,NA,NA,
run_003,revocation,revocation_1772989944,revoke-irs3-1772989944,revoke-irs3-1772989944,,operation_start,revocation_submit_done,2026-03-08T17:12:24.678057Z,2026-03-08T17:12:27.023449Z,/var/lib/docker/volumes,ab96d922f06ec7a94f1b5200e75e480c9ed7eba86fbbe33b5cb9edbe031c6ea8,other,49770,49770,0
run_003,revocation,revocation_1772989944,revoke-irs3-1772989944,revoke-irs3-1772989944,,operation_start,revocation_submit_done,2026-03-08T17:12:24.678057Z,2026-03-08T17:12:27.023449Z,/var/lib/docker/volumes,d9b7785a06954372515977133a1213437b80c5db1517196ca5e26134d3413ccf,other,NA,NA,
run_003,revocation,revocation_1772989944,revoke-irs3-1772989944,revoke-irs3-1772989944,,operation_start,revocation_submit_done,2026-03-08T17:12:24.678057Z,2026-03-08T17:12:27.023449Z,/var/lib/docker/volumes,dd820bcbe44cd4769bb920ed05fcdf7e3f815b7e26184126f86a8c3782d6ae37,other,49770,49770,0
run_003,revocation,revocation_1772989944,revoke-irs3-1772989944,revoke-irs3-1772989944,,operation_start,revocation_submit_done,2026-03-08T17:12:24.678057Z,2026-03-08T17:12:27.023449Z,/var/lib/docker/volumes,fabric_orderer.kit.edu,orderer,153955222,153962429,7207
run_003,revocation,revocation_1772989944,revoke-irs3-1772989944,revoke-irs3-1772989944,,operation_start,revocation_submit_done,2026-03-08T17:12:24.678057Z,2026-03-08T17:12:27.023449Z,/var/lib/docker/volumes,fabric_peer0.irs1.kit.edu,other,5006,5006,0
run_003,revocation,revocation_1772989944,revoke-irs3-1772989944,revoke-irs3-1772989944,,operation_start,revocation_submit_done,2026-03-08T17:12:24.678057Z,2026-03-08T17:12:27.023449Z,/var/lib/docker/volumes,fabric_peer0.irs3.kit.edu,peer,54753514,54761763,8249
run_003,revocation,revocation_1772989944,revoke-irs3-1772989944,revoke-irs3-1772989944,,operation_start,revocation_submit_done,2026-03-08T17:12:24.678057Z,2026-03-08T17:12:27.023449Z,/var/lib/docker/volumes,fabric_peer1.irs3.kit.edu,other,54753510,54761759,8249
run_003,revocation,revocation_1772989944,revoke-irs3-1772989944,revoke-irs3-1772989944,,operation_start,revocation_submit_done,2026-03-08T17:12:24.678057Z,2026-03-08T17:12:27.023449Z,/var/lib/docker/volumes,fabric_peer2.irs3.kit.edu,other,54752082,54760331,8249
run_003,revocation,revocation_1772989944,revoke-irs3-1772989944,revoke-irs3-1772989944,,operation_start,revocation_submit_done,2026-03-08T17:12:24.678057Z,2026-03-08T17:12:27.023449Z,/var/lib/docker/volumes,fabric_peer3.irs3.kit.edu,other,54752085,54760334,8249
run_003,revocation,revocation_1772989944,revoke-irs3-1772989944,revoke-irs3-1772989944,,revocation_submit_done,revocation_voted,2026-03-08T17:12:27.023449Z,2026-03-08T17:12:29.385601232Z,/var/lib/docker/volumes,318645f57934e785e6547d02c0ed0372a820dd164fafeaf2aded437d20c7e86c,other,NA,NA,
run_003,revocation,revocation_1772989944,revoke-irs3-1772989944,revoke-irs3-1772989944,,revocation_submit_done,revocation_voted,2026-03-08T17:12:27.023449Z,2026-03-08T17:12:29.385601232Z,/var/lib/docker/volumes,6e05c7eee9bbcb46c981fe49ad7f9ebf47dc65ef85493d026e1fe789550bc448,other,NA,NA,
run_003,revocation,revocation_1772989944,revoke-irs3-1772989944,revoke-irs3-1772989944,,revocation_submit_done,revocation_voted,2026-03-08T17:12:27.023449Z,2026-03-08T17:12:29.385601232Z,/var/lib/docker/volumes,6e814cba506a0e47486afe858abb24599aa260685e260366e381bd9f2b497bf1,other,NA,NA,
run_003,revocation,revocation_1772989944,revoke-irs3-1772989944,revoke-irs3-1772989944,,revocation_submit_done,revocation_voted,2026-03-08T17:12:27.023449Z,2026-03-08T17:12:29.385601232Z,/var/lib/docker/volumes,77081bcffcc1f3cefe0f90de1341463d593338399618ad7fd5299be12e63d03b,other,NA,NA,
run_003,revocation,revocation_1772989944,revoke-irs3-1772989944,revoke-irs3-1772989944,,revocation_submit_done,revocation_voted,2026-03-08T17:12:27.023449Z,2026-03-08T17:12:29.385601232Z,/var/lib/docker/volumes,791e62bfc17bf044236c3dcb5d77ec82610b27aa4d5f3c78aff2e2842f98f9ee,other,NA,NA,
run_003,revocation,revocation_1772989944,revoke-irs3-1772989944,revoke-irs3-1772989944,,revocation_submit_done,revocation_voted,2026-03-08T17:12:27.023449Z,2026-03-08T17:12:29.385601232Z,/var/lib/docker/volumes,84427cfc582fb211af081a74ca5f701e2252df8f70c46077c76714f5178f91ca,other,NA,NA,
run_003,revocation,revocation_1772989944,revoke-irs3-1772989944,revoke-irs3-1772989944,,revocation_submit_done,revocation_voted,2026-03-08T17:12:27.023449Z,2026-03-08T17:12:29.385601232Z,/var/lib/docker/volumes,99ac8c723665556c954d288ca00335f1fae5493d384cb656ecf5a945cc9ae3b8,other,NA,NA,
run_003,revocation,revocation_1772989944,revoke-irs3-1772989944,revoke-irs3-1772989944,,revocation_submit_done,revocation_voted,2026-03-08T17:12:27.023449Z,2026-03-08T17:12:29.385601232Z,/var/lib/docker/volumes,ab96d922f06ec7a94f1b5200e75e480c9ed7eba86fbbe33b5cb9edbe031c6ea8,other,49770,49770,0
run_003,revocation,revocation_1772989944,revoke-irs3-1772989944,revoke-irs3-1772989944,,revocation_submit_done,revocation_voted,2026-03-08T17:12:27.023449Z,2026-03-08T17:12:29.385601232Z,/var/lib/docker/volumes,d9b7785a06954372515977133a1213437b80c5db1517196ca5e26134d3413ccf,other,NA,NA,
run_003,revocation,revocation_1772989944,revoke-irs3-1772989944,revoke-irs3-1772989944,,revocation_submit_done,revocation_voted,2026-03-08T17:12:27.023449Z,2026-03-08T17:12:29.385601232Z,/var/lib/docker/volumes,dd820bcbe44cd4769bb920ed05fcdf7e3f815b7e26184126f86a8c3782d6ae37,other,49770,49770,0
run_003,revocation,revocation_1772989944,revoke-irs3-1772989944,revoke-irs3-1772989944,,revocation_submit_done,revocation_voted,2026-03-08T17:12:27.023449Z,2026-03-08T17:12:29.385601232Z,/var/lib/docker/volumes,fabric_orderer.kit.edu,orderer,153962429,153990358,27929
run_003,revocation,revocation_1772989944,revoke-irs3-1772989944,revoke-irs3-1772989944,,revocation_submit_done,revocation_voted,2026-03-08T17:12:27.023449Z,2026-03-08T17:12:29.385601232Z,/var/lib/docker/volumes,fabric_peer0.irs1.kit.edu,other,5006,5006,0
run_003,revocation,revocation_1772989944,revoke-irs3-1772989944,revoke-irs3-1772989944,,revocation_submit_done,revocation_voted,2026-03-08T17:12:27.023449Z,2026-03-08T17:12:29.385601232Z,/var/lib/docker/volumes,fabric_peer0.irs3.kit.edu,peer,54761763,54792074,30311
run_003,revocation,revocation_1772989944,revoke-irs3-1772989944,revoke-irs3-1772989944,,revocation_submit_done,revocation_voted,2026-03-08T17:12:27.023449Z,2026-03-08T17:12:29.385601232Z,/var/lib/docker/volumes,fabric_peer1.irs3.kit.edu,other,54761759,54792070,30311
run_003,revocation,revocation_1772989944,revoke-irs3-1772989944,revoke-irs3-1772989944,,revocation_submit_done,revocation_voted,2026-03-08T17:12:27.023449Z,2026-03-08T17:12:29.385601232Z,/var/lib/docker/volumes,fabric_peer2.irs3.kit.edu,other,54760331,54790642,30311
run_003,revocation,revocation_1772989944,revoke-irs3-1772989944,revoke-irs3-1772989944,,revocation_submit_done,revocation_voted,2026-03-08T17:12:27.023449Z,2026-03-08T17:12:29.385601232Z,/var/lib/docker/volumes,fabric_peer3.irs3.kit.edu,other,54760334,54790645,30311
run_003,revocation,revocation_1772989944,revoke-irs3-1772989944,revoke-irs3-1772989944,,revocation_voted,revocation_executed,2026-03-08T17:12:29.385601232Z,2026-03-08T17:12:41.691435811Z,/var/lib/docker/volumes,318645f57934e785e6547d02c0ed0372a820dd164fafeaf2aded437d20c7e86c,other,NA,NA,
run_003,revocation,revocation_1772989944,revoke-irs3-1772989944,revoke-irs3-1772989944,,revocation_voted,revocation_executed,2026-03-08T17:12:29.385601232Z,2026-03-08T17:12:41.691435811Z,/var/lib/docker/volumes,6e05c7eee9bbcb46c981fe49ad7f9ebf47dc65ef85493d026e1fe789550bc448,other,NA,NA,
run_003,revocation,revocation_1772989944,revoke-irs3-1772989944,revoke-irs3-1772989944,,revocation_voted,revocation_executed,2026-03-08T17:12:29.385601232Z,2026-03-08T17:12:41.691435811Z,/var/lib/docker/volumes,6e814cba506a0e47486afe858abb24599aa260685e260366e381bd9f2b497bf1,other,NA,NA,
run_003,revocation,revocation_1772989944,revoke-irs3-1772989944,revoke-irs3-1772989944,,revocation_voted,revocation_executed,2026-03-08T17:12:29.385601232Z,2026-03-08T17:12:41.691435811Z,/var/lib/docker/volumes,77081bcffcc1f3cefe0f90de1341463d593338399618ad7fd5299be12e63d03b,other,NA,NA,
run_003,revocation,revocation_1772989944,revoke-irs3-1772989944,revoke-irs3-1772989944,,revocation_voted,revocation_executed,2026-03-08T17:12:29.385601232Z,2026-03-08T17:12:41.691435811Z,/var/lib/docker/volumes,791e62bfc17bf044236c3dcb5d77ec82610b27aa4d5f3c78aff2e2842f98f9ee,other,NA,NA,
run_003,revocation,revocation_1772989944,revoke-irs3-1772989944,revoke-irs3-1772989944,,revocation_voted,revocation_executed,2026-03-08T17:12:29.385601232Z,2026-03-08T17:12:41.691435811Z,/var/lib/docker/volumes,84427cfc582fb211af081a74ca5f701e2252df8f70c46077c76714f5178f91ca,other,NA,NA,
run_003,revocation,revocation_1772989944,revoke-irs3-1772989944,revoke-irs3-1772989944,,revocation_voted,revocation_executed,2026-03-08T17:12:29.385601232Z,2026-03-08T17:12:41.691435811Z,/var/lib/docker/volumes,99ac8c723665556c954d288ca00335f1fae5493d384cb656ecf5a945cc9ae3b8,other,NA,NA,
run_003,revocation,revocation_1772989944,revoke-irs3-1772989944,revoke-irs3-1772989944,,revocation_voted,revocation_executed,2026-03-08T17:12:29.385601232Z,2026-03-08T17:12:41.691435811Z,/var/lib/docker/volumes,ab96d922f06ec7a94f1b5200e75e480c9ed7eba86fbbe33b5cb9edbe031c6ea8,other,49770,49770,0
run_003,revocation,revocation_1772989944,revoke-irs3-1772989944,revoke-irs3-1772989944,,revocation_voted,revocation_executed,2026-03-08T17:12:29.385601232Z,2026-03-08T17:12:41.691435811Z,/var/lib/docker/volumes,d9b7785a06954372515977133a1213437b80c5db1517196ca5e26134d3413ccf,other,NA,NA,
run_003,revocation,revocation_1772989944,revoke-irs3-1772989944,revoke-irs3-1772989944,,revocation_voted,revocation_executed,2026-03-08T17:12:29.385601232Z,2026-03-08T17:12:41.691435811Z,/var/lib/docker/volumes,dd820bcbe44cd4769bb920ed05fcdf7e3f815b7e26184126f86a8c3782d6ae37,other,49770,49770,0
run_003,revocation,revocation_1772989944,revoke-irs3-1772989944,revoke-irs3-1772989944,,revocation_voted,revocation_executed,2026-03-08T17:12:29.385601232Z,2026-03-08T17:12:41.691435811Z,/var/lib/docker/volumes,fabric_orderer.kit.edu,orderer,153990358,154225596,235238
run_003,revocation,revocation_1772989944,revoke-irs3-1772989944,revoke-irs3-1772989944,,revocation_voted,revocation_executed,2026-03-08T17:12:29.385601232Z,2026-03-08T17:12:41.691435811Z,/var/lib/docker/volumes,fabric_peer0.irs1.kit.edu,other,5006,5006,0
run_003,revocation,revocation_1772989944,revoke-irs3-1772989944,revoke-irs3-1772989944,,revocation_voted,revocation_executed,2026-03-08T17:12:29.385601232Z,2026-03-08T17:12:41.691435811Z,/var/lib/docker/volumes,fabric_peer0.irs3.kit.edu,peer,54792074,55045800,253726
run_003,revocation,revocation_1772989944,revoke-irs3-1772989944,revoke-irs3-1772989944,,revocation_voted,revocation_executed,2026-03-08T17:12:29.385601232Z,2026-03-08T17:12:41.691435811Z,/var/lib/docker/volumes,fabric_peer1.irs3.kit.edu,other,54792070,55045796,253726
run_003,revocation,revocation_1772989944,revoke-irs3-1772989944,revoke-irs3-1772989944,,revocation_voted,revocation_executed,2026-03-08T17:12:29.385601232Z,2026-03-08T17:12:41.691435811Z,/var/lib/docker/volumes,fabric_peer2.irs3.kit.edu,other,54790642,55044368,253726
run_003,revocation,revocation_1772989944,revoke-irs3-1772989944,revoke-irs3-1772989944,,revocation_voted,revocation_executed,2026-03-08T17:12:29.385601232Z,2026-03-08T17:12:41.691435811Z,/var/lib/docker/volumes,fabric_peer3.irs3.kit.edu,other,54790645,55044371,253726
run_003,revocation,revocation_1772989944,revoke-irs3-1772989944,revoke-irs3-1772989944,,revocation_executed,operation_end,2026-03-08T17:12:41.691435811Z,2026-03-08T17:12:43.522862Z,/var/lib/docker/volumes,318645f57934e785e6547d02c0ed0372a820dd164fafeaf2aded437d20c7e86c,other,NA,NA,
run_003,revocation,revocation_1772989944,revoke-irs3-1772989944,revoke-irs3-1772989944,,revocation_executed,operation_end,2026-03-08T17:12:41.691435811Z,2026-03-08T17:12:43.522862Z,/var/lib/docker/volumes,6e05c7eee9bbcb46c981fe49ad7f9ebf47dc65ef85493d026e1fe789550bc448,other,NA,NA,
run_003,revocation,revocation_1772989944,revoke-irs3-1772989944,revoke-irs3-1772989944,,revocation_executed,operation_end,2026-03-08T17:12:41.691435811Z,2026-03-08T17:12:43.522862Z,/var/lib/docker/volumes,6e814cba506a0e47486afe858abb24599aa260685e260366e381bd9f2b497bf1,other,NA,NA,
run_003,revocation,revocation_1772989944,revoke-irs3-1772989944,revoke-irs3-1772989944,,revocation_executed,operation_end,2026-03-08T17:12:41.691435811Z,2026-03-08T17:12:43.522862Z,/var/lib/docker/volumes,77081bcffcc1f3cefe0f90de1341463d593338399618ad7fd5299be12e63d03b,other,NA,NA,
run_003,revocation,revocation_1772989944,revoke-irs3-1772989944,revoke-irs3-1772989944,,revocation_executed,operation_end,2026-03-08T17:12:41.691435811Z,2026-03-08T17:12:43.522862Z,/var/lib/docker/volumes,791e62bfc17bf044236c3dcb5d77ec82610b27aa4d5f3c78aff2e2842f98f9ee,other,NA,NA,
run_003,revocation,revocation_1772989944,revoke-irs3-1772989944,revoke-irs3-1772989944,,revocation_executed,operation_end,2026-03-08T17:12:41.691435811Z,2026-03-08T17:12:43.522862Z,/var/lib/docker/volumes,84427cfc582fb211af081a74ca5f701e2252df8f70c46077c76714f5178f91ca,other,NA,NA,
run_003,revocation,revocation_1772989944,revoke-irs3-1772989944,revoke-irs3-1772989944,,revocation_executed,operation_end,2026-03-08T17:12:41.691435811Z,2026-03-08T17:12:43.522862Z,/var/lib/docker/volumes,99ac8c723665556c954d288ca00335f1fae5493d384cb656ecf5a945cc9ae3b8,other,NA,NA,
run_003,revocation,revocation_1772989944,revoke-irs3-1772989944,revoke-irs3-1772989944,,revocation_executed,operation_end,2026-03-08T17:12:41.691435811Z,2026-03-08T17:12:43.522862Z,/var/lib/docker/volumes,ab96d922f06ec7a94f1b5200e75e480c9ed7eba86fbbe33b5cb9edbe031c6ea8,other,49770,49770,0
run_003,revocation,revocation_1772989944,revoke-irs3-1772989944,revoke-irs3-1772989944,,revocation_executed,operation_end,2026-03-08T17:12:41.691435811Z,2026-03-08T17:12:43.522862Z,/var/lib/docker/volumes,d9b7785a06954372515977133a1213437b80c5db1517196ca5e26134d3413ccf,other,NA,NA,
run_003,revocation,revocation_1772989944,revoke-irs3-1772989944,revoke-irs3-1772989944,,revocation_executed,operation_end,2026-03-08T17:12:41.691435811Z,2026-03-08T17:12:43.522862Z,/var/lib/docker/volumes,dd820bcbe44cd4769bb920ed05fcdf7e3f815b7e26184126f86a8c3782d6ae37,other,49770,49770,0
run_003,revocation,revocation_1772989944,revoke-irs3-1772989944,revoke-irs3-1772989944,,revocation_executed,operation_end,2026-03-08T17:12:41.691435811Z,2026-03-08T17:12:43.522862Z,/var/lib/docker/volumes,fabric_orderer.kit.edu,orderer,154225596,154225596,0
run_003,revocation,revocation_1772989944,revoke-irs3-1772989944,revoke-irs3-1772989944,,revocation_executed,operation_end,2026-03-08T17:12:41.691435811Z,2026-03-08T17:12:43.522862Z,/var/lib/docker/volumes,fabric_peer0.irs1.kit.edu,other,5006,5006,0
run_003,revocation,revocation_1772989944,revoke-irs3-1772989944,revoke-irs3-1772989944,,revocation_executed,operation_end,2026-03-08T17:12:41.691435811Z,2026-03-08T17:12:43.522862Z,/var/lib/docker/volumes,fabric_peer0.irs3.kit.edu,peer,55045800,55045800,0
run_003,revocation,revocation_1772989944,revoke-irs3-1772989944,revoke-irs3-1772989944,,revocation_executed,operation_end,2026-03-08T17:12:41.691435811Z,2026-03-08T17:12:43.522862Z,/var/lib/docker/volumes,fabric_peer1.irs3.kit.edu,other,55045796,55045796,0
run_003,revocation,revocation_1772989944,revoke-irs3-1772989944,revoke-irs3-1772989944,,revocation_executed,operation_end,2026-03-08T17:12:41.691435811Z,2026-03-08T17:12:43.522862Z,/var/lib/docker/volumes,fabric_peer2.irs3.kit.edu,other,55044368,55044368,0
run_003,revocation,revocation_1772989944,revoke-irs3-1772989944,revoke-irs3-1772989944,,revocation_executed,operation_end,2026-03-08T17:12:41.691435811Z,2026-03-08T17:12:43.522862Z,/var/lib/docker/volumes,fabric_peer3.irs3.kit.edu,other,55044371,55044371,0
run_003,removal,removal_1772989982,remove-irs3-member1-1772989982,remove-irs3-member1-1772989982,17,operation_start,removal_submit_done,2026-03-08T17:13:02.554457Z,2026-03-08T17:13:04.930209Z,/var/lib/docker/volumes,318645f57934e785e6547d02c0ed0372a820dd164fafeaf2aded437d20c7e86c,other,NA,NA,
run_003,removal,removal_1772989982,remove-irs3-member1-1772989982,remove-irs3-member1-1772989982,17,operation_start,removal_submit_done,2026-03-08T17:13:02.554457Z,2026-03-08T17:13:04.930209Z,/var/lib/docker/volumes,6e05c7eee9bbcb46c981fe49ad7f9ebf47dc65ef85493d026e1fe789550bc448,other,NA,NA,
run_003,removal,removal_1772989982,remove-irs3-member1-1772989982,remove-irs3-member1-1772989982,17,operation_start,removal_submit_done,2026-03-08T17:13:02.554457Z,2026-03-08T17:13:04.930209Z,/var/lib/docker/volumes,6e814cba506a0e47486afe858abb24599aa260685e260366e381bd9f2b497bf1,other,NA,NA,
run_003,removal,removal_1772989982,remove-irs3-member1-1772989982,remove-irs3-member1-1772989982,17,operation_start,removal_submit_done,2026-03-08T17:13:02.554457Z,2026-03-08T17:13:04.930209Z,/var/lib/docker/volumes,77081bcffcc1f3cefe0f90de1341463d593338399618ad7fd5299be12e63d03b,other,NA,NA,
run_003,removal,removal_1772989982,remove-irs3-member1-1772989982,remove-irs3-member1-1772989982,17,operation_start,removal_submit_done,2026-03-08T17:13:02.554457Z,2026-03-08T17:13:04.930209Z,/var/lib/docker/volumes,791e62bfc17bf044236c3dcb5d77ec82610b27aa4d5f3c78aff2e2842f98f9ee,other,NA,NA,
run_003,removal,removal_1772989982,remove-irs3-member1-1772989982,remove-irs3-member1-1772989982,17,operation_start,removal_submit_done,2026-03-08T17:13:02.554457Z,2026-03-08T17:13:04.930209Z,/var/lib/docker/volumes,84427cfc582fb211af081a74ca5f701e2252df8f70c46077c76714f5178f91ca,other,NA,NA,
run_003,removal,removal_1772989982,remove-irs3-member1-1772989982,remove-irs3-member1-1772989982,17,operation_start,removal_submit_done,2026-03-08T17:13:02.554457Z,2026-03-08T17:13:04.930209Z,/var/lib/docker/volumes,99ac8c723665556c954d288ca00335f1fae5493d384cb656ecf5a945cc9ae3b8,other,NA,NA,
run_003,removal,removal_1772989982,remove-irs3-member1-1772989982,remove-irs3-member1-1772989982,17,operation_start,removal_submit_done,2026-03-08T17:13:02.554457Z,2026-03-08T17:13:04.930209Z,/var/lib/docker/volumes,ab96d922f06ec7a94f1b5200e75e480c9ed7eba86fbbe33b5cb9edbe031c6ea8,other,49770,49770,0
run_003,removal,removal_1772989982,remove-irs3-member1-1772989982,remove-irs3-member1-1772989982,17,operation_start,removal_submit_done,2026-03-08T17:13:02.554457Z,2026-03-08T17:13:04.930209Z,/var/lib/docker/volumes,d9b7785a06954372515977133a1213437b80c5db1517196ca5e26134d3413ccf,other,NA,NA,
run_003,removal,removal_1772989982,remove-irs3-member1-1772989982,remove-irs3-member1-1772989982,17,operation_start,removal_submit_done,2026-03-08T17:13:02.554457Z,2026-03-08T17:13:04.930209Z,/var/lib/docker/volumes,dd820bcbe44cd4769bb920ed05fcdf7e3f815b7e26184126f86a8c3782d6ae37,other,49770,49770,0
run_003,removal,removal_1772989982,remove-irs3-member1-1772989982,remove-irs3-member1-1772989982,17,operation_start,removal_submit_done,2026-03-08T17:13:02.554457Z,2026-03-08T17:13:04.930209Z,/var/lib/docker/volumes,fabric_orderer.kit.edu,orderer,154225596,154233951,8355
run_003,removal,removal_1772989982,remove-irs3-member1-1772989982,remove-irs3-member1-1772989982,17,operation_start,removal_submit_done,2026-03-08T17:13:02.554457Z,2026-03-08T17:13:04.930209Z,/var/lib/docker/volumes,fabric_peer0.irs1.kit.edu,other,5006,5006,0
run_003,removal,removal_1772989982,remove-irs3-member1-1772989982,remove-irs3-member1-1772989982,17,operation_start,removal_submit_done,2026-03-08T17:13:02.554457Z,2026-03-08T17:13:04.930209Z,/var/lib/docker/volumes,fabric_peer0.irs3.kit.edu,peer,55045800,55055266,9466
run_003,removal,removal_1772989982,remove-irs3-member1-1772989982,remove-irs3-member1-1772989982,17,operation_start,removal_submit_done,2026-03-08T17:13:02.554457Z,2026-03-08T17:13:04.930209Z,/var/lib/docker/volumes,fabric_peer1.irs3.kit.edu,other,55045796,55055262,9466
run_003,removal,removal_1772989982,remove-irs3-member1-1772989982,remove-irs3-member1-1772989982,17,operation_start,removal_submit_done,2026-03-08T17:13:02.554457Z,2026-03-08T17:13:04.930209Z,/var/lib/docker/volumes,fabric_peer2.irs3.kit.edu,other,55044368,55053834,9466
run_003,removal,removal_1772989982,remove-irs3-member1-1772989982,remove-irs3-member1-1772989982,17,operation_start,removal_submit_done,2026-03-08T17:13:02.554457Z,2026-03-08T17:13:04.930209Z,/var/lib/docker/volumes,fabric_peer3.irs3.kit.edu,other,55044371,55053837,9466
run_003,removal,removal_1772989982,remove-irs3-member1-1772989982,remove-irs3-member1-1772989982,17,removal_submit_done,removal_voted,2026-03-08T17:13:04.930209Z,2026-03-08T17:13:07.330020088Z,/var/lib/docker/volumes,318645f57934e785e6547d02c0ed0372a820dd164fafeaf2aded437d20c7e86c,other,NA,NA,
run_003,removal,removal_1772989982,remove-irs3-member1-1772989982,remove-irs3-member1-1772989982,17,removal_submit_done,removal_voted,2026-03-08T17:13:04.930209Z,2026-03-08T17:13:07.330020088Z,/var/lib/docker/volumes,6e05c7eee9bbcb46c981fe49ad7f9ebf47dc65ef85493d026e1fe789550bc448,other,NA,NA,
run_003,removal,removal_1772989982,remove-irs3-member1-1772989982,remove-irs3-member1-1772989982,17,removal_submit_done,removal_voted,2026-03-08T17:13:04.930209Z,2026-03-08T17:13:07.330020088Z,/var/lib/docker/volumes,6e814cba506a0e47486afe858abb24599aa260685e260366e381bd9f2b497bf1,other,NA,NA,
run_003,removal,removal_1772989982,remove-irs3-member1-1772989982,remove-irs3-member1-1772989982,17,removal_submit_done,removal_voted,2026-03-08T17:13:04.930209Z,2026-03-08T17:13:07.330020088Z,/var/lib/docker/volumes,77081bcffcc1f3cefe0f90de1341463d593338399618ad7fd5299be12e63d03b,other,NA,NA,
run_003,removal,removal_1772989982,remove-irs3-member1-1772989982,remove-irs3-member1-1772989982,17,removal_submit_done,removal_voted,2026-03-08T17:13:04.930209Z,2026-03-08T17:13:07.330020088Z,/var/lib/docker/volumes,791e62bfc17bf044236c3dcb5d77ec82610b27aa4d5f3c78aff2e2842f98f9ee,other,NA,NA,
run_003,removal,removal_1772989982,remove-irs3-member1-1772989982,remove-irs3-member1-1772989982,17,removal_submit_done,removal_voted,2026-03-08T17:13:04.930209Z,2026-03-08T17:13:07.330020088Z,/var/lib/docker/volumes,84427cfc582fb211af081a74ca5f701e2252df8f70c46077c76714f5178f91ca,other,NA,NA,
run_003,removal,removal_1772989982,remove-irs3-member1-1772989982,remove-irs3-member1-1772989982,17,removal_submit_done,removal_voted,2026-03-08T17:13:04.930209Z,2026-03-08T17:13:07.330020088Z,/var/lib/docker/volumes,99ac8c723665556c954d288ca00335f1fae5493d384cb656ecf5a945cc9ae3b8,other,NA,NA,
run_003,removal,removal_1772989982,remove-irs3-member1-1772989982,remove-irs3-member1-1772989982,17,removal_submit_done,removal_voted,2026-03-08T17:13:04.930209Z,2026-03-08T17:13:07.330020088Z,/var/lib/docker/volumes,ab96d922f06ec7a94f1b5200e75e480c9ed7eba86fbbe33b5cb9edbe031c6ea8,other,49770,49770,0
run_003,removal,removal_1772989982,remove-irs3-member1-1772989982,remove-irs3-member1-1772989982,17,removal_submit_done,removal_voted,2026-03-08T17:13:04.930209Z,2026-03-08T17:13:07.330020088Z,/var/lib/docker/volumes,d9b7785a06954372515977133a1213437b80c5db1517196ca5e26134d3413ccf,other,NA,NA,
run_003,removal,removal_1772989982,remove-irs3-member1-1772989982,remove-irs3-member1-1772989982,17,removal_submit_done,removal_voted,2026-03-08T17:13:04.930209Z,2026-03-08T17:13:07.330020088Z,/var/lib/docker/volumes,dd820bcbe44cd4769bb920ed05fcdf7e3f815b7e26184126f86a8c3782d6ae37,other,49770,49770,0
run_003,removal,removal_1772989982,remove-irs3-member1-1772989982,remove-irs3-member1-1772989982,17,removal_submit_done,removal_voted,2026-03-08T17:13:04.930209Z,2026-03-08T17:13:07.330020088Z,/var/lib/docker/volumes,fabric_orderer.kit.edu,orderer,154233951,154277994,44043
run_003,removal,removal_1772989982,remove-irs3-member1-1772989982,remove-irs3-member1-1772989982,17,removal_submit_done,removal_voted,2026-03-08T17:13:04.930209Z,2026-03-08T17:13:07.330020088Z,/var/lib/docker/volumes,fabric_peer0.irs1.kit.edu,other,5006,5006,0
run_003,removal,removal_1772989982,remove-irs3-member1-1772989982,remove-irs3-member1-1772989982,17,removal_submit_done,removal_voted,2026-03-08T17:13:04.930209Z,2026-03-08T17:13:07.330020088Z,/var/lib/docker/volumes,fabric_peer0.irs3.kit.edu,peer,55055266,55102062,46796
run_003,removal,removal_1772989982,remove-irs3-member1-1772989982,remove-irs3-member1-1772989982,17,removal_submit_done,removal_voted,2026-03-08T17:13:04.930209Z,2026-03-08T17:13:07.330020088Z,/var/lib/docker/volumes,fabric_peer1.irs3.kit.edu,other,55055262,55102058,46796
run_003,removal,removal_1772989982,remove-irs3-member1-1772989982,remove-irs3-member1-1772989982,17,removal_submit_done,removal_voted,2026-03-08T17:13:04.930209Z,2026-03-08T17:13:07.330020088Z,/var/lib/docker/volumes,fabric_peer2.irs3.kit.edu,other,55053834,55100630,46796
run_003,removal,removal_1772989982,remove-irs3-member1-1772989982,remove-irs3-member1-1772989982,17,removal_submit_done,removal_voted,2026-03-08T17:13:04.930209Z,2026-03-08T17:13:07.330020088Z,/var/lib/docker/volumes,fabric_peer3.irs3.kit.edu,other,55053837,55100633,46796
run_003,removal,removal_1772989982,remove-irs3-member1-1772989982,remove-irs3-member1-1772989982,17,removal_voted,removal_approved,2026-03-08T17:13:07.330020088Z,2026-03-08T17:13:19.531264974Z,/var/lib/docker/volumes,318645f57934e785e6547d02c0ed0372a820dd164fafeaf2aded437d20c7e86c,other,NA,NA,
run_003,removal,removal_1772989982,remove-irs3-member1-1772989982,remove-irs3-member1-1772989982,17,removal_voted,removal_approved,2026-03-08T17:13:07.330020088Z,2026-03-08T17:13:19.531264974Z,/var/lib/docker/volumes,6e05c7eee9bbcb46c981fe49ad7f9ebf47dc65ef85493d026e1fe789550bc448,other,NA,NA,
run_003,removal,removal_1772989982,remove-irs3-member1-1772989982,remove-irs3-member1-1772989982,17,removal_voted,removal_approved,2026-03-08T17:13:07.330020088Z,2026-03-08T17:13:19.531264974Z,/var/lib/docker/volumes,6e814cba506a0e47486afe858abb24599aa260685e260366e381bd9f2b497bf1,other,NA,NA,
run_003,removal,removal_1772989982,remove-irs3-member1-1772989982,remove-irs3-member1-1772989982,17,removal_voted,removal_approved,2026-03-08T17:13:07.330020088Z,2026-03-08T17:13:19.531264974Z,/var/lib/docker/volumes,77081bcffcc1f3cefe0f90de1341463d593338399618ad7fd5299be12e63d03b,other,NA,NA,
run_003,removal,removal_1772989982,remove-irs3-member1-1772989982,remove-irs3-member1-1772989982,17,removal_voted,removal_approved,2026-03-08T17:13:07.330020088Z,2026-03-08T17:13:19.531264974Z,/var/lib/docker/volumes,791e62bfc17bf044236c3dcb5d77ec82610b27aa4d5f3c78aff2e2842f98f9ee,other,NA,NA,
run_003,removal,removal_1772989982,remove-irs3-member1-1772989982,remove-irs3-member1-1772989982,17,removal_voted,removal_approved,2026-03-08T17:13:07.330020088Z,2026-03-08T17:13:19.531264974Z,/var/lib/docker/volumes,84427cfc582fb211af081a74ca5f701e2252df8f70c46077c76714f5178f91ca,other,NA,NA,
run_003,removal,removal_1772989982,remove-irs3-member1-1772989982,remove-irs3-member1-1772989982,17,removal_voted,removal_approved,2026-03-08T17:13:07.330020088Z,2026-03-08T17:13:19.531264974Z,/var/lib/docker/volumes,99ac8c723665556c954d288ca00335f1fae5493d384cb656ecf5a945cc9ae3b8,other,NA,NA,
run_003,removal,removal_1772989982,remove-irs3-member1-1772989982,remove-irs3-member1-1772989982,17,removal_voted,removal_approved,2026-03-08T17:13:07.330020088Z,2026-03-08T17:13:19.531264974Z,/var/lib/docker/volumes,ab96d922f06ec7a94f1b5200e75e480c9ed7eba86fbbe33b5cb9edbe031c6ea8,other,49770,49770,0
run_003,removal,removal_1772989982,remove-irs3-member1-1772989982,remove-irs3-member1-1772989982,17,removal_voted,removal_approved,2026-03-08T17:13:07.330020088Z,2026-03-08T17:13:19.531264974Z,/var/lib/docker/volumes,d9b7785a06954372515977133a1213437b80c5db1517196ca5e26134d3413ccf,other,NA,NA,
run_003,removal,removal_1772989982,remove-irs3-member1-1772989982,remove-irs3-member1-1772989982,17,removal_voted,removal_approved,2026-03-08T17:13:07.330020088Z,2026-03-08T17:13:19.531264974Z,/var/lib/docker/volumes,dd820bcbe44cd4769bb920ed05fcdf7e3f815b7e26184126f86a8c3782d6ae37,other,49770,49770,0
run_003,removal,removal_1772989982,remove-irs3-member1-1772989982,remove-irs3-member1-1772989982,17,removal_voted,removal_approved,2026-03-08T17:13:07.330020088Z,2026-03-08T17:13:19.531264974Z,/var/lib/docker/volumes,fabric_orderer.kit.edu,orderer,154277994,154575507,297513
run_003,removal,removal_1772989982,remove-irs3-member1-1772989982,remove-irs3-member1-1772989982,17,removal_voted,removal_approved,2026-03-08T17:13:07.330020088Z,2026-03-08T17:13:19.531264974Z,/var/lib/docker/volumes,fabric_peer0.irs1.kit.edu,other,5006,5006,0
run_003,removal,removal_1772989982,remove-irs3-member1-1772989982,remove-irs3-member1-1772989982,17,removal_voted,removal_approved,2026-03-08T17:13:07.330020088Z,2026-03-08T17:13:19.531264974Z,/var/lib/docker/volumes,fabric_peer0.irs3.kit.edu,peer,55102062,55423324,321262
run_003,removal,removal_1772989982,remove-irs3-member1-1772989982,remove-irs3-member1-1772989982,17,removal_voted,removal_approved,2026-03-08T17:13:07.330020088Z,2026-03-08T17:13:19.531264974Z,/var/lib/docker/volumes,fabric_peer1.irs3.kit.edu,other,55102058,55423320,321262
run_003,removal,removal_1772989982,remove-irs3-member1-1772989982,remove-irs3-member1-1772989982,17,removal_voted,removal_approved,2026-03-08T17:13:07.330020088Z,2026-03-08T17:13:19.531264974Z,/var/lib/docker/volumes,fabric_peer2.irs3.kit.edu,other,55100630,55421892,321262
run_003,removal,removal_1772989982,remove-irs3-member1-1772989982,remove-irs3-member1-1772989982,17,removal_voted,removal_approved,2026-03-08T17:13:07.330020088Z,2026-03-08T17:13:19.531264974Z,/var/lib/docker/volumes,fabric_peer3.irs3.kit.edu,other,55100633,55421895,321262
run_003,removal,removal_1772989982,remove-irs3-member1-1772989982,remove-irs3-member1-1772989982,17,removal_approved,reshare_started,2026-03-08T17:13:19.531264974Z,2026-03-08T17:13:21.429892Z,/var/lib/docker/volumes,318645f57934e785e6547d02c0ed0372a820dd164fafeaf2aded437d20c7e86c,other,NA,NA,
run_003,removal,removal_1772989982,remove-irs3-member1-1772989982,remove-irs3-member1-1772989982,17,removal_approved,reshare_started,2026-03-08T17:13:19.531264974Z,2026-03-08T17:13:21.429892Z,/var/lib/docker/volumes,6e05c7eee9bbcb46c981fe49ad7f9ebf47dc65ef85493d026e1fe789550bc448,other,NA,NA,
run_003,removal,removal_1772989982,remove-irs3-member1-1772989982,remove-irs3-member1-1772989982,17,removal_approved,reshare_started,2026-03-08T17:13:19.531264974Z,2026-03-08T17:13:21.429892Z,/var/lib/docker/volumes,6e814cba506a0e47486afe858abb24599aa260685e260366e381bd9f2b497bf1,other,NA,NA,
run_003,removal,removal_1772989982,remove-irs3-member1-1772989982,remove-irs3-member1-1772989982,17,removal_approved,reshare_started,2026-03-08T17:13:19.531264974Z,2026-03-08T17:13:21.429892Z,/var/lib/docker/volumes,77081bcffcc1f3cefe0f90de1341463d593338399618ad7fd5299be12e63d03b,other,NA,NA,
run_003,removal,removal_1772989982,remove-irs3-member1-1772989982,remove-irs3-member1-1772989982,17,removal_approved,reshare_started,2026-03-08T17:13:19.531264974Z,2026-03-08T17:13:21.429892Z,/var/lib/docker/volumes,791e62bfc17bf044236c3dcb5d77ec82610b27aa4d5f3c78aff2e2842f98f9ee,other,NA,NA,
run_003,removal,removal_1772989982,remove-irs3-member1-1772989982,remove-irs3-member1-1772989982,17,removal_approved,reshare_started,2026-03-08T17:13:19.531264974Z,2026-03-08T17:13:21.429892Z,/var/lib/docker/volumes,84427cfc582fb211af081a74ca5f701e2252df8f70c46077c76714f5178f91ca,other,NA,NA,
run_003,removal,removal_1772989982,remove-irs3-member1-1772989982,remove-irs3-member1-1772989982,17,removal_approved,reshare_started,2026-03-08T17:13:19.531264974Z,2026-03-08T17:13:21.429892Z,/var/lib/docker/volumes,99ac8c723665556c954d288ca00335f1fae5493d384cb656ecf5a945cc9ae3b8,other,NA,NA,
run_003,removal,removal_1772989982,remove-irs3-member1-1772989982,remove-irs3-member1-1772989982,17,removal_approved,reshare_started,2026-03-08T17:13:19.531264974Z,2026-03-08T17:13:21.429892Z,/var/lib/docker/volumes,ab96d922f06ec7a94f1b5200e75e480c9ed7eba86fbbe33b5cb9edbe031c6ea8,other,49770,49770,0
run_003,removal,removal_1772989982,remove-irs3-member1-1772989982,remove-irs3-member1-1772989982,17,removal_approved,reshare_started,2026-03-08T17:13:19.531264974Z,2026-03-08T17:13:21.429892Z,/var/lib/docker/volumes,d9b7785a06954372515977133a1213437b80c5db1517196ca5e26134d3413ccf,other,NA,NA,
run_003,removal,removal_1772989982,remove-irs3-member1-1772989982,remove-irs3-member1-1772989982,17,removal_approved,reshare_started,2026-03-08T17:13:19.531264974Z,2026-03-08T17:13:21.429892Z,/var/lib/docker/volumes,dd820bcbe44cd4769bb920ed05fcdf7e3f815b7e26184126f86a8c3782d6ae37,other,49770,49770,0
run_003,removal,removal_1772989982,remove-irs3-member1-1772989982,remove-irs3-member1-1772989982,17,removal_approved,reshare_started,2026-03-08T17:13:19.531264974Z,2026-03-08T17:13:21.429892Z,/var/lib/docker/volumes,fabric_orderer.kit.edu,orderer,154575507,154575507,0
run_003,removal,removal_1772989982,remove-irs3-member1-1772989982,remove-irs3-member1-1772989982,17,removal_approved,reshare_started,2026-03-08T17:13:19.531264974Z,2026-03-08T17:13:21.429892Z,/var/lib/docker/volumes,fabric_peer0.irs1.kit.edu,other,5006,5006,0
run_003,removal,removal_1772989982,remove-irs3-member1-1772989982,remove-irs3-member1-1772989982,17,removal_approved,reshare_started,2026-03-08T17:13:19.531264974Z,2026-03-08T17:13:21.429892Z,/var/lib/docker/volumes,fabric_peer0.irs3.kit.edu,peer,55423324,55423324,0
run_003,removal,removal_1772989982,remove-irs3-member1-1772989982,remove-irs3-member1-1772989982,17,removal_approved,reshare_started,2026-03-08T17:13:19.531264974Z,2026-03-08T17:13:21.429892Z,/var/lib/docker/volumes,fabric_peer1.irs3.kit.edu,other,55423320,55423320,0
run_003,removal,removal_1772989982,remove-irs3-member1-1772989982,remove-irs3-member1-1772989982,17,removal_approved,reshare_started,2026-03-08T17:13:19.531264974Z,2026-03-08T17:13:21.429892Z,/var/lib/docker/volumes,fabric_peer2.irs3.kit.edu,other,55421892,55421892,0
run_003,removal,removal_1772989982,remove-irs3-member1-1772989982,remove-irs3-member1-1772989982,17,removal_approved,reshare_started,2026-03-08T17:13:19.531264974Z,2026-03-08T17:13:21.429892Z,/var/lib/docker/volumes,fabric_peer3.irs3.kit.edu,other,55421895,55421895,0
run_003,removal,removal_1772989982,remove-irs3-member1-1772989982,remove-irs3-member1-1772989982,17,reshare_started,reshare_completed,2026-03-08T17:13:21.429892Z,2026-03-08T17:16:13.054424157Z,/var/lib/docker/volumes,318645f57934e785e6547d02c0ed0372a820dd164fafeaf2aded437d20c7e86c,other,NA,NA,
run_003,removal,removal_1772989982,remove-irs3-member1-1772989982,remove-irs3-member1-1772989982,17,reshare_started,reshare_completed,2026-03-08T17:13:21.429892Z,2026-03-08T17:16:13.054424157Z,/var/lib/docker/volumes,6e05c7eee9bbcb46c981fe49ad7f9ebf47dc65ef85493d026e1fe789550bc448,other,NA,NA,
run_003,removal,removal_1772989982,remove-irs3-member1-1772989982,remove-irs3-member1-1772989982,17,reshare_started,reshare_completed,2026-03-08T17:13:21.429892Z,2026-03-08T17:16:13.054424157Z,/var/lib/docker/volumes,6e814cba506a0e47486afe858abb24599aa260685e260366e381bd9f2b497bf1,other,NA,NA,
run_003,removal,removal_1772989982,remove-irs3-member1-1772989982,remove-irs3-member1-1772989982,17,reshare_started,reshare_completed,2026-03-08T17:13:21.429892Z,2026-03-08T17:16:13.054424157Z,/var/lib/docker/volumes,77081bcffcc1f3cefe0f90de1341463d593338399618ad7fd5299be12e63d03b,other,NA,NA,
run_003,removal,removal_1772989982,remove-irs3-member1-1772989982,remove-irs3-member1-1772989982,17,reshare_started,reshare_completed,2026-03-08T17:13:21.429892Z,2026-03-08T17:16:13.054424157Z,/var/lib/docker/volumes,791e62bfc17bf044236c3dcb5d77ec82610b27aa4d5f3c78aff2e2842f98f9ee,other,NA,NA,
run_003,removal,removal_1772989982,remove-irs3-member1-1772989982,remove-irs3-member1-1772989982,17,reshare_started,reshare_completed,2026-03-08T17:13:21.429892Z,2026-03-08T17:16:13.054424157Z,/var/lib/docker/volumes,84427cfc582fb211af081a74ca5f701e2252df8f70c46077c76714f5178f91ca,other,NA,NA,
run_003,removal,removal_1772989982,remove-irs3-member1-1772989982,remove-irs3-member1-1772989982,17,reshare_started,reshare_completed,2026-03-08T17:13:21.429892Z,2026-03-08T17:16:13.054424157Z,/var/lib/docker/volumes,99ac8c723665556c954d288ca00335f1fae5493d384cb656ecf5a945cc9ae3b8,other,NA,NA,
run_003,removal,removal_1772989982,remove-irs3-member1-1772989982,remove-irs3-member1-1772989982,17,reshare_started,reshare_completed,2026-03-08T17:13:21.429892Z,2026-03-08T17:16:13.054424157Z,/var/lib/docker/volumes,ab96d922f06ec7a94f1b5200e75e480c9ed7eba86fbbe33b5cb9edbe031c6ea8,other,49770,49770,0
run_003,removal,removal_1772989982,remove-irs3-member1-1772989982,remove-irs3-member1-1772989982,17,reshare_started,reshare_completed,2026-03-08T17:13:21.429892Z,2026-03-08T17:16:13.054424157Z,/var/lib/docker/volumes,d9b7785a06954372515977133a1213437b80c5db1517196ca5e26134d3413ccf,other,NA,NA,
run_003,removal,removal_1772989982,remove-irs3-member1-1772989982,remove-irs3-member1-1772989982,17,reshare_started,reshare_completed,2026-03-08T17:13:21.429892Z,2026-03-08T17:16:13.054424157Z,/var/lib/docker/volumes,dd820bcbe44cd4769bb920ed05fcdf7e3f815b7e26184126f86a8c3782d6ae37,other,49770,49770,0
run_003,removal,removal_1772989982,remove-irs3-member1-1772989982,remove-irs3-member1-1772989982,17,reshare_started,reshare_completed,2026-03-08T17:13:21.429892Z,2026-03-08T17:16:13.054424157Z,/var/lib/docker/volumes,fabric_orderer.kit.edu,orderer,154575507,156487579,1912072
run_003,removal,removal_1772989982,remove-irs3-member1-1772989982,remove-irs3-member1-1772989982,17,reshare_started,reshare_completed,2026-03-08T17:13:21.429892Z,2026-03-08T17:16:13.054424157Z,/var/lib/docker/volumes,fabric_peer0.irs1.kit.edu,other,5006,5006,0
run_003,removal,removal_1772989982,remove-irs3-member1-1772989982,remove-irs3-member1-1772989982,17,reshare_started,reshare_completed,2026-03-08T17:13:21.429892Z,2026-03-08T17:16:13.054424157Z,/var/lib/docker/volumes,fabric_peer0.irs3.kit.edu,peer,55423324,57551454,2128130
run_003,removal,removal_1772989982,remove-irs3-member1-1772989982,remove-irs3-member1-1772989982,17,reshare_started,reshare_completed,2026-03-08T17:13:21.429892Z,2026-03-08T17:16:13.054424157Z,/var/lib/docker/volumes,fabric_peer1.irs3.kit.edu,other,55423320,57551450,2128130
run_003,removal,removal_1772989982,remove-irs3-member1-1772989982,remove-irs3-member1-1772989982,17,reshare_started,reshare_completed,2026-03-08T17:13:21.429892Z,2026-03-08T17:16:13.054424157Z,/var/lib/docker/volumes,fabric_peer2.irs3.kit.edu,other,55421892,57550022,2128130
run_003,removal,removal_1772989982,remove-irs3-member1-1772989982,remove-irs3-member1-1772989982,17,reshare_started,reshare_completed,2026-03-08T17:13:21.429892Z,2026-03-08T17:16:13.054424157Z,/var/lib/docker/volumes,fabric_peer3.irs3.kit.edu,other,55421895,57550025,2128130
run_003,removal,removal_1772989982,remove-irs3-member1-1772989982,remove-irs3-member1-1772989982,17,reshare_completed,operation_end,2026-03-08T17:16:13.054424157Z,2026-03-08T17:16:13.315513Z,/var/lib/docker/volumes,318645f57934e785e6547d02c0ed0372a820dd164fafeaf2aded437d20c7e86c,other,NA,NA,
run_003,removal,removal_1772989982,remove-irs3-member1-1772989982,remove-irs3-member1-1772989982,17,reshare_completed,operation_end,2026-03-08T17:16:13.054424157Z,2026-03-08T17:16:13.315513Z,/var/lib/docker/volumes,6e05c7eee9bbcb46c981fe49ad7f9ebf47dc65ef85493d026e1fe789550bc448,other,NA,NA,
run_003,removal,removal_1772989982,remove-irs3-member1-1772989982,remove-irs3-member1-1772989982,17,reshare_completed,operation_end,2026-03-08T17:16:13.054424157Z,2026-03-08T17:16:13.315513Z,/var/lib/docker/volumes,6e814cba506a0e47486afe858abb24599aa260685e260366e381bd9f2b497bf1,other,NA,NA,
run_003,removal,removal_1772989982,remove-irs3-member1-1772989982,remove-irs3-member1-1772989982,17,reshare_completed,operation_end,2026-03-08T17:16:13.054424157Z,2026-03-08T17:16:13.315513Z,/var/lib/docker/volumes,77081bcffcc1f3cefe0f90de1341463d593338399618ad7fd5299be12e63d03b,other,NA,NA,
run_003,removal,removal_1772989982,remove-irs3-member1-1772989982,remove-irs3-member1-1772989982,17,reshare_completed,operation_end,2026-03-08T17:16:13.054424157Z,2026-03-08T17:16:13.315513Z,/var/lib/docker/volumes,791e62bfc17bf044236c3dcb5d77ec82610b27aa4d5f3c78aff2e2842f98f9ee,other,NA,NA,
run_003,removal,removal_1772989982,remove-irs3-member1-1772989982,remove-irs3-member1-1772989982,17,reshare_completed,operation_end,2026-03-08T17:16:13.054424157Z,2026-03-08T17:16:13.315513Z,/var/lib/docker/volumes,84427cfc582fb211af081a74ca5f701e2252df8f70c46077c76714f5178f91ca,other,NA,NA,
run_003,removal,removal_1772989982,remove-irs3-member1-1772989982,remove-irs3-member1-1772989982,17,reshare_completed,operation_end,2026-03-08T17:16:13.054424157Z,2026-03-08T17:16:13.315513Z,/var/lib/docker/volumes,99ac8c723665556c954d288ca00335f1fae5493d384cb656ecf5a945cc9ae3b8,other,NA,NA,
run_003,removal,removal_1772989982,remove-irs3-member1-1772989982,remove-irs3-member1-1772989982,17,reshare_completed,operation_end,2026-03-08T17:16:13.054424157Z,2026-03-08T17:16:13.315513Z,/var/lib/docker/volumes,ab96d922f06ec7a94f1b5200e75e480c9ed7eba86fbbe33b5cb9edbe031c6ea8,other,49770,49770,0
run_003,removal,removal_1772989982,remove-irs3-member1-1772989982,remove-irs3-member1-1772989982,17,reshare_completed,operation_end,2026-03-08T17:16:13.054424157Z,2026-03-08T17:16:13.315513Z,/var/lib/docker/volumes,d9b7785a06954372515977133a1213437b80c5db1517196ca5e26134d3413ccf,other,NA,NA,
run_003,removal,removal_1772989982,remove-irs3-member1-1772989982,remove-irs3-member1-1772989982,17,reshare_completed,operation_end,2026-03-08T17:16:13.054424157Z,2026-03-08T17:16:13.315513Z,/var/lib/docker/volumes,dd820bcbe44cd4769bb920ed05fcdf7e3f815b7e26184126f86a8c3782d6ae37,other,49770,49770,0
run_003,removal,removal_1772989982,remove-irs3-member1-1772989982,remove-irs3-member1-1772989982,17,reshare_completed,operation_end,2026-03-08T17:16:13.054424157Z,2026-03-08T17:16:13.315513Z,/var/lib/docker/volumes,fabric_orderer.kit.edu,orderer,156487579,156487579,0
run_003,removal,removal_1772989982,remove-irs3-member1-1772989982,remove-irs3-member1-1772989982,17,reshare_completed,operation_end,2026-03-08T17:16:13.054424157Z,2026-03-08T17:16:13.315513Z,/var/lib/docker/volumes,fabric_peer0.irs1.kit.edu,other,5006,5006,0
run_003,removal,removal_1772989982,remove-irs3-member1-1772989982,remove-irs3-member1-1772989982,17,reshare_completed,operation_end,2026-03-08T17:16:13.054424157Z,2026-03-08T17:16:13.315513Z,/var/lib/docker/volumes,fabric_peer0.irs3.kit.edu,peer,57551454,57551454,0
run_003,removal,removal_1772989982,remove-irs3-member1-1772989982,remove-irs3-member1-1772989982,17,reshare_completed,operation_end,2026-03-08T17:16:13.054424157Z,2026-03-08T17:16:13.315513Z,/var/lib/docker/volumes,fabric_peer1.irs3.kit.edu,other,57551450,57551450,0
run_003,removal,removal_1772989982,remove-irs3-member1-1772989982,remove-irs3-member1-1772989982,17,reshare_completed,operation_end,2026-03-08T17:16:13.054424157Z,2026-03-08T17:16:13.315513Z,/var/lib/docker/volumes,fabric_peer2.irs3.kit.edu,other,57550022,57550022,0
run_003,removal,removal_1772989982,remove-irs3-member1-1772989982,remove-irs3-member1-1772989982,17,reshare_completed,operation_end,2026-03-08T17:16:13.054424157Z,2026-03-08T17:16:13.315513Z,/var/lib/docker/volumes,fabric_peer3.irs3.kit.edu,other,57550025,57550025,0
run_003,join,join_1772990192,join-irs3-1772990192,join-irs3-1772990192,18,operation_start,join_submit_done,2026-03-08T17:16:32.254746Z,2026-03-08T17:16:34.653467Z,/var/lib/docker/volumes,318645f57934e785e6547d02c0ed0372a820dd164fafeaf2aded437d20c7e86c,other,NA,NA,
run_003,join,join_1772990192,join-irs3-1772990192,join-irs3-1772990192,18,operation_start,join_submit_done,2026-03-08T17:16:32.254746Z,2026-03-08T17:16:34.653467Z,/var/lib/docker/volumes,6e05c7eee9bbcb46c981fe49ad7f9ebf47dc65ef85493d026e1fe789550bc448,other,NA,NA,
run_003,join,join_1772990192,join-irs3-1772990192,join-irs3-1772990192,18,operation_start,join_submit_done,2026-03-08T17:16:32.254746Z,2026-03-08T17:16:34.653467Z,/var/lib/docker/volumes,6e814cba506a0e47486afe858abb24599aa260685e260366e381bd9f2b497bf1,other,NA,NA,
run_003,join,join_1772990192,join-irs3-1772990192,join-irs3-1772990192,18,operation_start,join_submit_done,2026-03-08T17:16:32.254746Z,2026-03-08T17:16:34.653467Z,/var/lib/docker/volumes,77081bcffcc1f3cefe0f90de1341463d593338399618ad7fd5299be12e63d03b,other,NA,NA,
run_003,join,join_1772990192,join-irs3-1772990192,join-irs3-1772990192,18,operation_start,join_submit_done,2026-03-08T17:16:32.254746Z,2026-03-08T17:16:34.653467Z,/var/lib/docker/volumes,791e62bfc17bf044236c3dcb5d77ec82610b27aa4d5f3c78aff2e2842f98f9ee,other,NA,NA,
run_003,join,join_1772990192,join-irs3-1772990192,join-irs3-1772990192,18,operation_start,join_submit_done,2026-03-08T17:16:32.254746Z,2026-03-08T17:16:34.653467Z,/var/lib/docker/volumes,84427cfc582fb211af081a74ca5f701e2252df8f70c46077c76714f5178f91ca,other,NA,NA,
run_003,join,join_1772990192,join-irs3-1772990192,join-irs3-1772990192,18,operation_start,join_submit_done,2026-03-08T17:16:32.254746Z,2026-03-08T17:16:34.653467Z,/var/lib/docker/volumes,99ac8c723665556c954d288ca00335f1fae5493d384cb656ecf5a945cc9ae3b8,other,NA,NA,
run_003,join,join_1772990192,join-irs3-1772990192,join-irs3-1772990192,18,operation_start,join_submit_done,2026-03-08T17:16:32.254746Z,2026-03-08T17:16:34.653467Z,/var/lib/docker/volumes,ab96d922f06ec7a94f1b5200e75e480c9ed7eba86fbbe33b5cb9edbe031c6ea8,other,49770,49770,0
run_003,join,join_1772990192,join-irs3-1772990192,join-irs3-1772990192,18,operation_start,join_submit_done,2026-03-08T17:16:32.254746Z,2026-03-08T17:16:34.653467Z,/var/lib/docker/volumes,d9b7785a06954372515977133a1213437b80c5db1517196ca5e26134d3413ccf,other,NA,NA,
run_003,join,join_1772990192,join-irs3-1772990192,join-irs3-1772990192,18,operation_start,join_submit_done,2026-03-08T17:16:32.254746Z,2026-03-08T17:16:34.653467Z,/var/lib/docker/volumes,dd820bcbe44cd4769bb920ed05fcdf7e3f815b7e26184126f86a8c3782d6ae37,other,49770,49770,0
run_003,join,join_1772990192,join-irs3-1772990192,join-irs3-1772990192,18,operation_start,join_submit_done,2026-03-08T17:16:32.254746Z,2026-03-08T17:16:34.653467Z,/var/lib/docker/volumes,fabric_orderer.kit.edu,orderer,156487579,156496367,8788
run_003,join,join_1772990192,join-irs3-1772990192,join-irs3-1772990192,18,operation_start,join_submit_done,2026-03-08T17:16:32.254746Z,2026-03-08T17:16:34.653467Z,/var/lib/docker/volumes,fabric_peer0.irs1.kit.edu,other,5006,5006,0
run_003,join,join_1772990192,join-irs3-1772990192,join-irs3-1772990192,18,operation_start,join_submit_done,2026-03-08T17:16:32.254746Z,2026-03-08T17:16:34.653467Z,/var/lib/docker/volumes,fabric_peer0.irs3.kit.edu,peer,57551454,57562137,10683
run_003,join,join_1772990192,join-irs3-1772990192,join-irs3-1772990192,18,operation_start,join_submit_done,2026-03-08T17:16:32.254746Z,2026-03-08T17:16:34.653467Z,/var/lib/docker/volumes,fabric_peer1.irs3.kit.edu,other,57551450,57562133,10683
run_003,join,join_1772990192,join-irs3-1772990192,join-irs3-1772990192,18,operation_start,join_submit_done,2026-03-08T17:16:32.254746Z,2026-03-08T17:16:34.653467Z,/var/lib/docker/volumes,fabric_peer2.irs3.kit.edu,other,57550022,57560705,10683
run_003,join,join_1772990192,join-irs3-1772990192,join-irs3-1772990192,18,operation_start,join_submit_done,2026-03-08T17:16:32.254746Z,2026-03-08T17:16:34.653467Z,/var/lib/docker/volumes,fabric_peer3.irs3.kit.edu,other,57550025,57560708,10683
run_003,join,join_1772990192,join-irs3-1772990192,join-irs3-1772990192,18,join_submit_done,join_voted,2026-03-08T17:16:34.653467Z,2026-03-08T17:16:37.040964365Z,/var/lib/docker/volumes,318645f57934e785e6547d02c0ed0372a820dd164fafeaf2aded437d20c7e86c,other,NA,NA,
run_003,join,join_1772990192,join-irs3-1772990192,join-irs3-1772990192,18,join_submit_done,join_voted,2026-03-08T17:16:34.653467Z,2026-03-08T17:16:37.040964365Z,/var/lib/docker/volumes,6e05c7eee9bbcb46c981fe49ad7f9ebf47dc65ef85493d026e1fe789550bc448,other,NA,NA,
run_003,join,join_1772990192,join-irs3-1772990192,join-irs3-1772990192,18,join_submit_done,join_voted,2026-03-08T17:16:34.653467Z,2026-03-08T17:16:37.040964365Z,/var/lib/docker/volumes,6e814cba506a0e47486afe858abb24599aa260685e260366e381bd9f2b497bf1,other,NA,NA,
run_003,join,join_1772990192,join-irs3-1772990192,join-irs3-1772990192,18,join_submit_done,join_voted,2026-03-08T17:16:34.653467Z,2026-03-08T17:16:37.040964365Z,/var/lib/docker/volumes,77081bcffcc1f3cefe0f90de1341463d593338399618ad7fd5299be12e63d03b,other,NA,NA,
run_003,join,join_1772990192,join-irs3-1772990192,join-irs3-1772990192,18,join_submit_done,join_voted,2026-03-08T17:16:34.653467Z,2026-03-08T17:16:37.040964365Z,/var/lib/docker/volumes,791e62bfc17bf044236c3dcb5d77ec82610b27aa4d5f3c78aff2e2842f98f9ee,other,NA,NA,
run_003,join,join_1772990192,join-irs3-1772990192,join-irs3-1772990192,18,join_submit_done,join_voted,2026-03-08T17:16:34.653467Z,2026-03-08T17:16:37.040964365Z,/var/lib/docker/volumes,84427cfc582fb211af081a74ca5f701e2252df8f70c46077c76714f5178f91ca,other,NA,NA,
run_003,join,join_1772990192,join-irs3-1772990192,join-irs3-1772990192,18,join_submit_done,join_voted,2026-03-08T17:16:34.653467Z,2026-03-08T17:16:37.040964365Z,/var/lib/docker/volumes,99ac8c723665556c954d288ca00335f1fae5493d384cb656ecf5a945cc9ae3b8,other,NA,NA,
run_003,join,join_1772990192,join-irs3-1772990192,join-irs3-1772990192,18,join_submit_done,join_voted,2026-03-08T17:16:34.653467Z,2026-03-08T17:16:37.040964365Z,/var/lib/docker/volumes,ab96d922f06ec7a94f1b5200e75e480c9ed7eba86fbbe33b5cb9edbe031c6ea8,other,49770,49770,0
run_003,join,join_1772990192,join-irs3-1772990192,join-irs3-1772990192,18,join_submit_done,join_voted,2026-03-08T17:16:34.653467Z,2026-03-08T17:16:37.040964365Z,/var/lib/docker/volumes,d9b7785a06954372515977133a1213437b80c5db1517196ca5e26134d3413ccf,other,NA,NA,
run_003,join,join_1772990192,join-irs3-1772990192,join-irs3-1772990192,18,join_submit_done,join_voted,2026-03-08T17:16:34.653467Z,2026-03-08T17:16:37.040964365Z,/var/lib/docker/volumes,dd820bcbe44cd4769bb920ed05fcdf7e3f815b7e26184126f86a8c3782d6ae37,other,49770,49770,0
run_003,join,join_1772990192,join-irs3-1772990192,join-irs3-1772990192,18,join_submit_done,join_voted,2026-03-08T17:16:34.653467Z,2026-03-08T17:16:37.040964365Z,/var/lib/docker/volumes,fabric_orderer.kit.edu,orderer,156496367,156544803,48436
run_003,join,join_1772990192,join-irs3-1772990192,join-irs3-1772990192,18,join_submit_done,join_voted,2026-03-08T17:16:34.653467Z,2026-03-08T17:16:37.040964365Z,/var/lib/docker/volumes,fabric_peer0.irs1.kit.edu,other,5006,5006,0
run_003,join,join_1772990192,join-irs3-1772990192,join-irs3-1772990192,18,join_submit_done,join_voted,2026-03-08T17:16:34.653467Z,2026-03-08T17:16:37.040964365Z,/var/lib/docker/volumes,fabric_peer0.irs3.kit.edu,peer,57562137,57614084,51947
run_003,join,join_1772990192,join-irs3-1772990192,join-irs3-1772990192,18,join_submit_done,join_voted,2026-03-08T17:16:34.653467Z,2026-03-08T17:16:37.040964365Z,/var/lib/docker/volumes,fabric_peer1.irs3.kit.edu,other,57562133,57614080,51947
run_003,join,join_1772990192,join-irs3-1772990192,join-irs3-1772990192,18,join_submit_done,join_voted,2026-03-08T17:16:34.653467Z,2026-03-08T17:16:37.040964365Z,/var/lib/docker/volumes,fabric_peer2.irs3.kit.edu,other,57560705,57612652,51947
run_003,join,join_1772990192,join-irs3-1772990192,join-irs3-1772990192,18,join_submit_done,join_voted,2026-03-08T17:16:34.653467Z,2026-03-08T17:16:37.040964365Z,/var/lib/docker/volumes,fabric_peer3.irs3.kit.edu,other,57560708,57612655,51947
run_003,join,join_1772990192,join-irs3-1772990192,join-irs3-1772990192,18,join_voted,join_approved,2026-03-08T17:16:37.040964365Z,2026-03-08T17:16:49.087704Z,/var/lib/docker/volumes,318645f57934e785e6547d02c0ed0372a820dd164fafeaf2aded437d20c7e86c,other,NA,NA,
run_003,join,join_1772990192,join-irs3-1772990192,join-irs3-1772990192,18,join_voted,join_approved,2026-03-08T17:16:37.040964365Z,2026-03-08T17:16:49.087704Z,/var/lib/docker/volumes,6e05c7eee9bbcb46c981fe49ad7f9ebf47dc65ef85493d026e1fe789550bc448,other,NA,NA,
run_003,join,join_1772990192,join-irs3-1772990192,join-irs3-1772990192,18,join_voted,join_approved,2026-03-08T17:16:37.040964365Z,2026-03-08T17:16:49.087704Z,/var/lib/docker/volumes,6e814cba506a0e47486afe858abb24599aa260685e260366e381bd9f2b497bf1,other,NA,NA,
run_003,join,join_1772990192,join-irs3-1772990192,join-irs3-1772990192,18,join_voted,join_approved,2026-03-08T17:16:37.040964365Z,2026-03-08T17:16:49.087704Z,/var/lib/docker/volumes,77081bcffcc1f3cefe0f90de1341463d593338399618ad7fd5299be12e63d03b,other,NA,NA,
run_003,join,join_1772990192,join-irs3-1772990192,join-irs3-1772990192,18,join_voted,join_approved,2026-03-08T17:16:37.040964365Z,2026-03-08T17:16:49.087704Z,/var/lib/docker/volumes,791e62bfc17bf044236c3dcb5d77ec82610b27aa4d5f3c78aff2e2842f98f9ee,other,NA,NA,
run_003,join,join_1772990192,join-irs3-1772990192,join-irs3-1772990192,18,join_voted,join_approved,2026-03-08T17:16:37.040964365Z,2026-03-08T17:16:49.087704Z,/var/lib/docker/volumes,84427cfc582fb211af081a74ca5f701e2252df8f70c46077c76714f5178f91ca,other,NA,NA,
run_003,join,join_1772990192,join-irs3-1772990192,join-irs3-1772990192,18,join_voted,join_approved,2026-03-08T17:16:37.040964365Z,2026-03-08T17:16:49.087704Z,/var/lib/docker/volumes,99ac8c723665556c954d288ca00335f1fae5493d384cb656ecf5a945cc9ae3b8,other,NA,NA,
run_003,join,join_1772990192,join-irs3-1772990192,join-irs3-1772990192,18,join_voted,join_approved,2026-03-08T17:16:37.040964365Z,2026-03-08T17:16:49.087704Z,/var/lib/docker/volumes,ab96d922f06ec7a94f1b5200e75e480c9ed7eba86fbbe33b5cb9edbe031c6ea8,other,49770,49770,0
run_003,join,join_1772990192,join-irs3-1772990192,join-irs3-1772990192,18,join_voted,join_approved,2026-03-08T17:16:37.040964365Z,2026-03-08T17:16:49.087704Z,/var/lib/docker/volumes,d9b7785a06954372515977133a1213437b80c5db1517196ca5e26134d3413ccf,other,NA,NA,
run_003,join,join_1772990192,join-irs3-1772990192,join-irs3-1772990192,18,join_voted,join_approved,2026-03-08T17:16:37.040964365Z,2026-03-08T17:16:49.087704Z,/var/lib/docker/volumes,dd820bcbe44cd4769bb920ed05fcdf7e3f815b7e26184126f86a8c3782d6ae37,other,49770,49770,0
run_003,join,join_1772990192,join-irs3-1772990192,join-irs3-1772990192,18,join_voted,join_approved,2026-03-08T17:16:37.040964365Z,2026-03-08T17:16:49.087704Z,/var/lib/docker/volumes,fabric_orderer.kit.edu,orderer,156544803,156827203,282400
run_003,join,join_1772990192,join-irs3-1772990192,join-irs3-1772990192,18,join_voted,join_approved,2026-03-08T17:16:37.040964365Z,2026-03-08T17:16:49.087704Z,/var/lib/docker/volumes,fabric_peer0.irs1.kit.edu,other,5006,5006,0
run_003,join,join_1772990192,join-irs3-1772990192,join-irs3-1772990192,18,join_voted,join_approved,2026-03-08T17:16:37.040964365Z,2026-03-08T17:16:49.087704Z,/var/lib/docker/volumes,fabric_peer0.irs3.kit.edu,peer,57614084,57923867,309783
run_003,join,join_1772990192,join-irs3-1772990192,join-irs3-1772990192,18,join_voted,join_approved,2026-03-08T17:16:37.040964365Z,2026-03-08T17:16:49.087704Z,/var/lib/docker/volumes,fabric_peer1.irs3.kit.edu,other,57614080,57923863,309783
run_003,join,join_1772990192,join-irs3-1772990192,join-irs3-1772990192,18,join_voted,join_approved,2026-03-08T17:16:37.040964365Z,2026-03-08T17:16:49.087704Z,/var/lib/docker/volumes,fabric_peer2.irs3.kit.edu,other,57612652,57922435,309783
run_003,join,join_1772990192,join-irs3-1772990192,join-irs3-1772990192,18,join_voted,join_approved,2026-03-08T17:16:37.040964365Z,2026-03-08T17:16:49.087704Z,/var/lib/docker/volumes,fabric_peer3.irs3.kit.edu,other,57612655,57922438,309783
run_003,join,join_1772990192,join-irs3-1772990192,join-irs3-1772990192,18,join_approved,reshare_started,2026-03-08T17:16:49.087704Z,2026-03-08T17:16:49.215470Z,/var/lib/docker/volumes,318645f57934e785e6547d02c0ed0372a820dd164fafeaf2aded437d20c7e86c,other,NA,NA,
run_003,join,join_1772990192,join-irs3-1772990192,join-irs3-1772990192,18,join_approved,reshare_started,2026-03-08T17:16:49.087704Z,2026-03-08T17:16:49.215470Z,/var/lib/docker/volumes,6e05c7eee9bbcb46c981fe49ad7f9ebf47dc65ef85493d026e1fe789550bc448,other,NA,NA,
run_003,join,join_1772990192,join-irs3-1772990192,join-irs3-1772990192,18,join_approved,reshare_started,2026-03-08T17:16:49.087704Z,2026-03-08T17:16:49.215470Z,/var/lib/docker/volumes,6e814cba506a0e47486afe858abb24599aa260685e260366e381bd9f2b497bf1,other,NA,NA,
run_003,join,join_1772990192,join-irs3-1772990192,join-irs3-1772990192,18,join_approved,reshare_started,2026-03-08T17:16:49.087704Z,2026-03-08T17:16:49.215470Z,/var/lib/docker/volumes,77081bcffcc1f3cefe0f90de1341463d593338399618ad7fd5299be12e63d03b,other,NA,NA,
run_003,join,join_1772990192,join-irs3-1772990192,join-irs3-1772990192,18,join_approved,reshare_started,2026-03-08T17:16:49.087704Z,2026-03-08T17:16:49.215470Z,/var/lib/docker/volumes,791e62bfc17bf044236c3dcb5d77ec82610b27aa4d5f3c78aff2e2842f98f9ee,other,NA,NA,
run_003,join,join_1772990192,join-irs3-1772990192,join-irs3-1772990192,18,join_approved,reshare_started,2026-03-08T17:16:49.087704Z,2026-03-08T17:16:49.215470Z,/var/lib/docker/volumes,84427cfc582fb211af081a74ca5f701e2252df8f70c46077c76714f5178f91ca,other,NA,NA,
run_003,join,join_1772990192,join-irs3-1772990192,join-irs3-1772990192,18,join_approved,reshare_started,2026-03-08T17:16:49.087704Z,2026-03-08T17:16:49.215470Z,/var/lib/docker/volumes,99ac8c723665556c954d288ca00335f1fae5493d384cb656ecf5a945cc9ae3b8,other,NA,NA,
run_003,join,join_1772990192,join-irs3-1772990192,join-irs3-1772990192,18,join_approved,reshare_started,2026-03-08T17:16:49.087704Z,2026-03-08T17:16:49.215470Z,/var/lib/docker/volumes,ab96d922f06ec7a94f1b5200e75e480c9ed7eba86fbbe33b5cb9edbe031c6ea8,other,49770,49770,0
run_003,join,join_1772990192,join-irs3-1772990192,join-irs3-1772990192,18,join_approved,reshare_started,2026-03-08T17:16:49.087704Z,2026-03-08T17:16:49.215470Z,/var/lib/docker/volumes,d9b7785a06954372515977133a1213437b80c5db1517196ca5e26134d3413ccf,other,NA,NA,
run_003,join,join_1772990192,join-irs3-1772990192,join-irs3-1772990192,18,join_approved,reshare_started,2026-03-08T17:16:49.087704Z,2026-03-08T17:16:49.215470Z,/var/lib/docker/volumes,dd820bcbe44cd4769bb920ed05fcdf7e3f815b7e26184126f86a8c3782d6ae37,other,49770,49770,0
run_003,join,join_1772990192,join-irs3-1772990192,join-irs3-1772990192,18,join_approved,reshare_started,2026-03-08T17:16:49.087704Z,2026-03-08T17:16:49.215470Z,/var/lib/docker/volumes,fabric_orderer.kit.edu,orderer,156827203,156827203,0
run_003,join,join_1772990192,join-irs3-1772990192,join-irs3-1772990192,18,join_approved,reshare_started,2026-03-08T17:16:49.087704Z,2026-03-08T17:16:49.215470Z,/var/lib/docker/volumes,fabric_peer0.irs1.kit.edu,other,5006,5006,0
run_003,join,join_1772990192,join-irs3-1772990192,join-irs3-1772990192,18,join_approved,reshare_started,2026-03-08T17:16:49.087704Z,2026-03-08T17:16:49.215470Z,/var/lib/docker/volumes,fabric_peer0.irs3.kit.edu,peer,57923867,57923867,0
run_003,join,join_1772990192,join-irs3-1772990192,join-irs3-1772990192,18,join_approved,reshare_started,2026-03-08T17:16:49.087704Z,2026-03-08T17:16:49.215470Z,/var/lib/docker/volumes,fabric_peer1.irs3.kit.edu,other,57923863,57923863,0
run_003,join,join_1772990192,join-irs3-1772990192,join-irs3-1772990192,18,join_approved,reshare_started,2026-03-08T17:16:49.087704Z,2026-03-08T17:16:49.215470Z,/var/lib/docker/volumes,fabric_peer2.irs3.kit.edu,other,57922435,57922435,0
run_003,join,join_1772990192,join-irs3-1772990192,join-irs3-1772990192,18,join_approved,reshare_started,2026-03-08T17:16:49.087704Z,2026-03-08T17:16:49.215470Z,/var/lib/docker/volumes,fabric_peer3.irs3.kit.edu,other,57922438,57922438,0
run_003,join,join_1772990192,join-irs3-1772990192,join-irs3-1772990192,18,reshare_started,reshare_completed,2026-03-08T17:16:49.215470Z,2026-03-08T17:19:21.880948801Z,/var/lib/docker/volumes,318645f57934e785e6547d02c0ed0372a820dd164fafeaf2aded437d20c7e86c,other,NA,NA,
run_003,join,join_1772990192,join-irs3-1772990192,join-irs3-1772990192,18,reshare_started,reshare_completed,2026-03-08T17:16:49.215470Z,2026-03-08T17:19:21.880948801Z,/var/lib/docker/volumes,6e05c7eee9bbcb46c981fe49ad7f9ebf47dc65ef85493d026e1fe789550bc448,other,NA,NA,
run_003,join,join_1772990192,join-irs3-1772990192,join-irs3-1772990192,18,reshare_started,reshare_completed,2026-03-08T17:16:49.215470Z,2026-03-08T17:19:21.880948801Z,/var/lib/docker/volumes,6e814cba506a0e47486afe858abb24599aa260685e260366e381bd9f2b497bf1,other,NA,NA,
run_003,join,join_1772990192,join-irs3-1772990192,join-irs3-1772990192,18,reshare_started,reshare_completed,2026-03-08T17:16:49.215470Z,2026-03-08T17:19:21.880948801Z,/var/lib/docker/volumes,77081bcffcc1f3cefe0f90de1341463d593338399618ad7fd5299be12e63d03b,other,NA,NA,
run_003,join,join_1772990192,join-irs3-1772990192,join-irs3-1772990192,18,reshare_started,reshare_completed,2026-03-08T17:16:49.215470Z,2026-03-08T17:19:21.880948801Z,/var/lib/docker/volumes,791e62bfc17bf044236c3dcb5d77ec82610b27aa4d5f3c78aff2e2842f98f9ee,other,NA,NA,
run_003,join,join_1772990192,join-irs3-1772990192,join-irs3-1772990192,18,reshare_started,reshare_completed,2026-03-08T17:16:49.215470Z,2026-03-08T17:19:21.880948801Z,/var/lib/docker/volumes,84427cfc582fb211af081a74ca5f701e2252df8f70c46077c76714f5178f91ca,other,NA,NA,
run_003,join,join_1772990192,join-irs3-1772990192,join-irs3-1772990192,18,reshare_started,reshare_completed,2026-03-08T17:16:49.215470Z,2026-03-08T17:19:21.880948801Z,/var/lib/docker/volumes,99ac8c723665556c954d288ca00335f1fae5493d384cb656ecf5a945cc9ae3b8,other,NA,NA,
run_003,join,join_1772990192,join-irs3-1772990192,join-irs3-1772990192,18,reshare_started,reshare_completed,2026-03-08T17:16:49.215470Z,2026-03-08T17:19:21.880948801Z,/var/lib/docker/volumes,ab96d922f06ec7a94f1b5200e75e480c9ed7eba86fbbe33b5cb9edbe031c6ea8,other,49770,49770,0
run_003,join,join_1772990192,join-irs3-1772990192,join-irs3-1772990192,18,reshare_started,reshare_completed,2026-03-08T17:16:49.215470Z,2026-03-08T17:19:21.880948801Z,/var/lib/docker/volumes,d9b7785a06954372515977133a1213437b80c5db1517196ca5e26134d3413ccf,other,NA,NA,
run_003,join,join_1772990192,join-irs3-1772990192,join-irs3-1772990192,18,reshare_started,reshare_completed,2026-03-08T17:16:49.215470Z,2026-03-08T17:19:21.880948801Z,/var/lib/docker/volumes,dd820bcbe44cd4769bb920ed05fcdf7e3f815b7e26184126f86a8c3782d6ae37,other,49770,49770,0
run_003,join,join_1772990192,join-irs3-1772990192,join-irs3-1772990192,18,reshare_started,reshare_completed,2026-03-08T17:16:49.215470Z,2026-03-08T17:19:21.880948801Z,/var/lib/docker/volumes,fabric_orderer.kit.edu,orderer,156827203,157781645,954442
run_003,join,join_1772990192,join-irs3-1772990192,join-irs3-1772990192,18,reshare_started,reshare_completed,2026-03-08T17:16:49.215470Z,2026-03-08T17:19:21.880948801Z,/var/lib/docker/volumes,fabric_peer0.irs1.kit.edu,other,5006,5006,0
run_003,join,join_1772990192,join-irs3-1772990192,join-irs3-1772990192,18,reshare_started,reshare_completed,2026-03-08T17:16:49.215470Z,2026-03-08T17:19:21.880948801Z,/var/lib/docker/volumes,fabric_peer0.irs3.kit.edu,peer,57923867,58985006,1061139
run_003,join,join_1772990192,join-irs3-1772990192,join-irs3-1772990192,18,reshare_started,reshare_completed,2026-03-08T17:16:49.215470Z,2026-03-08T17:19:21.880948801Z,/var/lib/docker/volumes,fabric_peer1.irs3.kit.edu,other,57923863,58985002,1061139
run_003,join,join_1772990192,join-irs3-1772990192,join-irs3-1772990192,18,reshare_started,reshare_completed,2026-03-08T17:16:49.215470Z,2026-03-08T17:19:21.880948801Z,/var/lib/docker/volumes,fabric_peer2.irs3.kit.edu,other,57922435,58983648,1061213
run_003,join,join_1772990192,join-irs3-1772990192,join-irs3-1772990192,18,reshare_started,reshare_completed,2026-03-08T17:16:49.215470Z,2026-03-08T17:19:21.880948801Z,/var/lib/docker/volumes,fabric_peer3.irs3.kit.edu,other,57922438,58983577,1061139
run_003,join,join_1772990192,join-irs3-1772990192,join-irs3-1772990192,18,reshare_completed,operation_end,2026-03-08T17:19:21.880948801Z,2026-03-08T17:19:58.418537Z,/var/lib/docker/volumes,318645f57934e785e6547d02c0ed0372a820dd164fafeaf2aded437d20c7e86c,other,NA,NA,
run_003,join,join_1772990192,join-irs3-1772990192,join-irs3-1772990192,18,reshare_completed,operation_end,2026-03-08T17:19:21.880948801Z,2026-03-08T17:19:58.418537Z,/var/lib/docker/volumes,6e05c7eee9bbcb46c981fe49ad7f9ebf47dc65ef85493d026e1fe789550bc448,other,NA,NA,
run_003,join,join_1772990192,join-irs3-1772990192,join-irs3-1772990192,18,reshare_completed,operation_end,2026-03-08T17:19:21.880948801Z,2026-03-08T17:19:58.418537Z,/var/lib/docker/volumes,6e814cba506a0e47486afe858abb24599aa260685e260366e381bd9f2b497bf1,other,NA,NA,
run_003,join,join_1772990192,join-irs3-1772990192,join-irs3-1772990192,18,reshare_completed,operation_end,2026-03-08T17:19:21.880948801Z,2026-03-08T17:19:58.418537Z,/var/lib/docker/volumes,77081bcffcc1f3cefe0f90de1341463d593338399618ad7fd5299be12e63d03b,other,NA,NA,
run_003,join,join_1772990192,join-irs3-1772990192,join-irs3-1772990192,18,reshare_completed,operation_end,2026-03-08T17:19:21.880948801Z,2026-03-08T17:19:58.418537Z,/var/lib/docker/volumes,791e62bfc17bf044236c3dcb5d77ec82610b27aa4d5f3c78aff2e2842f98f9ee,other,NA,NA,
run_003,join,join_1772990192,join-irs3-1772990192,join-irs3-1772990192,18,reshare_completed,operation_end,2026-03-08T17:19:21.880948801Z,2026-03-08T17:19:58.418537Z,/var/lib/docker/volumes,84427cfc582fb211af081a74ca5f701e2252df8f70c46077c76714f5178f91ca,other,NA,NA,
run_003,join,join_1772990192,join-irs3-1772990192,join-irs3-1772990192,18,reshare_completed,operation_end,2026-03-08T17:19:21.880948801Z,2026-03-08T17:19:58.418537Z,/var/lib/docker/volumes,99ac8c723665556c954d288ca00335f1fae5493d384cb656ecf5a945cc9ae3b8,other,NA,NA,
run_003,join,join_1772990192,join-irs3-1772990192,join-irs3-1772990192,18,reshare_completed,operation_end,2026-03-08T17:19:21.880948801Z,2026-03-08T17:19:58.418537Z,/var/lib/docker/volumes,ab96d922f06ec7a94f1b5200e75e480c9ed7eba86fbbe33b5cb9edbe031c6ea8,other,49770,49770,0
run_003,join,join_1772990192,join-irs3-1772990192,join-irs3-1772990192,18,reshare_completed,operation_end,2026-03-08T17:19:21.880948801Z,2026-03-08T17:19:58.418537Z,/var/lib/docker/volumes,d9b7785a06954372515977133a1213437b80c5db1517196ca5e26134d3413ccf,other,NA,NA,
run_003,join,join_1772990192,join-irs3-1772990192,join-irs3-1772990192,18,reshare_completed,operation_end,2026-03-08T17:19:21.880948801Z,2026-03-08T17:19:58.418537Z,/var/lib/docker/volumes,dd820bcbe44cd4769bb920ed05fcdf7e3f815b7e26184126f86a8c3782d6ae37,other,49770,49770,0
run_003,join,join_1772990192,join-irs3-1772990192,join-irs3-1772990192,18,reshare_completed,operation_end,2026-03-08T17:19:21.880948801Z,2026-03-08T17:19:58.418537Z,/var/lib/docker/volumes,fabric_orderer.kit.edu,orderer,157781645,159022717,1241072
run_003,join,join_1772990192,join-irs3-1772990192,join-irs3-1772990192,18,reshare_completed,operation_end,2026-03-08T17:19:21.880948801Z,2026-03-08T17:19:58.418537Z,/var/lib/docker/volumes,fabric_peer0.irs1.kit.edu,other,5006,5006,0
run_003,join,join_1772990192,join-irs3-1772990192,join-irs3-1772990192,18,reshare_completed,operation_end,2026-03-08T17:19:21.880948801Z,2026-03-08T17:19:58.418537Z,/var/lib/docker/volumes,fabric_peer0.irs3.kit.edu,peer,58985006,60352834,1367828
run_003,join,join_1772990192,join-irs3-1772990192,join-irs3-1772990192,18,reshare_completed,operation_end,2026-03-08T17:19:21.880948801Z,2026-03-08T17:19:58.418537Z,/var/lib/docker/volumes,fabric_peer1.irs3.kit.edu,other,58985002,60352830,1367828
run_003,join,join_1772990192,join-irs3-1772990192,join-irs3-1772990192,18,reshare_completed,operation_end,2026-03-08T17:19:21.880948801Z,2026-03-08T17:19:58.418537Z,/var/lib/docker/volumes,fabric_peer2.irs3.kit.edu,other,58983648,60351402,1367754
run_003,join,join_1772990192,join-irs3-1772990192,join-irs3-1772990192,18,reshare_completed,operation_end,2026-03-08T17:19:21.880948801Z,2026-03-08T17:19:58.418537Z,/var/lib/docker/volumes,fabric_peer3.irs3.kit.edu,other,58983577,60351405,1367828
