run_id,workflow_base,workflow_tag,operation_id,proposal_id,epoch,submit_tx_id,execute_tx_id,status,error,client_start_ts,client_end_ts,submitted_observed_ts,voted_ts,approved_or_executed_ts,reshare_started_ts,reshare_completed_ts,cert_registered_ts,local_key_idle_ts,local_signing_idle_ts,ledger_tx_ts_submit,ledger_tx_ts_execute,submit_attempts,submit_retries_total,submit_retries_mvcc,submit_retries_non_mvcc,submit_retry_classes,tss_signing_compute_s,tss_signing_wait_s,tss_reshare_compute_s,tss_reshare_wait_s,tss_key_session_compute_s,tss_key_session_wait_s,tss_compute_proxy_s,tss_wait_proxy_s,gossip_height_before_max,gossip_height_after_max,gossip_target_height,gossip_height_delta,gossip_peers_observed,gossip_peers_converged,gossip_convergence_s,gossip_convergence_status,run_num,client_duration_s,client_to_submitted_s,submit_to_vote_s,vote_to_approved_s,approved_to_cert_registered_s,approved_to_reshare_start_s,approved_to_reshare_completed_s,reshare_duration_s,post_reshare_tail_s,reshare_complete_to_local_idle_s,local_idle_to_operation_end_s,execution_to_operation_end_s,cert_registered_to_operation_end_s,cert_registered_to_signing_idle_s,signing_idle_to_operation_end_s,blockchain_total_s,tss_reshare_total_s,local_key_idle_wait_s,local_finalize_total_s,tss_coordination_total_s,blockchain_effective_s,tss_total_s,decomposed_total_s,decomposition_gap_s,mixed_transition_s_raw,mixed_transition_s,overlap_correction_s_raw,overlap_correction_s,explained_total_s
run_001,csr,csr_1773040242,csr-irs3-1773040242,csr-irs3-1773040242,,fe1a247469c45f2bb65842e2ec238b5976b9f43c0cf23f43e5a256cb4ccd95d6,bf6f6a1519336ffb5f1e8e319c9c95f69136305fcb4c266e84cd982fd57ce980,success,,2026-03-09 07:10:42.065823+00:00,2026-03-09 07:11:06.944195+00:00,2026-03-09 07:10:42.207784+00:00,2026-03-09 07:10:46.762918+00:00,2026-03-09 07:10:52.568297+00:00,,,2026-03-09 07:11:06.780862+00:00,,2026-03-09 07:11:06.943494+00:00,,,1,0,0,0,{},0.0,0.0029475688934326,,,,,0.0,0.0029475688934326,,,,,0,0,,no_height_metric,1,24.878372,0.141961,4.555134,5.805379,14.212565,,,,,,,14.375898,0.163333,0.162632,0.000701,10.502474,,,0.163333,14.212565,10.665807,14.375898,24.878372,0.0,0.0,0.0,-0.0,0.0,24.878372
run_001,revocation,revocation_1773040288,revoke-irs3-1773040288,revoke-irs3-1773040288,,096f612e1d2e62e8590117327ed5242e1446594bb99d971ec13302d8cb7ea819,8dbc52728490032c3e28fbb3565b25753d28d2160c1298cd2aa083816c53304c,success,,2026-03-09 07:11:28.035191+00:00,2026-03-09 07:11:38.554804+00:00,2026-03-09 07:11:30.269574+00:00,2026-03-09 07:11:32.630764+00:00,2026-03-09 07:11:37.416265+00:00,,,,,,,,1,0,0,0,{},,,,,,,,,,,,,0,0,,no_height_metric,1,10.519613,2.234383,2.36119,4.785501,,,,,,,,1.138539,,,,9.381074,,,1.138539,,10.519613,1.138539,10.519613,0.0,0.0,0.0,-0.0,0.0,10.519613
run_001,removal,removal_1773040317,remove-irs3-member1-1773040317,remove-irs3-member1-1773040317,7.0,2d6b7271eff9827884bba651fd33aa5b4bea9badd4d3b53c8d155880dda4b1fa,996f0d5b4343cefca5f94699b28ab8d3e8bbbb58bf51a0c16bc00312cebd2677,success,,2026-03-09 07:11:57.427029+00:00,2026-03-09 07:12:50.541738+00:00,2026-03-09 07:11:59.691830+00:00,2026-03-09 07:12:02.489817+00:00,2026-03-09 07:12:07.455973+00:00,,2026-03-09 07:12:49.095470+00:00,,2026-03-09 07:12:50.540845+00:00,,,,1,0,0,0,{},,,0.0,42.56728982925415,0.0,0.0029292106628417,0.0,42.57021903991699,,,,,0,0,,no_height_metric,1,53.114709,2.264801,2.797987,4.966156,,,41.639497,,1.446268,1.445375,0.000893,43.085765,,,,10.028944,41.639497,1.445375,0.000893,43.084872,10.029836999999999,43.085764999999995,53.114709,0.0,0.0,0.0,-0.0,0.0,53.114709
run_001,join,join_1773040389,join-irs3-1773040389,join-irs3-1773040389,8.0,69229e8c6ff49a0bc59e301e8d3a7cc889bf436fdf5e06d9af0880770266cfaf,,success,,2026-03-09 07:13:09.368910+00:00,2026-03-09 07:14:08.579409+00:00,2026-03-09 07:13:11.644609+00:00,2026-03-09 07:13:14.548279+00:00,2026-03-09 07:13:16.850140+00:00,2026-03-09 07:13:31.804532+00:00,2026-03-09 07:13:53.408976+00:00,,2026-03-09 07:14:08.578153+00:00,,,,1,0,0,0,{},,,0.0,48.6589879989624,0.0028786659240722,2.0076303482055664,0.0028786659240722,50.66661834716797,,,,,0,0,,no_height_metric,1,59.210499,2.275699,2.90367,2.301861,,14.954392,36.558836,21.604444,15.170433,15.169177,0.001256,51.729269,,,,7.48123,36.558836,15.169177,0.001256,51.728013,7.482486,51.729268999999995,59.210499,0.0,0.0,0.0,-0.0,0.0,59.210499
run_002,csr,csr_1773040457,csr-irs3-1773040457,csr-irs3-1773040457,,3a3131e7079f06a81f7e883a6aee2a92d28c7b65a8fc61cc0a30a015e0e92d9e,38eed6de948f95a6a6cf63b78805ebab7b60eae3ba074251b92d054c1b201e14,success,,2026-03-09 07:14:17.006269+00:00,2026-03-09 07:14:41.759799+00:00,2026-03-09 07:14:17.125165+00:00,2026-03-09 07:14:21.866362+00:00,2026-03-09 07:14:27.915670+00:00,,,2026-03-09 07:14:41.576424+00:00,,2026-03-09 07:14:41.759121+00:00,,,1,0,0,0,{},0.0,0.0029513835906982,,,,,0.0,0.0029513835906982,,,,,0,0,,no_height_metric,2,24.75353,0.118896,4.741197,6.049308,13.660754,,,,,,,13.844129,0.183375,0.182697,0.000678,10.909400999999999,,,0.183375,13.660754,11.092775999999999,13.844129,24.753529999999998,3.552713678800501e-15,3.552713678800501e-15,0.0,0.0,0.0,24.753529999999998
run_002,revocation,revocation_1773040502,revoke-irs3-1773040502,revoke-irs3-1773040502,,207e9820d25748c702114631d6c9731605dda4fc29d8de9c995acd42624cc587,c76ce8d3e94bf2b3bce53ade36cef4a37abd3f0a0d1fc619feaf4bed77123467,success,,2026-03-09 07:15:02.688426+00:00,2026-03-09 07:15:13.215185+00:00,2026-03-09 07:15:04.924198+00:00,2026-03-09 07:15:07.836167+00:00,2026-03-09 07:15:12.587291+00:00,,,,,,,,1,0,0,0,{},,,,,,,,,,,,,0,0,,no_height_metric,2,10.526759,2.235772,2.911969,4.751124,,,,,,,,0.627894,,,,9.898865,,,0.627894,,10.526759,0.627894,10.526759,0.0,0.0,0.0,-0.0,0.0,10.526759
run_002,removal,removal_1773040532,remove-irs3-member1-1773040532,remove-irs3-member1-1773040532,9.0,8218ca8f84c8c9974e398114fc01881ef1ee2f9dfe442d4c3a1635f6bee16523,561deb6dedd51319bf9c4f38f444cd8436c1e8392c49a9f0ba7b622216cda11b,success,,2026-03-09 07:15:32.124500+00:00,2026-03-09 07:16:21.222927+00:00,2026-03-09 07:15:34.381407+00:00,2026-03-09 07:15:36.926872+00:00,2026-03-09 07:15:41.789743+00:00,,2026-03-09 07:16:19.339078+00:00,,2026-03-09 07:16:21.222151+00:00,,,,1,0,0,0,{},,,0.0,38.55009293556213,0.0,0.0029480457305908,0.0,38.553040981292725,,,,,0,0,,no_height_metric,2,49.098427,2.256907,2.545465,4.862871,,,37.549335,,1.883849,1.883073,0.000776,39.433184,,,,9.665243,37.549335,1.883073,0.000776,39.432408,9.666019,39.433184000000004,49.098427,0.0,0.0,0.0,-0.0,0.0,49.098427
run_002,join,join_1773040600,join-irs3-1773040600,join-irs3-1773040600,10.0,1994c853ca96d2e7bccc2ba762a739c2f6be6c8923ba9c5ece2afb8c698e8eb2,,success,,2026-03-09 07:16:40.084043+00:00,2026-03-09 07:17:39.266931+00:00,2026-03-09 07:16:42.347621+00:00,2026-03-09 07:16:44.820578+00:00,2026-03-09 07:16:47.280533+00:00,2026-03-09 07:17:01.802029+00:00,2026-03-09 07:17:23.422907+00:00,,2026-03-09 07:17:39.265855+00:00,,,,1,0,0,0,{},,,0.0,48.63851809501648,0.002551794052124,2.0069820880889893,0.002551794052124,50.64550018310547,,,,,0,0,,no_height_metric,2,59.182888,2.263578,2.472957,2.459955,,14.521496,36.142374,21.620878,15.844024,15.842948,0.001076,51.986398,,,,7.19649,36.142374000000004,15.842948,0.001076,51.985322000000004,7.197566,51.986398,59.182888000000005,-7.105427357601002e-15,0.0,0.0,7.105427357601002e-15,0.0,59.182888000000005
run_003,csr,csr_1773040667,csr-irs3-1773040667,csr-irs3-1773040667,,7ebefcab727bebd8e25d019706e00f40fa32aa9bf5a8e1dc8acd5f76ddc8a784,7366b69ee9c5d88209c2dba69eefffd3a5fecfa1f3b9b540d64718b6b54e36c9,success,,2026-03-09 07:17:47.691741+00:00,2026-03-09 07:18:14.510297+00:00,2026-03-09 07:17:47.809002+00:00,2026-03-09 07:17:52.736583+00:00,2026-03-09 07:17:58.570053+00:00,,,2026-03-09 07:18:13.491964+00:00,,2026-03-09 07:18:14.509584+00:00,,,1,0,0,0,{},0.0,0.0026512145996093,,,,,0.0,0.0026512145996093,,,,,0,0,,no_height_metric,3,26.818556,0.117261,4.927581,5.83347,14.921911,,,,,,,15.940244,1.018333,1.01762,0.000713,10.878312000000001,,,1.018333,14.921911,11.896645000000001,15.940244,26.818556,0.0,0.0,0.0,-0.0,0.0,26.818556
run_003,revocation,revocation_1773040715,revoke-irs3-1773040715,revoke-irs3-1773040715,,2aef4009939390e5d1b951f736903f5643a7c225ffa944941b125e63142427de,fc1b4b2e395a72fce0a621109b583eb9d7507127ba6e4c0cdac3a0bc216742fb,success,,2026-03-09 07:18:35.469336+00:00,2026-03-09 07:18:46.017712+00:00,2026-03-09 07:18:37.711123+00:00,2026-03-09 07:18:39.967496+00:00,2026-03-09 07:18:44.941807+00:00,,,,,,,,1,0,0,0,{},,,,,,,,,,,,,0,0,,no_height_metric,3,10.548376,2.241787,2.256373,4.974311,,,,,,,,1.075905,,,,9.472471,,,1.075905,,10.548376000000001,1.075905,10.548376000000001,-1.7763568394002505e-15,0.0,0.0,1.7763568394002505e-15,0.0,10.548376000000001
run_003,removal,removal_1773040744,remove-irs3-member1-1773040745,remove-irs3-member1-1773040745,11.0,da966ea9d8abefb33083401ac02801cdb75ba042c59a6762654f7fc6445df1e9,e4da6c291e936e795abf96880d42d3b499bf20beb8657d7e21495e7cd8ae0461,success,,2026-03-09 07:19:04.900660+00:00,2026-03-09 07:19:55.998923+00:00,2026-03-09 07:19:07.161234+00:00,2026-03-09 07:19:09.857250+00:00,2026-03-09 07:19:14.280595+00:00,,2026-03-09 07:19:55.450126+00:00,,2026-03-09 07:19:55.998218+00:00,,,,1,0,0,0,{},,,0.0,40.54920268058777,0.0,0.0026502609252929,0.0,40.55185294151306,,,,,0,0,,no_height_metric,3,51.098263,2.260574,2.696016,4.423345,,,41.169531,,0.548797,0.548092,0.000705,41.718328,,,,9.379935,41.169531,0.548092,0.000705,41.717622999999996,9.38064,41.718328,51.098262999999996,7.105427357601002e-15,7.105427357601002e-15,0.0,0.0,0.0,51.098262999999996
run_003,join,join_1773040814,join-irs3-1773040814,join-irs3-1773040814,12.0,8d60925b3490b323ebb99454590cbe713ea14033a31aca52d9e533c8ba4d60ba,,success,,2026-03-09 07:20:14.832247+00:00,2026-03-09 07:21:14.030869+00:00,2026-03-09 07:20:17.100378+00:00,2026-03-09 07:20:19.738821+00:00,2026-03-09 07:20:22.220160+00:00,2026-03-09 07:20:37.799708+00:00,2026-03-09 07:20:58.301214+00:00,,2026-03-09 07:21:14.029883+00:00,,,,1,0,0,0,{},,,0.0,48.66136169433594,0.0037858486175537,2.0057625770568848,0.0037858486175537,50.66712427139282,,,,,0,0,,no_height_metric,3,59.198622,2.268131,2.638443,2.481339,,15.579548,36.081054,20.501506,15.729655,15.728669,0.000986,51.810709,,,,7.387913,36.081054,15.728669,0.000986,51.809723000000005,7.388899,51.810709,59.19862200000001,-7.105427357601002e-15,0.0,0.0,7.105427357601002e-15,0.0,59.19862200000001
run_004,csr,csr_1773040882,csr-irs3-1773040882,csr-irs3-1773040882,,197e93fca7f8fbf7767a724b147591fbf0056599edbcfd4f3c6bc0cdbf6f2b6b,d44a0381d8eaf8a6dae2ea6c3978c1171b77f28a7672e40a2d0bf9e863c17721,success,,2026-03-09 07:21:22.549082+00:00,2026-03-09 07:21:47.335992+00:00,2026-03-09 07:21:22.676799+00:00,2026-03-09 07:21:27.090592+00:00,2026-03-09 07:21:32.990494+00:00,,,2026-03-09 07:21:46.709175+00:00,,2026-03-09 07:21:47.335287+00:00,,,1,0,0,0,{},0.0,0.0028920173645019,,,,,0.0,0.0028920173645019,,,,,0,0,,no_height_metric,4,24.78691,0.127717,4.413793,5.899902,13.718681,,,,,,,14.345498,0.626817,0.626112,0.000705,10.441412,,,0.626817,13.718681,11.068228999999999,14.345498,24.78691,0.0,0.0,0.0,-0.0,0.0,24.78691
run_004,revocation,revocation_1773040928,revoke-irs3-1773040928,revoke-irs3-1773040928,,2624a2fad952c568118ed8083da99d9aafcca5dabab5bc7182d087d589e0eab5,6efeb19f45f676f2eb5c70d087f8dd13e5d38234d8f1758aa87598470ac5db84,success,,2026-03-09 07:22:08.304858+00:00,2026-03-09 07:22:18.852657+00:00,2026-03-09 07:22:10.549675+00:00,2026-03-09 07:22:12.925234+00:00,2026-03-09 07:22:17.381931+00:00,,,,,,,,1,0,0,0,{},,,,,,,,,,,,,0,0,,no_height_metric,4,10.547799,2.244817,2.375559,4.456697,,,,,,,,1.470726,,,,9.077073,,,1.470726,,10.547799000000001,1.470726,10.547799000000001,-1.7763568394002505e-15,0.0,0.0,1.7763568394002505e-15,0.0,10.547799000000001
run_004,removal,removal_1773040957,remove-irs3-member1-1773040957,remove-irs3-member1-1773040957,13.0,6188fc945a942ce35ed918bc008ebbb2cfb69f96ef4fe17a6331cd67ce8a90c8,e43acc13d5516ab5ddf855e6b15d53d6e4eade8b4eda180ccd50fc2aaaa82a94,success,,2026-03-09 07:22:37.721727+00:00,2026-03-09 07:23:26.814869+00:00,2026-03-09 07:22:39.999787+00:00,2026-03-09 07:22:42.852731+00:00,2026-03-09 07:22:47.346610+00:00,,2026-03-09 07:23:25.063876+00:00,,2026-03-09 07:23:26.814053+00:00,,,,1,0,0,0,{},,,0.0,38.52089285850525,0.0,0.0029058456420898,0.0,38.52379870414734,,,,,0,0,,no_height_metric,4,49.093142,2.27806,2.852944,4.493879,,,37.717266,,1.750993,1.750177,0.000816,39.468259,,,,9.624883,37.717266,1.750177,0.000816,39.467443,9.625699000000001,39.468259,49.093142,0.0,0.0,0.0,-0.0,0.0,49.093142
run_004,join,join_1773041025,join-irs3-1773041025,join-irs3-1773041025,14.0,e879444ddda1924372e723ca70fb8e85f957ccbe21b511e7599a4da960c852c5,,success,,2026-03-09 07:23:45.694770+00:00,2026-03-09 07:24:40.799677+00:00,2026-03-09 07:23:47.937587+00:00,2026-03-09 07:23:50.519352+00:00,2026-03-09 07:23:53.061759+00:00,2026-03-09 07:24:07.800370+00:00,2026-03-09 07:24:28.537791+00:00,,2026-03-09 07:24:40.799012+00:00,,,,1,0,0,0,{},,,0.0,46.59559345245361,0.0,0.002854585647583,0.0,46.5984480381012,,,,,0,0,,no_height_metric,4,55.104907,2.242817,2.581765,2.542407,,14.738611,35.476032,20.737421,12.261886,12.261221,0.000665,47.737918,,,,7.366988999999999,35.476032000000004,12.261221,0.000665,47.737253,7.367653999999999,47.737918,55.104907000000004,-7.105427357601002e-15,0.0,0.0,7.105427357601002e-15,0.0,55.104907000000004
run_005,csr,csr_1773041089,csr-irs3-1773041089,csr-irs3-1773041089,,eb4db11856b6456638907709dfc13952d8680fd3f3e36d5e4bbc9adc1eb73fd6,ca20ed41556adcbb50d06ad19a35640475d61de8b244a416974bd557e0b4d9f5,success,,2026-03-09 07:24:49.273097+00:00,2026-03-09 07:25:14.156295+00:00,2026-03-09 07:24:49.388988+00:00,2026-03-09 07:24:53.862729+00:00,2026-03-09 07:24:59.787512+00:00,,,2026-03-09 07:25:13.964718+00:00,,2026-03-09 07:25:14.155690+00:00,,,1,0,0,0,{},0.0,0.0027363300323486,,,,,0.0,0.0027363300323486,,,,,0,0,,no_height_metric,5,24.883198,0.115891,4.473741,5.924783,14.177206,,,,,,,14.368783,0.191577,0.190972,0.000605,10.514415,,,0.191577,14.177206,10.705992,14.368783,24.883198,0.0,0.0,0.0,-0.0,0.0,24.883198
run_005,revocation,revocation_1773041135,revoke-irs3-1773041135,revoke-irs3-1773041135,,8ff711dcd3cc2a88bfc0f3a5bb7b084cdc3f65e9aa19b95a307c0336bdad6042,5288976cd685f6de7f0395ed66023ffb4cc5f47f7a15aac5bab8ac8c0eda3e6b,success,,2026-03-09 07:25:35.152221+00:00,2026-03-09 07:25:45.680069+00:00,2026-03-09 07:25:37.385725+00:00,2026-03-09 07:25:39.896949+00:00,2026-03-09 07:25:44.880443+00:00,,,,,,,,1,0,0,0,{},,,,,,,,,,,,,0,0,,no_height_metric,5,10.527848,2.233504,2.511224,4.983494,,,,,,,,0.799626,,,,9.728222,,,0.799626,,10.527848,0.799626,10.527848,0.0,0.0,0.0,-0.0,0.0,10.527848
run_005,removal,removal_1773041164,remove-irs3-member1-1773041164,remove-irs3-member1-1773041164,15.0,da33e6fb0145269f859d51d9ec8b76c355af5327e52439aa7f3bafd246ce6fe3,49453ce4ada23a12a58eba6d2723adf52e5d1c6babd0d7b6f2742885fa7bb779,success,,2026-03-09 07:26:04.598006+00:00,2026-03-09 07:26:53.751074+00:00,2026-03-09 07:26:06.891438+00:00,2026-03-09 07:26:09.126870+00:00,2026-03-09 07:26:13.948198+00:00,,2026-03-09 07:26:52.916267+00:00,,2026-03-09 07:26:53.750369+00:00,,,,1,0,0,0,{},,,0.0,38.53923225402832,0.0,0.0028486251831054,0.0,38.54208087921143,,,,,0,0,,no_height_metric,5,49.153068,2.293432,2.235432,4.821328,,,38.968069,,0.834807,0.834102,0.000705,39.802876,,,,9.350192,38.968069,0.834102,0.000705,39.802171,9.350897,39.802876000000005,49.153068000000005,-7.105427357601002e-15,0.0,0.0,7.105427357601002e-15,0.0,49.153068000000005
run_005,join,join_1773041232,join-irs3-1773041232,join-irs3-1773041232,16.0,5ec6ee2fdbe97f6cb3af5f9ba9001582c02019bc92e6858e831a4590d680c4ab,,success,,2026-03-09 07:27:12.617148+00:00,2026-03-09 07:28:07.963657+00:00,2026-03-09 07:27:14.993760+00:00,2026-03-09 07:27:17.554081+00:00,2026-03-09 07:27:19.757106+00:00,2026-03-09 07:27:34.802303+00:00,2026-03-09 07:27:55.487049+00:00,,2026-03-09 07:28:07.962925+00:00,,,,1,0,0,0,{},,,0.0,46.68467807769776,0.0,0.0027227401733398,0.0,46.68740081787109,,,,,0,0,,no_height_metric,5,55.346509,2.376612,2.560321,2.203025,,15.045197,35.729943,20.684746,12.476608,12.475876,0.000732,48.206551,,,,7.139958,35.729943,12.475876,0.000732,48.205819,7.14069,48.206551,55.346509,0.0,0.0,0.0,-0.0,0.0,55.346509
run_006,csr,csr_1773041296,csr-irs3-1773041296,csr-irs3-1773041296,,5f6570b85d3385fd019a9f47d7e43d868a4bcd75ffd3872f5d9d6d243f28f6bf,e3c9e421cc03488704a0c7076ded8594591fc18648e6661da00f93e64a8a84eb,success,,2026-03-09 07:28:16.480183+00:00,2026-03-09 07:28:41.415082+00:00,2026-03-09 07:28:16.602666+00:00,2026-03-09 07:28:21.158205+00:00,2026-03-09 07:28:26.939646+00:00,,,2026-03-09 07:28:40.637988+00:00,,2026-03-09 07:28:41.414413+00:00,,,1,0,0,0,{},0.0,0.0034518241882324,,,,,0.0,0.0034518241882324,,,,,0,0,,no_height_metric,6,24.934899,0.122483,4.555539,5.781441,13.698342,,,,,,,14.475436,0.777094,0.776425,0.000669,10.459463,,,0.777094,13.698342,11.236557,14.475436,24.934899,0.0,0.0,0.0,-0.0,0.0,24.934899
run_006,revocation,revocation_1773041342,revoke-irs3-1773041342,revoke-irs3-1773041342,,c914d4cadb4e12d9bc02ef0931f6593df515ab883f47a841cc7f09bd5af51791,6ef3677d5613c035a24d4212e1ac069c73eb4fe5d31df1c462a6203bea6904d1,success,,2026-03-09 07:29:02.403841+00:00,2026-03-09 07:29:12.963882+00:00,2026-03-09 07:29:04.644023+00:00,2026-03-09 07:29:06.947806+00:00,2026-03-09 07:29:11.895736+00:00,,,,,,,,1,0,0,0,{},,,,,,,,,,,,,0,0,,no_height_metric,6,10.560041,2.240182,2.303783,4.94793,,,,,,,,1.068146,,,,9.491895,,,1.068146,,10.560041,1.068146,10.560041,0.0,0.0,0.0,-0.0,0.0,10.560041
run_006,removal,removal_1773041371,remove-irs3-member1-1773041371,remove-irs3-member1-1773041371,17.0,5baef9ccbcbebecc611d5199dcc2f80cc4a2f6f06e513fe37a0b39d191af5b78,9273800e79937c226658c23199c7eb92b2852502ccfa601ac24712ef9210c562,success,,2026-03-09 07:29:31.886175+00:00,2026-03-09 07:30:20.987902+00:00,2026-03-09 07:29:34.165763+00:00,2026-03-09 07:29:36.871434+00:00,2026-03-09 07:29:41.376833+00:00,,2026-03-09 07:30:20.041910+00:00,,2026-03-09 07:30:20.987109+00:00,,,,1,0,0,0,{},,,0.0,38.52453088760376,0.0,0.0029976367950439,0.0,38.5275285243988,,,,,0,0,,no_height_metric,6,49.101727,2.279588,2.705671,4.505399,,,38.665077,,0.945992,0.945199,0.000793,39.611069,,,,9.490658,38.665077,0.945199,0.000793,39.610276,9.491451,39.611069,49.101727,0.0,0.0,0.0,-0.0,0.0,49.101727
run_006,join,join_1773041439,join-irs3-1773041439,join-irs3-1773041439,18.0,4ee34f806a69bf600ff32dc4804d48f4598a1ee0396f395ffb322d6e8336ff60,,success,,2026-03-09 07:30:39.865446+00:00,2026-03-09 07:31:35.063768+00:00,2026-03-09 07:30:42.139919+00:00,2026-03-09 07:30:44.514593+00:00,2026-03-09 07:30:47.003405+00:00,2026-03-09 07:31:01.808054+00:00,2026-03-09 07:31:22.418619+00:00,,2026-03-09 07:31:35.062992+00:00,,,,1,0,0,0,{},,,0.0,46.64990401268005,0.0,0.0030968189239501,0.0,46.653000831604,,,,,0,0,,no_height_metric,6,55.198322,2.274473,2.374674,2.488812,,14.804649,35.415214,20.610565,12.645149,12.644373,0.000776,48.060363,,,,7.137959,35.415214,12.644373,0.000776,48.059587,7.1387350000000005,48.060363,55.198322000000005,-7.105427357601002e-15,0.0,0.0,7.105427357601002e-15,0.0,55.198322000000005
run_007,csr,csr_1773041503,csr-irs3-1773041503,csr-irs3-1773041503,,c8d7b1be5bafff63f1932ed4e53be89e979922266835cbe9c61be078a92b183c,4c272aafd025147357e484aa9035e5b91a0bdf8c943b7280d1655624d0b0759f,success,,2026-03-09 07:31:43.532867+00:00,2026-03-09 07:32:08.371829+00:00,2026-03-09 07:31:43.661610+00:00,2026-03-09 07:31:48.165703+00:00,2026-03-09 07:31:53.975804+00:00,,,2026-03-09 07:32:07.784004+00:00,,2026-03-09 07:32:08.371108+00:00,,,1,0,0,0,{},0.0,0.0031261444091796,,,,,0.0,0.0031261444091796,,,,,0,0,,no_height_metric,7,24.838962,0.128743,4.504093,5.810101,13.8082,,,,,,,14.396025,0.587825,0.587104,0.000721,10.442937,,,0.587825,13.8082,11.030762000000001,14.396025,24.838962000000002,-3.552713678800501e-15,0.0,0.0,3.552713678800501e-15,0.0,24.838962000000002
run_007,revocation,revocation_1773041549,revoke-irs3-1773041549,revoke-irs3-1773041549,,ccbd72601f6bdcf6cba54d61a21538794d8a595cceeea0f4066d90ff998440f5,36232b2be5ea933488c37313edbeec4edb4e9b20e943c4f1ece708df70692e4f,success,,2026-03-09 07:32:29.375904+00:00,2026-03-09 07:32:39.942967+00:00,2026-03-09 07:32:31.622124+00:00,2026-03-09 07:32:33.965423+00:00,2026-03-09 07:32:38.390581+00:00,,,,,,,,1,0,0,0,{},,,,,,,,,,,,,0,0,,no_height_metric,7,10.567063,2.24622,2.343299,4.425158,,,,,,,,1.552386,,,,9.014676999999999,,,1.552386,,10.567063,1.552386,10.567063,0.0,0.0,0.0,-0.0,0.0,10.567063
run_007,removal,removal_1773041578,remove-irs3-member1-1773041578,remove-irs3-member1-1773041578,19.0,baa33086e67223f00b37ad1c8cf4c8f62bbfabf76d879870a241e367b12e532f,466d024642381d39d4d5108c40451d93174f488986f4a4d9853092e67df09cfe,success,,2026-03-09 07:32:58.882786+00:00,2026-03-09 07:33:47.995892+00:00,2026-03-09 07:33:01.161442+00:00,2026-03-09 07:33:03.902025+00:00,2026-03-09 07:33:08.787788+00:00,,2026-03-09 07:33:46.532809+00:00,,2026-03-09 07:33:47.995174+00:00,,,,1,0,0,0,{},,,0.0,38.545490741729736,0.0,0.0028724670410156,0.0,38.54836320877075,,,,,0,0,,no_height_metric,7,49.113106,2.278656,2.740583,4.885763,,,37.745021,,1.463083,1.462365,0.000718,39.208104,,,,9.905002,37.745021,1.462365,0.000718,39.207386,9.90572,39.208104,49.113106,0.0,0.0,0.0,-0.0,0.0,49.113106
run_007,join,join_1773041646,join-irs3-1773041646,join-irs3-1773041646,20.0,797f31a14d9fde9312843a37effbc0e61dbe60010e714424eae6e1c223b7219c,,success,,2026-03-09 07:34:06.876063+00:00,2026-03-09 07:35:02.033248+00:00,2026-03-09 07:34:09.141846+00:00,2026-03-09 07:34:11.536780+00:00,2026-03-09 07:34:13.811264+00:00,2026-03-09 07:34:28.804974+00:00,2026-03-09 07:34:48.166443+00:00,,2026-03-09 07:35:02.032570+00:00,,,,1,0,0,0,{},,,0.0,46.626381158828735,0.0,0.0025076866149902,0.0,46.628888845443726,,,,,0,0,,no_height_metric,7,55.157185,2.265783,2.394934,2.274484,,14.99371,34.355179,19.361469,13.866805,13.866127,0.000678,48.221984,,,,6.935201,34.355179,13.866127,0.000678,48.221306,6.935879,48.221984,55.157185,0.0,0.0,0.0,-0.0,0.0,55.157185
run_008,csr,csr_1773041710,csr-irs3-1773041710,csr-irs3-1773041710,,1707d46f9b59affb161e3e763bddae69c3daf5df92115addcc0300bd3632766e,92924e891cd9e57b4d48a5cc6d5b7a139893d79d8c7d4d97fe5d3b74d6877a9b,success,,2026-03-09 07:35:10.570105+00:00,2026-03-09 07:35:37.462875+00:00,2026-03-09 07:35:10.702343+00:00,2026-03-09 07:35:15.151286+00:00,2026-03-09 07:35:20.994763+00:00,,,2026-03-09 07:35:36.971949+00:00,,2026-03-09 07:35:37.462128+00:00,,,1,0,0,0,{},0.0,0.0026099681854248,,,,,0.0,0.0026099681854248,,,,,0,0,,no_height_metric,8,26.89277,0.132238,4.448943,5.843477,15.977186,,,,,,,16.468112,0.490926,0.490179,0.000747,10.424658,,,0.490926,15.977186,10.915584,16.468111999999998,26.89277,0.0,0.0,0.0,-0.0,0.0,26.89277
run_008,revocation,revocation_1773041758,revoke-irs3-1773041758,revoke-irs3-1773041758,,f211d601b1c7de7e285e52fa4f55c8cfaa39033b36358a6d57e86c867de0c3df,904ec3d9724fb6723f2f3bed6f392505eb6fb260b3995a94e7074ca38dfc5552,success,,2026-03-09 07:35:58.483815+00:00,2026-03-09 07:36:09.037101+00:00,2026-03-09 07:36:00.727536+00:00,2026-03-09 07:36:03.004647+00:00,2026-03-09 07:36:07.808096+00:00,,,,,,,,1,0,0,0,{},,,,,,,,,,,,,0,0,,no_height_metric,8,10.553286,2.243721,2.277111,4.803449,,,,,,,,1.229005,,,,9.324281,,,1.229005,,10.553286,1.229005,10.553286,0.0,0.0,0.0,-0.0,0.0,10.553286
run_008,removal,removal_1773041787,remove-irs3-member1-1773041788,remove-irs3-member1-1773041788,21.0,92f905f4f03991498b6c41036f92631dba2ff7785905ce96c874593ebe8ba286,490588683df035abf96a00d86d04ce6caad163201ea920014aa996dc3df484d9,success,,2026-03-09 07:36:27.984103+00:00,2026-03-09 07:37:17.061926+00:00,2026-03-09 07:36:30.247467+00:00,2026-03-09 07:36:32.532026+00:00,2026-03-09 07:36:37.514510+00:00,,2026-03-09 07:37:16.532142+00:00,,2026-03-09 07:37:17.061160+00:00,,,,1,0,0,0,{},,,0.0,38.52386641502381,0.0,0.0025646686553955,0.0,38.5264310836792,,,,,0,0,,no_height_metric,8,49.077823,2.263364,2.284559,4.982484,,,39.017632,,0.529784,0.529018,0.000766,39.547416,,,,9.530407,39.017632,0.529018,0.000766,39.54665,9.531173,39.547416,49.077823,0.0,0.0,0.0,-0.0,0.0,49.077823
run_008,join,join_1773041855,join-irs3-1773041856,join-irs3-1773041856,22.0,5574bd9107f3ca4ca3f933b85224516ab045dcd2a2ace34f0861d3e0dbccc85d,,success,,2026-03-09 07:37:35.995122+00:00,2026-03-09 07:38:39.225173+00:00,2026-03-09 07:37:38.266200+00:00,2026-03-09 07:37:40.756576+00:00,2026-03-09 07:37:43.163637+00:00,2026-03-09 07:37:58.810038+00:00,2026-03-09 07:38:19.259559+00:00,,2026-03-09 07:38:39.224291+00:00,,,,1,0,0,0,{},,,0.0,52.68625211715698,0.0029888153076171,2.005760908126831,0.0029888153076171,54.69201302528381,,,,,0,0,,no_height_metric,8,63.230051,2.271078,2.490376,2.407061,,15.646401,36.095922,20.449521,19.965614,19.964732,0.000882,56.061536,,,,7.168515000000001,36.095922,19.964732,0.000882,56.060654,7.169397000000001,56.061536,63.230051,0.0,0.0,0.0,-0.0,0.0,63.230051
run_009,csr,csr_1773041927,csr-irs3-1773041927,csr-irs3-1773041927,,a8511748c0b716695a68bbcfcb3745ab437516ae1f9ff2b75d7eccbe46bcbf0e,fab28b9f84f2e6bc9a8f231f7e3b4905643b5d11f864a74bb92864795c25470f,success,,2026-03-09 07:38:47.817693+00:00,2026-03-09 07:39:14.714719+00:00,2026-03-09 07:38:47.937459+00:00,2026-03-09 07:38:52.715901+00:00,2026-03-09 07:38:58.292230+00:00,,,2026-03-09 07:39:13.216170+00:00,,2026-03-09 07:39:14.714096+00:00,,,1,0,0,0,{},0.0,0.00260591506958,,,,,0.0,0.00260591506958,,,,,0,0,,no_height_metric,9,26.897026,0.119766,4.778442,5.576329,14.92394,,,,,,,16.422489,1.498549,1.497926,0.000623,10.474537000000002,,,1.498549,14.92394,11.973086000000002,16.422489,26.897026000000004,-3.552713678800501e-15,0.0,0.0,3.552713678800501e-15,0.0,26.897026000000004
run_009,revocation,revocation_1773041975,revoke-irs3-1773041975,revoke-irs3-1773041975,,2790e80eae32024f1ea946ced34dd29b9d0a47f8d845d8536ba9284198e81455,69a348f1b7a164a31034db0503d2edee575bf19bdf58dc4f296beb54a31cfb45,success,,2026-03-09 07:39:35.745311+00:00,2026-03-09 07:39:46.280969+00:00,2026-03-09 07:39:37.972555+00:00,2026-03-09 07:39:40.838450+00:00,2026-03-09 07:39:45.955450+00:00,,,,,,,,1,0,0,0,{},,,,,,,,,,,,,0,0,,no_height_metric,9,10.535658,2.227244,2.865895,5.117,,,,,,,,0.325519,,,,10.210139,,,0.325519,,10.535658,0.325519,10.535658,0.0,0.0,0.0,-0.0,0.0,10.535658
run_009,removal,removal_1773042005,remove-irs3-member1-1773042005,remove-irs3-member1-1773042005,23.0,9f739a96fad684248325ff35d5a0dd0c4170a1d124d173a008e8d4da456c466f,97d090f79688860561437f1bd325e6334e43fbe5c4659b0b2daf8ebb60e6f7ac,success,,2026-03-09 07:40:05.243663+00:00,2026-03-09 07:40:54.339498+00:00,2026-03-09 07:40:07.521778+00:00,2026-03-09 07:40:09.839346+00:00,2026-03-09 07:40:14.337245+00:00,,2026-03-09 07:40:52.312910+00:00,,2026-03-09 07:40:54.338684+00:00,,,,1,0,0,0,{},,,0.0,38.53143334388733,0.0,0.0029382705688476,0.0,38.53437161445618,,,,,0,0,,no_height_metric,9,49.095835,2.278115,2.317568,4.497899,,,37.975665,,2.026588,2.025774,0.000814,40.002253,,,,9.093582000000001,37.975665,2.025774,0.000814,40.001439,9.094396000000001,40.002252999999996,49.095835,0.0,0.0,0.0,-0.0,0.0,49.095835
run_009,join,join_1773042073,join-irs3-1773042073,join-irs3-1773042073,24.0,e8fc234cf8cf91225a18641b6ff53796faf14e87452dd6373b9fb2541639d5e6,,success,,2026-03-09 07:41:13.245452+00:00,2026-03-09 07:42:14.560896+00:00,2026-03-09 07:41:15.519750+00:00,2026-03-09 07:41:17.890539+00:00,2026-03-09 07:41:20.332402+00:00,2026-03-09 07:41:37.782507+00:00,2026-03-09 07:42:01.687729+00:00,,2026-03-09 07:42:14.560180+00:00,,,,1,0,0,0,{},,,0.0,52.76919960975647,0.0,0.0027282238006591,0.0,52.77192783355713,,,,,0,0,,no_height_metric,9,61.315444,2.274298,2.370789,2.441863,,17.450105,41.355327,23.905222,12.873167,12.872451,0.000716,54.228494,,,,7.08695,41.355327,12.872451,0.000716,54.227778,7.087666,54.228494,61.315444,0.0,0.0,0.0,-0.0,0.0,61.315444
run_010,csr,csr_1773042143,csr-irs3-1773042143,csr-irs3-1773042143,,e1f7a57795ca2ca8131140db59899f539fbdea732b0b04d44d65093707f11f53,66d92d68b575f9211e0715823d8076fad2a112b0b6ef083adb88b78df0c48edf,success,,2026-03-09 07:42:23.180419+00:00,2026-03-09 07:42:50.083685+00:00,2026-03-09 07:42:23.308221+00:00,2026-03-09 07:42:27.846979+00:00,2026-03-09 07:42:33.514669+00:00,,,2026-03-09 07:42:48.865984+00:00,,2026-03-09 07:42:50.083024+00:00,,,1,0,0,0,{},0.0,0.0027835369110107,,,,,0.0,0.0027835369110107,,,,,0,0,,no_height_metric,10,26.903266,0.127802,4.538758,5.66769,15.351315,,,,,,,16.569016,1.217701,1.21704,0.000661,10.33425,,,1.217701,15.351315,11.551951,16.569015999999998,26.903266000000002,-3.552713678800501e-15,0.0,0.0,3.552713678800501e-15,0.0,26.903266000000002
run_010,revocation,revocation_1773042191,revoke-irs3-1773042191,revoke-irs3-1773042191,,a7a6b694e4c741dc2f3b6d4400bc615b24687f5c2d44e1b945dfd3137cb0f55f,84e1fe22567b2ee991f4a59bfa8ced112d2b3d78187cf9eaaae6abb1e5c9edab,success,,2026-03-09 07:43:11.116974+00:00,2026-03-09 07:43:21.692080+00:00,2026-03-09 07:43:13.376596+00:00,2026-03-09 07:43:15.948968+00:00,2026-03-09 07:43:20.906791+00:00,,,,,,,,1,0,0,0,{},,,,,,,,,,,,,0,0,,no_height_metric,10,10.575106,2.259622,2.572372,4.957823,,,,,,,,0.785289,,,,9.789817,,,0.785289,,10.575106,0.785289,10.575106,0.0,0.0,0.0,-0.0,0.0,10.575106
run_010,removal,removal_1773042220,remove-irs3-member1-1773042220,remove-irs3-member1-1773042220,25.0,28cfaf128cad810470357dcf47045f108a3b65c0b8f098e8acc992f32ec69c11,f4ac9e68d9473988a36f8ea1272214f567e5d5436a4420273c1f222e1ceb5acc,success,,2026-03-09 07:43:40.637812+00:00,2026-03-09 07:44:31.783241+00:00,2026-03-09 07:43:42.930833+00:00,2026-03-09 07:43:45.238243+00:00,2026-03-09 07:43:50.016008+00:00,,2026-03-09 07:44:30.541009+00:00,,2026-03-09 07:44:31.782518+00:00,,,,1,0,0,0,{},,,0.0,40.5676109790802,0.0,0.0027487277984619,0.0,40.57035970687866,,,,,0,0,,no_height_metric,10,51.145429,2.293021,2.30741,4.777765,,,40.525001,,1.242232,1.241509,0.000723,41.767233,,,,9.378195999999999,40.525001,1.241509,0.000723,41.766510000000004,9.378919,41.767233000000004,51.14542900000001,-7.105427357601002e-15,0.0,0.0,7.105427357601002e-15,0.0,51.14542900000001
run_010,join,join_1773042290,join-irs3-1773042290,join-irs3-1773042290,26.0,89824ed44f6e21b65c47efd0ceb9c8a448a277b9946afd66a277b4b4f8081f05,,success,,2026-03-09 07:44:50.722975+00:00,2026-03-09 07:45:52.022145+00:00,2026-03-09 07:44:52.990342+00:00,2026-03-09 07:44:55.729564+00:00,2026-03-09 07:44:58.129442+00:00,2026-03-09 07:45:13.799504+00:00,2026-03-09 07:45:35.170204+00:00,,2026-03-09 07:45:52.021383+00:00,,,,1,0,0,0,{},,,0.0,52.76485872268677,0.0,0.0026097297668457,0.0,52.76746845245361,,,,,0,0,,no_height_metric,10,61.29917,2.267367,2.739222,2.399878,,15.670062,37.040762,21.3707,16.851941,16.851179,0.000762,53.892703,,,,7.406467,37.040762,16.851179,0.000762,53.891941,7.407229,53.892703000000004,61.299170000000004,-7.105427357601002e-15,0.0,0.0,7.105427357601002e-15,0.0,61.299170000000004
