run_id,workflow_base,operation_id,proposal_id,action,event_name,tx_id,block_number,tx_envelope_bytes,tx_payload_bytes,block_bytes,block_data_bytes,block_overhead_bytes,block_tx_count,block_shared_overhead_per_tx_bytes,tx_index_in_block
run_001,csr,csr-irs3-1772868265,csr-irs3-1772868265,csr_submitted,CSRSubmitted,fc1070036552fc253b45262a4d2b5208e345b71b359f71799ae88346566701bd,236,7507,7431,8477,7507,970,1,970,0
run_001,csr,csr-irs3-1772868265,csr-irs3-1772868265,csr_voted,CSRVoted,64256d169039ac23e75acceb81e4c34780e62602701df4d2a0195f12965ed215,237,7779,7704,39863,38875,988,5,197.6,0
run_001,csr,csr-irs3-1772868265,csr-irs3-1772868265,csr_voted,CSRVoted,58028e213ef52249fb37e510bbf39f125b13adc8ceae607307a4fe4d5175c380,238,7950,7875,32798,31814,984,4,246,0
run_001,csr,csr-irs3-1772868265,csr-irs3-1772868265,signing_initiated,SigningInitiated,bad452279d9170c9046fe084892b6358d5f98b69392ae36d88826659f8373abb,239,7854,7779,24532,23552,980,3,326.666667,0
run_001,csr,csr-irs3-1772868265,csr-irs3-1772868265,signing_initiated,SigningInitiated,fee77cb4a64b71738b235edc0f43d981948aefa0ea7f1dc942dfa10690cc1b5e,240,8037,7962,17048,16074,974,2,487,0
run_001,csr,csr-irs3-1772868265,csr-irs3-1772868265,signing_initiated,SigningInitiated,d4183eb1aff11defa37121fb92fc54ac90ca6e6a90b8b1363a07336de77e99a8,241,8215,8140,37049,36057,992,6,165.333333,0
run_001,csr,csr-irs3-1772868265,csr-irs3-1772868265,threshold_reached,ThresholdReached,646c9e80886350d83312611f986df227b41596aaf85326855c913199a8716e45,243,6336,6260,26332,25349,983,4,245.75,0
run_001,csr,csr-irs3-1772868265,csr-irs3-1772868265,certificate_registered,CertificateRegistered,cdd560a53ad472e222930bb6084f33c038848b001d7e57a8f0a017531471191b,244,12869,12794,26721,25746,975,2,487.5,0
run_001,revocation,revoke-irs3-1772868304,revoke-irs3-1772868304,revocation_proposed,RevocationProposed,72a892b813d8d4285a7d27edda396fe8037c76d47fc16f5e0eee6b5a3b8752d0,246,6156,6080,7126,6156,970,1,970,0
run_001,revocation,revoke-irs3-1772868304,revoke-irs3-1772868304,revocation_voted,RevocationVoted,fc4fb06cdb7ab2706f0b2bbac22ff26177e5f4eff29f08d6dbe54992eb09fab2,247,6716,6641,34559,33572,987,5,197.4,0
run_001,revocation,revoke-irs3-1772868304,revoke-irs3-1772868304,revocation_voted,RevocationVoted,46d431e3a615bc48746da587b285633ecff56daf119e7eef7332b2f39765ea29,248,6892,6816,28560,27576,984,4,246,0
run_001,revocation,revoke-irs3-1772868304,revoke-irs3-1772868304,certificate_revoked,NodeRevoked,7bad275c5661f8a770ed5c33c38093f349a169a87c688b77e7249c3fb4b0bb20,249,10735,10659,33176,32196,980,3,326.666667,0
run_001,removal,remove-irs3-member1-1772868323,remove-irs3-member1-1772868323,member_removal_proposed,MemberRemovalProposed,29cb5d11604711f013fa42410394954cb8543091a974b351b39e498b468c04f3,250,6588,6513,7559,6588,971,1,971,0
run_001,removal,remove-irs3-member1-1772868323,remove-irs3-member1-1772868323,member_removal_voted,MemberRemovalVoted,041aa19f5841d32c0469b11f4648617e5f4a7bc5b836c82c6cf1f2ca5ac7e643,251,6999,6924,35982,34995,987,5,197.4,0
run_001,removal,remove-irs3-member1-1772868323,remove-irs3-member1-1772868323,member_removal_voted,MemberRemovalVoted,696f101105e5c848feaa918981610ee7899637ef4214a885004bdc956f5cadda,252,7180,7105,29699,28715,984,4,246,0
run_001,removal,remove-irs3-member1-1772868323,remove-irs3-member1-1772868323,member_removed,MemberRemoved,162b7224b3fbb8d2b843bea8754e85d4ceead327d3d6027e52fb6b691fd883db,253,10256,10180,31749,30769,980,3,326.666667,0
run_001,join,join-irs3-1772868378,join-irs3-1772868378,member_join_requested,MemberJoinRequested,7116b1ed1eb2e241595adc655dcf5b312f4913252ac360f1b697aef3e0fd5dbc,262,7013,6937,7983,7013,970,1,970,0
run_001,join,join-irs3-1772868378,join-irs3-1772868378,member_join_voted,MemberJoinVoted,d4829e776e120c915cf5a13ae30183bff9d9dd7c37be3b992e2139579a904065,263,7728,7653,24176,23196,980,3,326.666667,0
run_001,join,join-irs3-1772868378,join-irs3-1772868378,member_join_approved,MemberJoinApproved,201ff7736c136b575f299743dc1c5de8fcb6934eda201c998115d77b5c9e38ca,264,11207,11131,34611,33632,979,3,326.333333,0
run_002,csr,csr-irs3-1772868441,csr-irs3-1772868441,csr_submitted,CSRSubmitted,2e423a432e79ac61ba77476500a83f6c6b0e70f4ea0340f68171cbd7031fa989,275,7513,7437,8483,7513,970,1,970,0
run_002,csr,csr-irs3-1772868441,csr-irs3-1772868441,csr_voted,CSRVoted,eed869d26907f84b2e59f06d682960b10bb3e540cb009d55b9727bd6e052e236,276,7779,7704,24322,23343,979,3,326.333333,0
run_002,csr,csr-irs3-1772868441,csr-irs3-1772868441,csr_voted,CSRVoted,bb0463d2bc821411f286b1e0fe15dbe3903d0da2c774ab2cd1b7612c97c6491a,277,7954,7878,32818,31835,983,4,245.75,0
run_002,csr,csr-irs3-1772868441,csr-irs3-1772868441,signing_initiated,SigningInitiated,0587f5771c5f350fe901eafab46352e194c591f60bc472eca3d77d818bf161b1,278,7857,7781,24549,23569,980,3,326.666667,0
run_002,csr,csr-irs3-1772868441,csr-irs3-1772868441,signing_initiated,SigningInitiated,1cb294dee396fdeacb83c0f8b18a3c110ce5460d9b08c24e4e403b8bd38e035b,279,8046,7971,17064,16089,975,2,487.5,0
run_002,csr,csr-irs3-1772868441,csr-irs3-1772868441,signing_initiated,SigningInitiated,8e540605cb6d2154c10ab7cd06ae938039f4e72ddec3350b26564b96d5635828,280,8212,8136,9182,8212,970,1,970,0
run_002,csr,csr-irs3-1772868441,csr-irs3-1772868441,threshold_reached,ThresholdReached,15368205878239e4705f94bd1f6ab5bfa3ed9d2bc7afc85b40824bb5c9fe61e9,282,6339,6263,26314,25331,983,4,245.75,0
run_002,csr,csr-irs3-1772868441,csr-irs3-1772868441,certificate_registered,CertificateRegistered,10b42d1b32628ab0b15bb12c88266787d450827f184aa2ba4107f08c7cc3277c,283,12876,12801,26730,25754,976,2,488,0
run_002,revocation,revoke-irs3-1772868478,revoke-irs3-1772868478,revocation_proposed,RevocationProposed,19b903117d9da5fc2e095623ad8662692d4550d619e31c01c437be36bf17ec88,285,6157,6081,7128,6157,971,1,971,0
run_002,revocation,revoke-irs3-1772868478,revoke-irs3-1772868478,revocation_voted,RevocationVoted,a7b48f74014f11318a8c4cd30149dd0c0254b7ecf89044080331023ee7a58507,286,6713,6638,34559,33572,987,5,197.4,0
run_002,revocation,revoke-irs3-1772868478,revoke-irs3-1772868478,revocation_voted,RevocationVoted,e6a0134afd0529cdf05cf1dc913b5bc4cfed5b87d1c3c774573bc31613fb2fc3,287,6895,6820,28564,27581,983,4,245.75,0
run_002,revocation,revoke-irs3-1772868478,revoke-irs3-1772868478,certificate_revoked,NodeRevoked,0a4724adf83e6f03c3290d1f9934e6cad14bbc81fbf90ccbdce8290117665128,288,10732,10656,33178,32199,979,3,326.333333,0
run_002,removal,remove-irs3-member1-1772868497,remove-irs3-member1-1772868497,member_removal_proposed,MemberRemovalProposed,051a29441b5613edf16326013da7858ab0c86bfd11aa11646c299742195b04bd,289,6735,6659,7706,6735,971,1,971,0
run_002,removal,remove-irs3-member1-1772868497,remove-irs3-member1-1772868497,member_removal_voted,MemberRemovalVoted,6f7d8d0f744b1f168abe165c0e0e4cebf21dc2b21ecf0d872355682a11f1fa34,290,7037,6961,29131,28147,984,4,246,0
run_002,removal,remove-irs3-member1-1772868497,remove-irs3-member1-1772868497,member_removal_voted,MemberRemovalVoted,75f7061a3f4e9a62dbf7b731dac7dc9e736bdfdaa6f50f0a2d210fc8d1ce0ba1,291,7215,7140,29850,28867,983,4,245.75,0
run_002,removal,remove-irs3-member1-1772868497,remove-irs3-member1-1772868497,member_removed,MemberRemoved,f522dc3f22aca6b95e04e4b0fd3d19d226eb84a878bfb4d59836b971bee06eaa,292,10302,10227,31883,30904,979,3,326.333333,0
run_002,join,join-irs3-1772868554,join-irs3-1772868554,member_join_requested,MemberJoinRequested,71b7e83ff0ed7d838a81016144b5832abf60d31b762c65a38d2253fb4792da1f,301,7164,7089,8134,7164,970,1,970,0
run_002,join,join-irs3-1772868554,join-irs3-1772868554,member_join_voted,MemberJoinVoted,972ba79072fccd5124f6de70cb1abd1aa904d25a18e5d2092f795db9e694c3ea,302,7769,7694,24284,23305,979,3,326.333333,0
run_002,join,join-irs3-1772868554,join-irs3-1772868554,member_join_approved,MemberJoinApproved,27bcf7a9a7e7fee086d71f9938e8ee0d5abc29d7e3ca6be305eb8d08eb87d6b1,303,11255,11180,31264,30285,979,3,326.333333,1
run_003,csr,csr-irs3-1772868619,csr-irs3-1772868619,csr_submitted,CSRSubmitted,b2c4b16cbad3606d780d65fa4db0ecc2bcd5c442e5de79c3f78e95c48ab19894,314,7512,7437,8483,7512,971,1,971,0
run_003,csr,csr-irs3-1772868619,csr-irs3-1772868619,csr_voted,CSRVoted,944e5fa14d48498dfbc79d86d6eedbedf6ab95d97ac72b74f82da09d8253987a,315,7780,7705,39883,38896,987,5,197.4,0
run_003,csr,csr-irs3-1772868619,csr-irs3-1772868619,csr_voted,CSRVoted,68b5c5a581b6c35ed43e8ab5234099f2d47917313f2aa923f97e88a109a92959,316,7954,7879,32816,31832,984,4,246,0
run_003,csr,csr-irs3-1772868619,csr-irs3-1772868619,signing_initiated,SigningInitiated,ac20b574bb911b9e3108dcd86af1225146e3534b3ce3627ab9e13993987e3cdb,317,7852,7777,24534,23555,979,3,326.333333,0
run_003,csr,csr-irs3-1772868619,csr-irs3-1772868619,signing_initiated,SigningInitiated,dd41560c142cb4e7da67452e91a483ea2047a34d696c24035dbc98a694c836d0,318,8035,7960,17050,16076,974,2,487,0
run_003,csr,csr-irs3-1772868619,csr-irs3-1772868619,signing_initiated,SigningInitiated,277d8da744b57f0cb5fe1ed11c2f25c6023eb95e2e7a4a8c49e2055a4911b025,319,8220,8145,9191,8220,971,1,971,0
run_003,csr,csr-irs3-1772868619,csr-irs3-1772868619,threshold_reached,ThresholdReached,b3e7f9f22d04c8dfc96ce499a2ec756d88e7d0298ca8b84b22a66ca9b981f0df,321,6332,6257,26324,25340,984,4,246,0
run_003,csr,csr-irs3-1772868619,csr-irs3-1772868619,certificate_registered,CertificateRegistered,feeb0c74c60569da48b326f2645265a90c51f886d43ced204611cba5e5362576,322,12876,12800,26724,25749,975,2,487.5,0
run_003,revocation,revoke-irs3-1772868656,revoke-irs3-1772868656,revocation_proposed,RevocationProposed,57991a03a8ce1a190fb517163d96ab585cdd1e97367894d20c41da24709c9c0f,324,6153,6077,7124,6153,971,1,971,0
run_003,revocation,revoke-irs3-1772868656,revoke-irs3-1772868656,revocation_voted,RevocationVoted,3a71d416589c03840d986c4e4d2c47d46c0c4b77640960f7d0da35954e0af178,325,6715,6640,27833,26849,984,4,246,0
run_003,revocation,revoke-irs3-1772868656,revoke-irs3-1772868656,revocation_voted,RevocationVoted,a35f04ba3928718c7993b191b6ebf8a1efea3565e29041819db457348920f764,326,6897,6822,28558,27574,984,4,246,0
run_003,revocation,revoke-irs3-1772868656,revoke-irs3-1772868656,certificate_revoked,NodeRevoked,d80e23dc248baffb01a8a3ce358f7463977850f91ceb99730f8f875333ca5541,327,10734,10658,33179,32199,980,3,326.666667,0
run_003,removal,remove-irs3-member1-1772868675,remove-irs3-member1-1772868675,member_removal_proposed,MemberRemovalProposed,0f2536978de3014e43a16360a5b1614e0d959b61e1a9440195497fff71f7fc46,328,6884,6808,7854,6884,970,1,970,0
run_003,removal,remove-irs3-member1-1772868675,remove-irs3-member1-1772868675,member_removal_voted,MemberRemovalVoted,0cb72c452a09cadb6dedc793a7bc919c193bc642bdcd2c2bb50956c6a6e1926c,329,7073,6997,22208,21228,980,3,326.666667,0
run_003,removal,remove-irs3-member1-1772868675,remove-irs3-member1-1772868675,member_removal_voted,MemberRemovalVoted,80bd5decf8758efb4304f460e985a6c200e781eb10bb5f5f081b7456e2393ae4,330,7255,7179,29995,29011,984,4,246,0
run_003,removal,remove-irs3-member1-1772868675,remove-irs3-member1-1772868675,member_removed,MemberRemoved,4725cd4016840535dd1f3868d142af2c53b0dd2e366d1cc49a0a51e29c5f1676,331,10338,10262,31998,31019,979,3,326.333333,0
run_003,join,join-irs3-1772868732,join-irs3-1772868732,member_join_requested,MemberJoinRequested,73bd4ae6a3ba83c0878adf63de4ba6fd6a14e7feca9b0e476eb12467d1c718ca,340,7307,7231,8277,7307,970,1,970,0
run_003,join,join-irs3-1772868732,join-irs3-1772868732,member_join_voted,MemberJoinVoted,c79c938c5f12c376d3b0b0c53fded7e6b9d26c005bd1630790a3dc70599db01a,341,7805,7729,24396,23416,980,3,326.666667,0
run_003,join,join-irs3-1772868732,join-irs3-1772868732,member_join_approved,MemberJoinApproved,6191c995cc5c11409847d5b9a2c055ed74e68c436997ee13c2df8db613eaea2d,342,11290,11214,34859,33879,980,3,326.666667,0
run_004,csr,csr-irs3-1772868795,csr-irs3-1772868795,csr_submitted,CSRSubmitted,9895e728d00704872748732a9d4f0c823170a120317a087ecf7460a1ab50cd68,353,7513,7437,8484,7513,971,1,971,0
run_004,csr,csr-irs3-1772868795,csr-irs3-1772868795,csr_voted,CSRVoted,ac6721db26602b6cee7e282364b4f699129e8dea17d3c5af8f7cb5b40dfc9120,354,7782,7707,24329,23349,980,3,326.666667,0
run_004,csr,csr-irs3-1772868795,csr-irs3-1772868795,csr_voted,CSRVoted,b1fe97c55be96263b0e320190f68fc3c671e363b599cb21c75441e6fe0564c1f,355,7958,7882,32823,31839,984,4,246,0
run_004,csr,csr-irs3-1772868795,csr-irs3-1772868795,signing_initiated,SigningInitiated,ac4ed595a5fd29915ca3b701ba137fd99fed40a688179c236d3b96a71df9cd88,356,7853,7777,24544,23565,979,3,326.333333,0
run_004,csr,csr-irs3-1772868795,csr-irs3-1772868795,signing_initiated,SigningInitiated,c84fda70d8bba1c9c84d64e2b4603bfeb8b0dad08a5ec57599aef8930e7165fe,357,8044,7969,17058,16083,975,2,487.5,0
run_004,csr,csr-irs3-1772868795,csr-irs3-1772868795,signing_initiated,SigningInitiated,8959112bf3aff54d1377afbf25820424a7b5ded0bddd6714414c99e1d381e6b4,358,8220,8144,9191,8220,971,1,971,0
run_004,csr,csr-irs3-1772868795,csr-irs3-1772868795,threshold_reached,ThresholdReached,22ecf6f7f79d7b5848dfa49f993586992cdd7eed689edd62906d2f18fbb5bf3c,360,6337,6262,26318,25335,983,4,245.75,0
run_004,csr,csr-irs3-1772868795,csr-irs3-1772868795,certificate_registered,CertificateRegistered,ee2022684611f1aa26e4da165466616b0c642b8c636c3767791ce0eb0b735e20,361,12884,12808,26733,25757,976,2,488,0
run_004,revocation,revoke-irs3-1772868832,revoke-irs3-1772868832,revocation_proposed,RevocationProposed,2304ca9785b1d0ab190e311d09647fe31c9447f3bbcf51b452802bcbee6086d0,363,6157,6081,7127,6157,970,1,970,0
run_004,revocation,revoke-irs3-1772868832,revoke-irs3-1772868832,revocation_voted,RevocationVoted,671405fb665df1cbef91ec5eb95bd1d13943fc75ff8e25dfdf64fdebb945963d,364,6718,6642,34559,33571,988,5,197.6,0
run_004,revocation,revoke-irs3-1772868832,revoke-irs3-1772868832,revocation_voted,RevocationVoted,2af2535a9c5a31d5e0692da80093d8ccc91d1ae410531ffb4f0da7684962429b,365,6892,6817,28563,27579,984,4,246,0
run_004,revocation,revoke-irs3-1772868832,revoke-irs3-1772868832,certificate_revoked,NodeRevoked,a5a40ae7969bbab22bc1bf169f4a36aabd5ecb595a596bf9d91ae5ed3bcf8f0f,366,10738,10662,33183,32204,979,3,326.333333,0
run_004,removal,remove-irs3-member1-1772868851,remove-irs3-member1-1772868851,member_removal_proposed,MemberRemovalProposed,262bd7ba1c3012616ce6e6bd4eddf7afff4b55b33728343c3953cdce9861a57a,367,7035,6959,8005,7035,970,1,970,0
run_004,removal,remove-irs3-member1-1772868851,remove-irs3-member1-1772868851,member_removal_voted,MemberRemovalVoted,2a435af59311cd735f0bb57d7655e01fd9463f9499fdbe42bb007008bf392b6b,368,7112,7036,29441,28458,983,4,245.75,0
run_004,removal,remove-irs3-member1-1772868851,remove-irs3-member1-1772868851,member_removal_voted,MemberRemovalVoted,6c7425b46d62e6a63ad74dab59bdb81284f75d4c2b30a24efe1e2460eb2c52b0,369,7297,7222,30152,29169,983,4,245.75,0
run_004,removal,remove-irs3-member1-1772868851,remove-irs3-member1-1772868851,member_removed,MemberRemoved,a7cb4fd37d662e0310e8c367577b3b59f97b6a61e2b86a64d01f2a0e57b506d9,370,10374,10298,32102,31123,979,3,326.333333,0
run_004,join,join-irs3-1772868908,join-irs3-1772868908,member_join_requested,MemberJoinRequested,4ad5bf2ef7d9fb2fc87fd1ec1e434ef200c0b961df3d6321941000e22e0fbe27,379,7459,7384,8429,7459,970,1,970,0
run_004,join,join-irs3-1772868908,join-irs3-1772868908,member_join_voted,MemberJoinVoted,3efa3012169c5145317b445458bcb41b938a52bff87e5940392d154fdbddb363,380,7844,7769,24509,23529,980,3,326.666667,0
run_004,join,join-irs3-1772868908,join-irs3-1772868908,member_join_approved,MemberJoinApproved,33ed1848c4953d36d06bd21f327217497f2a52564612d7e40401c6672b14b557,381,11327,11251,31483,30504,979,3,326.333333,1
run_005,csr,csr-irs3-1772868971,csr-irs3-1772868971,csr_submitted,CSRSubmitted,80cbc537de1225ae27107a38c4b84e6286e956f2eb1e2059e328044937716e39,392,7515,7439,8486,7515,971,1,971,0
run_005,csr,csr-irs3-1772868971,csr-irs3-1772868971,csr_voted,CSRVoted,cdefaba5ff4e4e34d5422da574385162f82822d0cc8e5c868fe7db7e854882d4,393,7781,7705,32105,31121,984,4,246,0
run_005,csr,csr-irs3-1772868971,csr-irs3-1772868971,csr_voted,CSRVoted,1ea9fa4cce96ed1ea70e4571cd9dc3ff098ea26a589aebd715dc56bffe7abc2f,394,7960,7884,32812,31829,983,4,245.75,0
run_005,csr,csr-irs3-1772868971,csr-irs3-1772868971,signing_initiated,SigningInitiated,ef4efa4b5060d60ed2e4da9aad4c933077b07692f976d5c81a6f31d45aa20b1a,395,7848,7773,24536,23557,979,3,326.333333,0
run_005,csr,csr-irs3-1772868971,csr-irs3-1772868971,signing_initiated,SigningInitiated,243bbd6423cde138e64466d69b803a008b4239448b2fb7f0f671ee6d64f9c13d,396,8036,7961,17043,16068,975,2,487.5,0
run_005,csr,csr-irs3-1772868971,csr-irs3-1772868971,signing_initiated,SigningInitiated,92758a0926d812e06311676e704f787d6e4dc5d2fc0d45de964282152d814512,397,8216,8140,9187,8216,971,1,971,0
run_005,csr,csr-irs3-1772868971,csr-irs3-1772868971,threshold_reached,ThresholdReached,348b9d10d263148b494ff8f74c01a44db563f6d4d93e6e52d204f71af16c4c46,399,6337,6261,26334,25350,984,4,246,0
run_005,csr,csr-irs3-1772868971,csr-irs3-1772868971,certificate_registered,CertificateRegistered,0d3aea5f677f207b1c35b534e2bea2174d6b79f3792b6c24a2d38bcc8efbd373,400,12880,12805,26729,25753,976,2,488,0
run_005,revocation,revoke-irs3-1772869009,revoke-irs3-1772869009,revocation_proposed,RevocationProposed,04e275e4f8c13fab377f829222b9b42f49e7781c29f2484bba041aef361766a0,402,6159,6084,7130,6159,971,1,971,0
run_005,revocation,revoke-irs3-1772869009,revoke-irs3-1772869009,revocation_voted,RevocationVoted,1f5a3c83a56c88b2e12f0239551ba9e712e9b2b859623310d653f0dc7b85391b,403,6720,6644,34572,33585,987,5,197.4,0
run_005,revocation,revoke-irs3-1772869009,revoke-irs3-1772869009,revocation_voted,RevocationVoted,46e5d259147a10e0b04bac7f83f9dbe8309f379a7595791dc97f7342fe371778,404,6896,6821,28567,27583,984,4,246,0
run_005,revocation,revoke-irs3-1772869009,revoke-irs3-1772869009,certificate_revoked,NodeRevoked,f0edd3e908519b919e3a2528be41610598a57fb0f64c2a3ab5155d3abda5d49c,405,10732,10657,33186,32207,979,3,326.333333,0
run_005,removal,remove-irs3-member1-1772869029,remove-irs3-member1-1772869029,member_removal_proposed,MemberRemovalProposed,c19f5bbea0a98a5d4e38e138824a4bc4c04239b2d73f3822a614725168a80fbb,406,7177,7101,8147,7177,970,1,970,0
run_005,removal,remove-irs3-member1-1772869029,remove-irs3-member1-1772869029,member_removal_voted,MemberRemovalVoted,f706d9bdfc43ae20789ab737668b2e45675fa67e097405539a57401ddbb4c44e,407,7153,7078,22437,21457,980,3,326.666667,0
run_005,removal,remove-irs3-member1-1772869029,remove-irs3-member1-1772869029,member_removal_voted,MemberRemovalVoted,a46ee6175b7aa735c05f5ff00c6b24880fa7d5e2177d5ce24be29bd07afe131f,408,7325,7250,30118,29134,984,4,246,1
run_005,removal,remove-irs3-member1-1772869029,remove-irs3-member1-1772869029,member_removed,MemberRemoved,9e68ccc1dfafd58bbb337099aac9e118efec99df4511dc1839f540bc6932a485,409,10420,10344,32236,31256,980,3,326.666667,0
run_005,join,join-irs3-1772869086,join-irs3-1772869086,member_join_requested,MemberJoinRequested,0eb87c101893b9b8532daab98082156af95a71a3bd3e21bcdf6660f1eb724313,418,7607,7531,8577,7607,970,1,970,0
run_005,join,join-irs3-1772869086,join-irs3-1772869086,member_join_voted,MemberJoinVoted,1e6a3fbd29458f30200aa53ef9d9d3b2ef1c359bf9c310cac6b3f33c179436db,419,7879,7804,16742,15768,974,2,487,0
run_005,join,join-irs3-1772869086,join-irs3-1772869086,member_join_approved,MemberJoinApproved,d7a4b995b385e5910d7fa80f20ca4f6a716e80aca9e89d18d00b17ee647c1e1e,420,11368,11292,35079,34100,979,3,326.333333,0
run_006,csr,csr-irs3-1772869149,csr-irs3-1772869149,csr_submitted,CSRSubmitted,d74f2f5406cb199261b75d7a521e6d7d80b09a4d9da3d4fca8c6f890ed728db8,431,7502,7427,8472,7502,970,1,970,0
run_006,csr,csr-irs3-1772869149,csr-irs3-1772869149,csr_voted,CSRVoted,a7166171c4657ef0b6622f6618d5143151eb4b1e57cf0a21b809c9a701f30724,432,7778,7703,39863,38876,987,5,197.4,0
run_006,csr,csr-irs3-1772869149,csr-irs3-1772869149,csr_voted,CSRVoted,2f3286cacdca459fbc97bccd84b8cca3ef649bb6be9c2d9ed2cc8c147f984508,433,7956,7881,32806,31822,984,4,246,0
run_006,csr,csr-irs3-1772869149,csr-irs3-1772869149,signing_initiated,SigningInitiated,539abaaf8b22dfe2afd71dcc3872463d4f56b4f2f85a3dad38b5c7b714aebebb,434,7850,7774,24527,23547,980,3,326.666667,0
run_006,csr,csr-irs3-1772869149,csr-irs3-1772869149,signing_initiated,SigningInitiated,7f1fd309d664da98eca0af90f69e75182a9d788e1d29fd26f80af57e2e742fed,435,8037,7962,17045,16071,974,2,487,0
run_006,csr,csr-irs3-1772869149,csr-irs3-1772869149,signing_initiated,SigningInitiated,6aae5114ad5abcc62b3b665ba64d4880105bc4c20fab0e0a21dd058e31b0afeb,436,8212,8137,37031,36040,991,6,165.166667,0
run_006,csr,csr-irs3-1772869149,csr-irs3-1772869149,threshold_reached,ThresholdReached,e522d09be1f5522f9500a680f4a37f2f3134ee7cb9e86ed3613c981d7740377d,438,6334,6259,26314,25330,984,4,246,0
run_006,csr,csr-irs3-1772869149,csr-irs3-1772869149,certificate_registered,CertificateRegistered,da24fe3fc2ec55a8f16826bf549d1b65afbc6450dcabbbd4bd06c68b60a5701d,439,12883,12808,26734,25758,976,2,488,0
run_006,revocation,revoke-irs3-1772869189,revoke-irs3-1772869189,revocation_proposed,RevocationProposed,f22903b73bf598979849f4bf82c388dc4fd87678a8147d095cf0ce78030b3f34,441,6158,6082,7128,6158,970,1,970,0
run_006,revocation,revoke-irs3-1772869189,revoke-irs3-1772869189,revocation_voted,RevocationVoted,ff8584f5f329842e89ce5f6dab82c447eee0cdf3f745512e8b4a843a309855db,442,6721,6646,34558,33570,988,5,197.6,0
run_006,revocation,revoke-irs3-1772869189,revoke-irs3-1772869189,revocation_voted,RevocationVoted,28302a2a4b69aaaf6f4657ed46bd6e9815618ccd5e1b144791093a71aece5fac,443,6893,6818,28560,27577,983,4,245.75,0
run_006,revocation,revoke-irs3-1772869189,revoke-irs3-1772869189,certificate_revoked,NodeRevoked,a86f6a1d1449ddb61339c17df336ea6b0203f0c8c5a83db643450560e7ff4e3c,444,10740,10664,33198,32219,979,3,326.333333,0
run_006,removal,remove-irs3-member1-1772869208,remove-irs3-member1-1772869208,member_removal_proposed,MemberRemovalProposed,f2720dd3b4b681ed3d6b092d924425ae89b3465d0d38c336d482ca67166874e3,445,7324,7249,8295,7324,971,1,971,0
run_006,removal,remove-irs3-member1-1772869208,remove-irs3-member1-1772869208,member_removal_voted,MemberRemovalVoted,2212dbffc0a19c619a96f423a2e10607f609f69507619607e5741b05eb48bb7b,446,7187,7112,29728,28744,984,4,246,0
run_006,removal,remove-irs3-member1-1772869208,remove-irs3-member1-1772869208,member_removal_voted,MemberRemovalVoted,2315ec10e2e7b3fa2910a93933df888abfac2fe90281bf9299bcc8b8f5cc22ef,447,7371,7295,30452,29468,984,4,246,0
run_006,removal,remove-irs3-member1-1772869208,remove-irs3-member1-1772869208,member_removed,MemberRemoved,2047eef5d18d0ad12d6a6a8e0fd7febefe2feff5077900e5b9f5e27b00b6d5a7,448,10450,10375,32338,31359,979,3,326.333333,0
run_006,join,join-irs3-1772869265,join-irs3-1772869265,member_join_requested,MemberJoinRequested,b277a347eacb1380196fb1f5c92a425b0be6f0391cab4617e7143c69c72fad26,457,7748,7673,8719,7748,971,1,971,0
run_006,join,join-irs3-1772869265,join-irs3-1772869265,member_join_voted,MemberJoinVoted,46fdb2d6c2a19d11d04d498893c87b03d0fb1536cc387013d49278df39aa7683,458,7917,7841,24739,23760,979,3,326.333333,0
run_006,join,join-irs3-1772869265,join-irs3-1772869265,member_join_approved,MemberJoinApproved,ab6a6054de9bff5d91faa5b905d391b0dff7acda464facd6262e1f3628c865c2,459,11404,11329,31710,30730,980,3,326.666667,1
run_007,csr,csr-irs3-1772869328,csr-irs3-1772869328,csr_submitted,CSRSubmitted,c9c95c0ef9684c61587baf4e98e8df9bd42a13e2fa52c9ccf6ee79783dc3c45b,470,7513,7438,8484,7513,971,1,971,0
run_007,csr,csr-irs3-1772869328,csr-irs3-1772869328,csr_voted,CSRVoted,6e85b587c2a527fab40514ab6ec7338aa5b5d2687e01a72dd4727e8efa875d33,471,7777,7701,32094,31111,983,4,245.75,0
run_007,csr,csr-irs3-1772869328,csr-irs3-1772869328,csr_voted,CSRVoted,2ebf9da194bce0cd8b7acdfbd8a7b434e5086937bf12da5e76cda6f42f5b4bc4,472,7962,7887,32822,31838,984,4,246,0
run_007,csr,csr-irs3-1772869328,csr-irs3-1772869328,signing_initiated,SigningInitiated,e89481fb36f25d96d569eaefed258ab650af4786c3e503310ca51af817029588,473,7856,7781,24543,23564,979,3,326.333333,0
run_007,csr,csr-irs3-1772869328,csr-irs3-1772869328,signing_initiated,SigningInitiated,d68c0f75dcf7ddb1a6c1369fe4d66f84047660eede7380898e96ad19c5f7451c,474,8040,7965,17055,16080,975,2,487.5,0
run_007,csr,csr-irs3-1772869328,csr-irs3-1772869328,signing_initiated,SigningInitiated,060873eabd1668e504af4b88ab6cfecba738380226dcc2ba57a1eab46eed9899,475,8221,8145,9191,8221,970,1,970,0
run_007,csr,csr-irs3-1772869328,csr-irs3-1772869328,threshold_reached,ThresholdReached,e34f418a2c27f64460cda57a7a9fe60cc98d56e5a7aff21cfc4ea96067400b5f,477,6341,6265,26333,25350,983,4,245.75,0
run_007,csr,csr-irs3-1772869328,csr-irs3-1772869328,certificate_registered,CertificateRegistered,38c1d012f1bef6b9d21db6e03d43235212bd26933fe1d10aa68f7b1d22c88778,478,12888,12813,26750,25775,975,2,487.5,0
run_007,revocation,revoke-irs3-1772869367,revoke-irs3-1772869367,revocation_proposed,RevocationProposed,e295b6b85d3d4542296f611ef05ff6f981ae9662001b2425979309d5e7477135,480,6155,6079,7125,6155,970,1,970,0
run_007,revocation,revoke-irs3-1772869367,revoke-irs3-1772869367,revocation_voted,RevocationVoted,73fb7fa01aaba0b17b7017a92815f866459f597403fcddcdbeffc0f229cc9d11,481,6722,6646,34573,33586,987,5,197.4,0
run_007,revocation,revoke-irs3-1772869367,revoke-irs3-1772869367,revocation_voted,RevocationVoted,026dce837afd3509dfe876f8cb523047d667e6059a88e123ac881d51ca3f9356,482,6896,6821,28573,27589,984,4,246,0
run_007,revocation,revoke-irs3-1772869367,revoke-irs3-1772869367,certificate_revoked,NodeRevoked,b6fe60316626e728262ece7b50bc4d3e78afbc29822e2825152061eff69ed995,483,10740,10665,33201,32222,979,3,326.333333,0
run_007,removal,remove-irs3-member1-1772869385,remove-irs3-member1-1772869385,member_removal_proposed,MemberRemovalProposed,8c654f8cea59fd9824a5076260468cefb9dcd19768ffcb396b82999e1083eb1f,484,7469,7393,8440,7469,971,1,971,0
run_007,removal,remove-irs3-member1-1772869385,remove-irs3-member1-1772869385,member_removal_voted,MemberRemovalVoted,777ef91da67b59cbd4cab441c7a0edd8c6770d4d71f253cc235a3c2e4357dec1,485,7224,7149,29884,28900,984,4,246,0
run_007,removal,remove-irs3-member1-1772869385,remove-irs3-member1-1772869385,member_removal_voted,MemberRemovalVoted,b3e77e82e9c4ce5592e50ba2090f23ebf4bdc06b6fbd9df853dcbd426ca33057,486,7409,7334,30603,29620,983,4,245.75,0
run_007,removal,remove-irs3-member1-1772869385,remove-irs3-member1-1772869385,member_removed,MemberRemoved,d6fb21fb9964ab4d9806a975664258fca1f1c569c7f0e5a75a4d3614ab091d88,487,10486,10410,32447,31467,980,3,326.666667,0
run_007,join,join-irs3-1772869442,join-irs3-1772869442,member_join_requested,MemberJoinRequested,b031121391a07c16d30a2a2904b88100de3c9cf7ddbdcd8a812e989116be691f,496,7898,7823,8868,7898,970,1,970,0
run_007,join,join-irs3-1772869442,join-irs3-1772869442,member_join_voted,MemberJoinVoted,9efd5cb663aa97ca07191f065c78f643828a14f3e7615a7dfedba67cee04904c,497,7960,7885,24861,23882,979,3,326.333333,0
run_007,join,join-irs3-1772869442,join-irs3-1772869442,member_join_approved,MemberJoinApproved,826ceecf1cf16a03dd1e92718a2835e86c6c7a179bc4423d3b34fe43c548123e,498,11441,11366,31827,30847,980,3,326.666667,1
run_008,csr,csr-irs3-1772869505,csr-irs3-1772869505,csr_submitted,CSRSubmitted,10080f768a2ebdc54b54a19db425a8a08b850d4d315fa17368ac0fa3b23982a5,509,7510,7435,8480,7510,970,1,970,0
run_008,csr,csr-irs3-1772869505,csr-irs3-1772869505,csr_voted,CSRVoted,9081a325b1d18a70573cad9f4a468bbd4bf63ee2e98b729cde11635365c21858,510,7779,7703,24316,23337,979,3,326.333333,0
run_008,csr,csr-irs3-1772869505,csr-irs3-1772869505,csr_voted,CSRVoted,a50bfa382b9746c92bf4cb3408df088820cac97e858129f37b933a3e8a70eeeb,511,7956,7881,32627,31644,983,4,245.75,1
run_008,csr,csr-irs3-1772869505,csr-irs3-1772869505,signing_initiated,SigningInitiated,2d961b7ce1fe841c2472f54635b06f416cd4c7eaf2460237dc71a47d1c83fb51,512,7858,7783,24548,23569,979,3,326.333333,0
run_008,csr,csr-irs3-1772869505,csr-irs3-1772869505,signing_initiated,SigningInitiated,5df420e472cc9efbe4c7c6ff0995935e56099220869e5773eac65c1257891ec7,513,8035,7959,17050,16077,973,2,486.5,0
run_008,csr,csr-irs3-1772869505,csr-irs3-1772869505,signing_initiated,SigningInitiated,5ba5ea89dbfe6f0634d565d2729ea372d2dbc16bb47227e5c7c6f86186caf66e,514,8220,8145,37054,36063,991,6,165.166667,0
run_008,csr,csr-irs3-1772869505,csr-irs3-1772869505,threshold_reached,ThresholdReached,bceeab9c4f71611cf6ba72189041ff4385af58d6c575cb4d0e459c32db3cd0e6,516,6333,6258,26334,25351,983,4,245.75,0
run_008,csr,csr-irs3-1772869505,csr-irs3-1772869505,certificate_registered,CertificateRegistered,fd773ab50ef4cc172cbeeefe1f6a0b574395719362a022a22dcd6be3a3635b90,517,12875,12800,26731,25755,976,2,488,0
run_008,revocation,revoke-irs3-1772869541,revoke-irs3-1772869541,revocation_proposed,RevocationProposed,229aee7b43b8d3ccb9dab2705f8e308ce617e5dbfeed6dac114d7b0383fef33a,519,6159,6084,7129,6159,970,1,970,0
run_008,revocation,revoke-irs3-1772869541,revoke-irs3-1772869541,revocation_voted,RevocationVoted,e87e726dbcb534ed094ceb05e892f304651bdc73d2ee0696bb4db5fb7c5225f7,520,6713,6638,27843,26859,984,4,246,0
run_008,revocation,revoke-irs3-1772869541,revoke-irs3-1772869541,revocation_voted,RevocationVoted,8be75b59a270b366e841ba3118afcbba553b7420e54001ef745f4f170251bda0,521,6902,6827,28573,27590,983,4,245.75,0
run_008,revocation,revoke-irs3-1772869541,revoke-irs3-1772869541,certificate_revoked,NodeRevoked,c8b6479f4c3d13526bdc15afce42d2d62f2e86e6b442a701660b6c48297e6e1b,522,10738,10662,33174,32194,980,3,326.666667,0
run_008,removal,remove-irs3-member1-1772869559,remove-irs3-member1-1772869559,member_removal_proposed,MemberRemovalProposed,29ef57b4d5479ac78d4a024cd3e5a1cfda5e7f5febf352710d6c9aea4f9f7bee,523,7618,7542,8589,7618,971,1,971,0
run_008,removal,remove-irs3-member1-1772869559,remove-irs3-member1-1772869559,member_removal_voted,MemberRemovalVoted,2c2526c4ef8ec80de469aa9642cd05b95369e027ef86201b06c7f271e6a8e9ac,524,7263,7188,22768,21789,979,3,326.333333,0
run_008,removal,remove-irs3-member1-1772869559,remove-irs3-member1-1772869559,member_removal_voted,MemberRemovalVoted,b5d0ddd61160798f49c2a61a513f32d40d5b42cf5585811d7511628231c25212,525,7442,7366,30577,29593,984,4,246,1
run_008,removal,remove-irs3-member1-1772869559,remove-irs3-member1-1772869559,member_removed,MemberRemoved,d07279b1806414d37511aade76b7c742080b845de2ffc27f0e3530df539955cc,526,10531,10455,32564,31584,980,3,326.666667,0
run_008,join,join-irs3-1772869615,join-irs3-1772869615,member_join_requested,MemberJoinRequested,f2f498e22a9b5549bd70799a81371830947ee52bb58663607d7763d46eb05aed,535,8046,7970,9017,8046,971,1,971,0
run_008,join,join-irs3-1772869615,join-irs3-1772869615,member_join_voted,MemberJoinVoted,ee9fa198f735c7363c3562ce5ec40638c8539addd31f7874a83d636ccecd2b8f,536,8001,7925,32975,31992,983,4,245.75,0
run_008,join,join-irs3-1772869615,join-irs3-1772869615,member_join_approved,MemberJoinApproved,23d335af31800be2e3347d40cec6f10b49bcbf4a2ae52f97d23d3384d182e9be,537,11478,11402,35414,34434,980,3,326.666667,0
run_009,csr,csr-irs3-1772869680,csr-irs3-1772869680,csr_submitted,CSRSubmitted,1eb9baaf7dde8adc701f15966be3b45545e96a2a7857af166e47d3f046974f22,548,7515,7439,8485,7515,970,1,970,0
run_009,csr,csr-irs3-1772869680,csr-irs3-1772869680,csr_voted,CSRVoted,9eaadebef98bb9b7d7ae870bdec406c6ce54f355ea1a89dd110c66c0b8cbc5e2,549,7780,7705,24317,23337,980,3,326.666667,0
run_009,csr,csr-irs3-1772869680,csr-irs3-1772869680,csr_voted,CSRVoted,9459605ee52462d7b7213eed9dd875770b561fdfa547e5c25b0f17c2ad8ba110,550,7955,7879,32822,31838,984,4,246,0
run_009,csr,csr-irs3-1772869680,csr-irs3-1772869680,signing_initiated,SigningInitiated,1eae395b5eebd48c1f26fbd9477157dfa4202f28fe42cfe5ee402bed88648841,551,7849,7774,24541,23562,979,3,326.333333,0
run_009,csr,csr-irs3-1772869680,csr-irs3-1772869680,signing_initiated,SigningInitiated,c785c5bcecc6b3da83c449c136d1442f30ca4f7013733cfd941987bc56aeaee7,552,8046,7970,17059,16084,975,2,487.5,0
run_009,csr,csr-irs3-1772869680,csr-irs3-1772869680,signing_initiated,SigningInitiated,c40f9eef225d89303207e3afdca32e5a69aa9c62e2b40fb2cc97c874e1fbe71a,553,8222,8146,37060,36068,992,6,165.333333,0
run_009,csr,csr-irs3-1772869680,csr-irs3-1772869680,threshold_reached,ThresholdReached,aeecdab7d1102f795320fa84145d69c293fd36bbfc48b069e8eac1fa68c817e3,555,6337,6262,26328,25344,984,4,246,0
run_009,csr,csr-irs3-1772869680,csr-irs3-1772869680,certificate_registered,CertificateRegistered,e4ec040cf80e7b2a23c0b5b4245f9f7d7c7daaa5ec3b786e58655b29c3d2584f,556,12877,12801,26726,25751,975,2,487.5,0
run_009,revocation,revoke-irs3-1772869718,revoke-irs3-1772869718,revocation_proposed,RevocationProposed,9dee675ef050fefb07f112a598eb09e13b1465f249be0e5974a7c5f98b4c991b,558,6156,6080,7126,6156,970,1,970,0
run_009,revocation,revoke-irs3-1772869718,revoke-irs3-1772869718,revocation_voted,RevocationVoted,a3b58bf94395577ec7680bf41cf561522450e1bf133f03e7c1d103eeb0b212a4,559,6720,6645,34568,33580,988,5,197.6,0
run_009,revocation,revoke-irs3-1772869718,revoke-irs3-1772869718,revocation_voted,RevocationVoted,45e8496a93e2eb50bb88662c8accc327436255f180ac1f1d6e7890b593d6bb8e,560,6893,6818,28557,27574,983,4,245.75,0
run_009,revocation,revoke-irs3-1772869718,revoke-irs3-1772869718,certificate_revoked,NodeRevoked,cd397fc47c2135668435f354d19bc14785553841cf4e977fecde328e8eab25e0,561,10737,10662,33183,32204,979,3,326.333333,0
run_009,removal,remove-irs3-member1-1772869736,remove-irs3-member1-1772869736,member_removal_proposed,MemberRemovalProposed,ae17b84a1f8ed0af331a3ea3364ced4e81c19e85834be9824053a43a05f05393,562,7765,7689,8736,7765,971,1,971,0
run_009,removal,remove-irs3-member1-1772869736,remove-irs3-member1-1772869736,member_removal_voted,MemberRemovalVoted,045fccafaac4d510eb394b8ebc004fc3e9bdb0c0fa594450499813b46ef61fb2,563,7304,7228,30193,29210,983,4,245.75,0
run_009,removal,remove-irs3-member1-1772869736,remove-irs3-member1-1772869736,member_removal_voted,MemberRemovalVoted,8dc77d9f8e0501d72e48adccbc22d53531fcf03eb082d196aa1ed420e7f4972d,564,7488,7412,30905,29922,983,4,245.75,0
run_009,removal,remove-irs3-member1-1772869736,remove-irs3-member1-1772869736,member_removed,MemberRemoved,e3c51bfd6f60009f802603a3a9c0efa0c5a8b16f6eba912d97c4dee8e710c24c,565,10571,10495,32685,31705,980,3,326.666667,0
run_009,join,join-irs3-1772869791,join-irs3-1772869791,member_join_requested,MemberJoinRequested,992831a9291a0ca2ffdead4d5d38864b0aa8b4e2861eada0080cb2b38e9face7,574,8183,8108,9153,8183,970,1,970,0
run_009,join,join-irs3-1772869791,join-irs3-1772869791,member_join_voted,MemberJoinVoted,0930acc060db3fa4cb7aa842d536d1249c34242e0ed8cfc1b3e6631e0271dfaf,575,8037,7962,33111,32127,984,4,246,0
run_009,join,join-irs3-1772869791,join-irs3-1772869791,member_join_approved,MemberJoinApproved,ff0c4314bbbe3a5ad855f5744b0516e5285247fdee5887ee854908912d27a448,576,11519,11443,35530,34551,979,3,326.333333,0
run_010,csr,csr-irs3-1772869857,csr-irs3-1772869857,csr_submitted,CSRSubmitted,7ab1b169c888b942d88acc08e9b9367b34714cc7d6200c9b86e8002747a3492a,587,7512,7437,8483,7512,971,1,971,0
run_010,csr,csr-irs3-1772869857,csr-irs3-1772869857,csr_voted,CSRVoted,5ffd0cbd6348bf3dbbca49051090b8a59f1f8e2abdd96a7096bd441081b576f5,588,7775,7700,24309,23329,980,3,326.666667,0
run_010,csr,csr-irs3-1772869857,csr-irs3-1772869857,csr_voted,CSRVoted,a8acb34751deb471fa909532a5c0554680dec717e9e832bafae28963297f1e0e,589,7956,7881,32639,31655,984,4,246,1
run_010,csr,csr-irs3-1772869857,csr-irs3-1772869857,signing_initiated,SigningInitiated,c55dbc08fc06103755a59ea2a02663ecc69a05a41b8891658f95a01750ba84a4,590,7861,7785,24560,23581,979,3,326.333333,0
run_010,csr,csr-irs3-1772869857,csr-irs3-1772869857,signing_initiated,SigningInitiated,c867681bf02af5ee3af91d8c89f7873aaae7d9d3ed7be252eb2c1642e702777e,591,8046,7970,17062,16087,975,2,487.5,0
run_010,csr,csr-irs3-1772869857,csr-irs3-1772869857,signing_initiated,SigningInitiated,72aefd2fc4c4d3c2bf6740c1741715bb401252589cf9f19a38dabe475ece4855,592,8214,8138,37040,36048,992,6,165.333333,0
run_010,csr,csr-irs3-1772869857,csr-irs3-1772869857,threshold_reached,ThresholdReached,a7e67fe2efe3cb6fa42f2dd26a63297376088c14a1f050ccd4e1b9c921f9d073,594,6337,6262,26326,25343,983,4,245.75,0
run_010,csr,csr-irs3-1772869857,csr-irs3-1772869857,certificate_registered,CertificateRegistered,ebc3366ab5947bf13e16ffdfd50511b491deb968fcb3043358ecb4198d1f03ed,595,12875,12800,26729,25754,975,2,487.5,0
run_010,revocation,revoke-irs3-1772869894,revoke-irs3-1772869894,revocation_proposed,RevocationProposed,8034f82710b0e628a7cf0b0396c50fd20f554367664f3013d640ef83a84d2162,597,6156,6081,7127,6156,971,1,971,0
run_010,revocation,revoke-irs3-1772869894,revoke-irs3-1772869894,revocation_voted,RevocationVoted,efffe2c5a3b333759fdbfe5ac5239ffe37b6046ede4cf9bae845e97247fb257f,598,6718,6643,34558,33571,987,5,197.4,0
run_010,revocation,revoke-irs3-1772869894,revoke-irs3-1772869894,revocation_voted,RevocationVoted,15b38222f8482eee45cb73c0cb5cde153c1680896e73ab30a2e572360feb46cb,599,6894,6818,28569,27586,983,4,245.75,0
run_010,revocation,revoke-irs3-1772869894,revoke-irs3-1772869894,certificate_revoked,NodeRevoked,94f08449f1a97b09c34826ccc710e3ca4af18c916149ce90c3eea3bd3c4fc080,600,10731,10655,33166,32186,980,3,326.666667,0
run_010,removal,remove-irs3-member1-1772869913,remove-irs3-member1-1772869913,member_removal_proposed,MemberRemovalProposed,56148e52986e2cd2c30ed3ca0d4b2437a42c346844e0dc54a69a9d7c4168cbbc,601,7911,7835,8882,7911,971,1,971,0
run_010,removal,remove-irs3-member1-1772869913,remove-irs3-member1-1772869913,member_removal_voted,MemberRemovalVoted,45c9fb347906b9375a05ce6206999d2c80a476ed37cad472e8c678f2cf186896,602,7342,7267,30343,29359,984,4,246,0
run_010,removal,remove-irs3-member1-1772869913,remove-irs3-member1-1772869913,member_removal_voted,MemberRemovalVoted,b7bbc22b27fc55e56625de61ddc1f9259d844bf4f784055bbbad3b0bf147fdd1,603,7520,7444,31070,30087,983,4,245.75,0
run_010,removal,remove-irs3-member1-1772869913,remove-irs3-member1-1772869913,member_removed,MemberRemoved,5cda8502589fc3bde19f001f4d762a2499901912bf0a2c59381d4965982d7abd,604,10603,10528,32790,31810,980,3,326.666667,0
run_010,join,join-irs3-1772869970,join-irs3-1772869970,member_join_requested,MemberJoinRequested,6529626ee0b543c8d8ee5f6aba2270596d4eebcfcf3c52e8994948f0fde4fbd3,613,8332,8257,9302,8332,970,1,970,0
run_010,join,join-irs3-1772869970,join-irs3-1772869970,member_join_voted,MemberJoinVoted,a2317e15b56e967fe91750167a69002b0f80ac9881da05ed4058bf48982e3861,614,8075,7999,25191,24212,979,3,326.333333,0
run_010,join,join-irs3-1772869970,join-irs3-1772869970,member_join_approved,MemberJoinApproved,dcd34b933f10a139e36cdd75c5aa738d4b8fb7639b1baa0546afab7ea8498042,615,11553,11477,32163,31184,979,3,326.333333,1
